loan_id,action_taken,denial_reason-1,denial_reason-2,denial_reason-3,denial_reason-4,loan_amount,loan_term,interest_rate,loan_type,loan_purpose,derived_loan_product_type,hoepa_status,negative_amortization,purchaser_type,debt_to_income_ratio,total_loan_costs,property_value,preapproval,loan_term
LOAN-00001,Loan originated,Not applicable,,,,975000.0,360,5.625,Conventional,Home purchase,Conventional:First Lien,Not a high-cost mortgage,No negative amortization,Freddie Mac,30%-<36%,4795.81,1675000,Preapproval not requested,360
LOAN-00002,Purchased loan,Not applicable,,,,755000.0,360,6.62500,Conventional,Refinancing,Conventional:First Lien,Not a high-cost mortgage,No negative amortization,Fannie Mae,,4567.48,1265000,Preapproval not requested,360
LOAN-00003,Application denied,Credit application incomplete,,,,65000.0,240,,Conventional,Other purpose,Conventional:Subordinate Lien,Not applicable,No negative amortization,Not applicable,30%-<36%,,,Preapproval not requested,240
LOAN-00004,Application denied,Other,,,,175000.0,360,,USDA RHS or FSA,Home purchase,FSA/RHS:First Lien,Not applicable,No negative amortization,Not applicable,30%-<36%,,175000,Preapproval not requested,360
LOAN-00005,Loan originated,Not applicable,,,,285000.0,360,4.990,VA,Home purchase,VA:First Lien,Not a high-cost mortgage,No negative amortization,"Credit union, mortgage company, or finance company",49,700.00,285000,Preapproval not requested,360
LOAN-00006,Loan originated,Not applicable,,,,175000.0,360,6.500,FHA,Home purchase,FHA:First Lien,Not a high-cost mortgage,No negative amortization,Not applicable,47,11498.10,175000,Preapproval not requested,360
LOAN-00007,Application denied,Debt-to-income ratio,,,,255000.0,180,,Conventional,Other purpose,Conventional:First Lien,Not applicable,No negative amortization,Not applicable,>60%,,345000,Preapproval not requested,180
LOAN-00008,Loan originated,Not applicable,,,,85000.0,360,6.375,USDA RHS or FSA,Home purchase,FSA/RHS:First Lien,Not a high-cost mortgage,No negative amortization,Other type of purchaser,<20%,3836.02,75000,Preapproval not requested,360
LOAN-00009,Loan originated,Not applicable,,,,205000.0,12,9.000,Conventional,Home purchase,Conventional:First Lien,Not applicable,No negative amortization,Not applicable,,,175000,Preapproval not requested,12
LOAN-00010,Application denied,Credit application incomplete,,,,155000.0,360,,VA,Cash-out refinancing,VA:First Lien,Not applicable,No negative amortization,Not applicable,37,,265000,Preapproval not requested,360
LOAN-00011,Loan originated,Not applicable,,,,345000.0,360,7.125,FHA,Cash-out refinancing,FHA:First Lien,Not a high-cost mortgage,No negative amortization,Ginnie Mae,30%-<36%,20202.54,455000,Preapproval not requested,360
LOAN-00012,Application denied,Credit application incomplete,,,,35000.0,360,,Conventional,Other purpose,Conventional:Subordinate Lien,Not applicable,No negative amortization,Not applicable,>60%,,,Preapproval not requested,360
LOAN-00013,Loan originated,Not applicable,,,,165000.0,360,7.25,Conventional,Cash-out refinancing,Conventional:First Lien,Not a high-cost mortgage,No negative amortization,Freddie Mac,46,3673.4,285000,Preapproval not requested,360
LOAN-00014,Purchased loan,Not applicable,,,,405000.0,360,7.25,Conventional,Home purchase,Conventional:First Lien,Not a high-cost mortgage,No negative amortization,Freddie Mac,,10100.5,435000,Preapproval not requested,360
LOAN-00015,Purchased loan,Not applicable,,,,525000.0,360,7.125,Conventional,Home purchase,Conventional:First Lien,Not a high-cost mortgage,No negative amortization,Fannie Mae,,5521.52,585000,Preapproval not requested,360
LOAN-00016,Purchased loan,Not applicable,,,,155000.0,360,6.75,FHA,Home purchase,FHA:First Lien,Not a high-cost mortgage,No negative amortization,"Credit union, mortgage company, or finance company",,8060.92,155000,Preapproval not requested,360
LOAN-00017,Application denied,Credit history,,,,55000.0,,,Conventional,Other purpose,Conventional:Subordinate Lien,Not applicable,No negative amortization,Not applicable,>60%,,445000,Preapproval not requested,
LOAN-00018,Loan originated,Not applicable,,,,255000.0,60,7.740,Conventional,Other purpose,Conventional:First Lien,Not a high-cost mortgage,No negative amortization,Not applicable,30%-<36%,,975000,Preapproval not requested,60
LOAN-00019,Application denied,Debt-to-income ratio,,,,65000.0,360,,Conventional,Other purpose,Conventional:Subordinate Lien,Not applicable,No negative amortization,Not applicable,43,,485000,Preapproval not requested,360
LOAN-00020,Loan originated,Not applicable,,,,55000.0,360,11.875,Conventional,Refinancing,Conventional:Subordinate Lien,Not a high-cost mortgage,No negative amortization,Not applicable,30%-<36%,,165000,Preapproval not requested,360
LOAN-00021,Purchased loan,Not applicable,,,,245000.0,360,7.12500,FHA,Home purchase,FHA:First Lien,Not a high-cost mortgage,No negative amortization,Ginnie Mae,,8717.62,255000,Preapproval not requested,360
LOAN-00022,Loan originated,Not applicable,,,,205000.0,300,8.67,Conventional,Home purchase,Conventional:First Lien,Not a high-cost mortgage,No negative amortization,Not applicable,30%-<36%,,215000,Preapproval not requested,300
LOAN-00023,Loan originated,Not applicable,,,,445000.0,360,5.990,VA,Refinancing,VA:First Lien,Not a high-cost mortgage,No negative amortization,Ginnie Mae,,3427.28,435000,Preapproval not requested,360
LOAN-00024,Loan originated,Not applicable,,,,1505000.0,360,6.85,Conventional,Home purchase,Conventional:First Lien,Not a high-cost mortgage,No negative amortization,Not applicable,30%-<36%,9707.10,2005000,Preapproval not requested,360
LOAN-00025,Loan originated,Not applicable,,,,365000.0,360,6.243,VA,Home purchase,VA:First Lien,Not a high-cost mortgage,No negative amortization,Ginnie Mae,38,902,365000,Preapproval not requested,360
LOAN-00026,Purchased loan,Not applicable,,,,175000.0,360,6.490,Conventional,Home purchase,Conventional:First Lien,Not a high-cost mortgage,No negative amortization,Freddie Mac,,4326.28,285000,Preapproval not requested,360
LOAN-00027,Application denied,Credit history,Other,,,105000.0,360,,Conventional,Home purchase,Conventional:First Lien,Not applicable,No negative amortization,Not applicable,20%-<30%,,105000,Preapproval not requested,360
LOAN-00028,Loan originated,1111,,,,85000.0,300,9.54,Conventional,Home purchase,Conventional:First Lien,Not a high-cost mortgage,No negative amortization,Not applicable,20%-<30%,2600.35,,Preapproval not requested,300
LOAN-00029,Loan originated,Not applicable,,,,415000.0,360,6.5,Conventional,Refinancing,Conventional:First Lien,Not a high-cost mortgage,No negative amortization,Fannie Mae,40,7792.52,435000,Preapproval not requested,360
LOAN-00030,Application denied,Debt-to-income ratio,,,,65000.0,,,Conventional,Other purpose,Conventional:Subordinate Lien,Not applicable,No negative amortization,Not applicable,,,375000,Preapproval not requested,
LOAN-00031,Application denied,Collateral,Credit application incomplete,Other,,305000.0,360,,Conventional,Refinancing,Conventional:Subordinate Lien,Not applicable,No negative amortization,Not applicable,50%-60%,,605000,Preapproval not requested,360
LOAN-00032,Purchased loan,Not applicable,,,,135000.0,360,6.990,Conventional,Home improvement,Conventional:First Lien,High-cost mortgage,No negative amortization,Freddie Mac,,7911.56,215000,Preapproval not requested,360
LOAN-00033,Loan originated,Not applicable,,,,255000.0,360,7.25,Conventional,Home purchase,Conventional:First Lien,Not a high-cost mortgage,No negative amortization,Freddie Mac,46,5294.74,315000,Preapproval not requested,360
LOAN-00034,Application denied,Debt-to-income ratio,,,,335000.0,360,,FHA,Home purchase,FHA:First Lien,Not applicable,No negative amortization,Not applicable,>60%,,335000,Preapproval not requested,360
LOAN-00035,Application denied,Debt-to-income ratio,,,,105000.0,240,,Conventional,Home purchase,Conventional:First Lien,Not applicable,No negative amortization,Not applicable,>60%,,105000,Preapproval not requested,240
LOAN-00036,Application denied,Unverifiable information,,,,95000.0,240,,Conventional,Refinancing,Conventional:First Lien,Not applicable,No negative amortization,Not applicable,39,,125000,Preapproval not requested,240
LOAN-00037,Application denied,Other,,,,45000.0,360,,Conventional,Home improvement,Conventional:Subordinate Lien,Not applicable,No negative amortization,Not applicable,40,,755000,Preapproval not requested,360
LOAN-00038,Loan originated,Not applicable,,,,255000.0,360,7.625,Conventional,Home purchase,Conventional:First Lien,Not a high-cost mortgage,No negative amortization,Fannie Mae,45,6011.71,315000,Preapproval not requested,360
LOAN-00039,Loan originated,Not applicable,,,,65000.0,360,7.000,USDA RHS or FSA,Home purchase,FSA/RHS:First Lien,Not a high-cost mortgage,No negative amortization,Freddie Mac,<20%,3460.06,65000,Preapproval not requested,360
LOAN-00040,Loan originated,Not applicable,,,,415000.0,360,6.99,Conventional,Home purchase,Conventional:First Lien,Not a high-cost mortgage,No negative amortization,Freddie Mac,<20%,10987.83,655000,Preapproval not requested,360
LOAN-00041,Loan originated,Not applicable,,,,55000.0,240,8.500,Conventional,Other purpose,Conventional:Subordinate Lien,Not a high-cost mortgage,No negative amortization,Not applicable,41,,725000,Preapproval not requested,240
LOAN-00042,Application denied,Credit history,Debt-to-income ratio,"Insufficient cash (downpayment, closing costs)",,425000.0,360,,FHA,Cash-out refinancing,FHA:First Lien,Not applicable,No negative amortization,Not applicable,39,,545000,Preapproval not requested,360
LOAN-00043,Loan originated,Not applicable,,,,305000.0,180,8.950,Conventional,Home purchase,Conventional:Subordinate Lien,Not a high-cost mortgage,No negative amortization,Not applicable,46,0.00,605000,Preapproval not requested,180
LOAN-00044,Application denied,Debt-to-income ratio,,,,55000.0,240,,Conventional,Home improvement,Conventional:Subordinate Lien,Not applicable,No negative amortization,Not applicable,50%-60%,,325000,Preapproval not requested,240
LOAN-00045,Loan originated,Not applicable,,,,1355000.0,12,9.000,Conventional,Home purchase,Conventional:First Lien,Not applicable,No negative amortization,Private securitizer,,,1935000,Preapproval not requested,12
LOAN-00046,Loan originated,Not applicable,,,,315000.0,300,9.65,Conventional,Refinancing,Conventional:Subordinate Lien,Not a high-cost mortgage,No negative amortization,Not applicable,50%-60%,,1255000,Preapproval not requested,300
LOAN-00047,Loan originated,Not applicable,,,,245000.0,360,7.125,VA,Home purchase,VA:First Lien,Not a high-cost mortgage,No negative amortization,Ginnie Mae,39,7252.34,235000,Preapproval not requested,360
LOAN-00048,Loan originated,Not applicable,,,,445000.0,360,6.125,FHA,Home purchase,FHA:First Lien,Not a high-cost mortgage,No negative amortization,"Credit union, mortgage company, or finance company",30%-<36%,19665.43,455000,Preapproval not requested,360
LOAN-00049,Loan originated,Not applicable,,,,205000.0,360,6.25,VA,Refinancing,VA:First Lien,Not a high-cost mortgage,No negative amortization,"Credit union, mortgage company, or finance company",,2130.01,,Preapproval not requested,360
LOAN-00050,Purchased loan,Not applicable,,,,785000.0,360,7.000,Conventional,Cash-out refinancing,Conventional:First Lien,Not a high-cost mortgage,No negative amortization,Affiliate institution,,9670.80,4525000,Preapproval not requested,360
LOAN-00051,Loan originated,Not applicable,,,,245000.0,360,5.999,VA,Refinancing,VA:First Lien,Not a high-cost mortgage,No negative amortization,Ginnie Mae,,4035.31,285000,Preapproval not requested,360
LOAN-00052,Purchased loan,Not applicable,,,,255000.0,360,7.000,Conventional,Home purchase,Conventional:First Lien,Not a high-cost mortgage,No negative amortization,Fannie Mae,,5268.93,265000,Preapproval not requested,360
LOAN-00053,Loan originated,Not applicable,,,,415000.0,360,5.500,VA,Refinancing,VA:First Lien,Not a high-cost mortgage,No negative amortization,Ginnie Mae,,9880.61,425000,Preapproval not requested,360
LOAN-00054,Loan originated,Not applicable,,,,205000.0,360,5.750,Conventional,Home purchase,Conventional:First Lien,Not a high-cost mortgage,No negative amortization,Other type of purchaser,37,3585.20,255000,Preapproval not requested,360
LOAN-00055,Loan originated,Not applicable,,,,15000.0,120,9.5,Conventional,Home purchase,Conventional:Subordinate Lien,Not a high-cost mortgage,No negative amortization,Other type of purchaser,30%-<36%,0,335000,Preapproval not requested,120
LOAN-00056,Application denied,Debt-to-income ratio,Employment history,,,255000.0,360,,Conventional,Home purchase,Conventional:First Lien,Not applicable,No negative amortization,Not applicable,>60%,,315000,Preapproval not requested,360
LOAN-00057,Loan originated,Not applicable,,,,495000.0,360,6.125,Conventional,Home purchase,Conventional:First Lien,Not a high-cost mortgage,No negative amortization,Not applicable,20%-<30%,6260.47,615000,Preapproval not requested,360
LOAN-00058,Application denied,Credit history,,,,295000.0,360,,VA,Cash-out refinancing,VA:First Lien,Not applicable,No negative amortization,Not applicable,50%-60%,,355000,Preapproval not requested,360
LOAN-00059,Loan originated,Not applicable,,,,555000.0,360,6.125,Conventional,Home purchase,Conventional:First Lien,Not a high-cost mortgage,No negative amortization,"Credit union, mortgage company, or finance company",<20%,6724.33,705000,Preapproval not requested,360
LOAN-00060,Loan originated,Not applicable,,,,135000.0,360,7.990,Conventional,Cash-out refinancing,Conventional:First Lien,Not applicable,No negative amortization,"Credit union, mortgage company, or finance company",48,3866.00,175000,Preapproval not requested,360
LOAN-00061,Application denied,Debt-to-income ratio,Collateral,,,305000.0,360,,Conventional,Home improvement,Conventional:Subordinate Lien,Not applicable,No negative amortization,Not applicable,50%-60%,,905000,Preapproval not requested,360
LOAN-00062,Application denied,Other,,,,165000.0,360,,Conventional,Refinancing,Conventional:First Lien,Not applicable,No negative amortization,Not applicable,43,,385000,Preapproval not requested,360
LOAN-00063,Loan originated,Not applicable,,,,45000.0,180,12.475,Conventional,Other purpose,Conventional:Subordinate Lien,Not a high-cost mortgage,No negative amortization,Private securitizer,48,,595000,Preapproval not requested,180
LOAN-00064,Application denied,Debt-to-income ratio,,,,45000.0,360,,Conventional,Cash-out refinancing,Conventional:Subordinate Lien,Not applicable,No negative amortization,Not applicable,50%-60%,,255000,Preapproval not requested,360
LOAN-00065,Loan originated,Not applicable,,,,75000.0,360,7.520,Conventional,Home improvement,Conventional:First Lien,Not a high-cost mortgage,No negative amortization,Not applicable,30%-<36%,,335000,Preapproval not requested,360
LOAN-00066,Loan originated,Not applicable,,,,305000.0,360,9.75,Conventional,Home purchase,Conventional:Subordinate Lien,Not a high-cost mortgage,No negative amortization,"Commercial bank, savings bank, or savings association",37,,1325000,Preapproval not requested,360
LOAN-00067,Loan originated,Not applicable,,,,275000.0,360,6.5,FHA,Home purchase,FHA:First Lien,Not a high-cost mortgage,No negative amortization,Not applicable,50%-60%,11155.61,285000,Preapproval not requested,360
LOAN-00068,Application denied,Debt-to-income ratio,,,,45000.0,240,,Conventional,Other purpose,Conventional:Subordinate Lien,Not applicable,No negative amortization,Not applicable,48,,605000,Preapproval not requested,240
LOAN-00069,Application denied,Credit history,,,,95000.0,300,,Conventional,Home purchase,Conventional:First Lien,Not applicable,No negative amortization,Not applicable,50%-60%,,95000,Preapproval not requested,300
LOAN-00070,Purchased loan,Not applicable,,,,885000.0,360,6.625,VA,Home purchase,VA:First Lien,Not a high-cost mortgage,No negative amortization,Ginnie Mae,,9080.17,885000,Preapproval not requested,360
LOAN-00071,Application denied,Credit history,,,,745000.0,360,,Conventional,Home purchase,Conventional:First Lien,Not applicable,No negative amortization,Not applicable,,,935000,Preapproval not requested,360
LOAN-00072,Loan originated,Not applicable,,,,265000.0,360,6.25,FHA,Home purchase,FHA:First Lien,Not a high-cost mortgage,No negative amortization,Ginnie Mae,30%-<36%,8423.91,265000,Preapproval not requested,360
LOAN-00073,Application denied,Credit application incomplete,,,,285000.0,360,,FHA,Cash-out refinancing,FHA:First Lien,Not applicable,No negative amortization,Not applicable,50%-60%,,375000,Preapproval not requested,360
LOAN-00074,Purchased loan,Not applicable,,,,75000.0,360,11.55,Conventional,Home improvement,Conventional:Subordinate Lien,Not a high-cost mortgage,No negative amortization,Private securitizer,,,225000,Preapproval not requested,360
LOAN-00075,Loan originated,Not applicable,,,,625000.0,360,6.990,Conventional,Home purchase,Conventional:First Lien,Not a high-cost mortgage,No negative amortization,Fannie Mae,48,7191.00,895000,Preapproval not requested,360
LOAN-00076,Application denied,Other,,,,305000.0,360,,Conventional,Other purpose,Conventional:Subordinate Lien,Not applicable,No negative amortization,Not applicable,>60%,,,Preapproval not requested,360
LOAN-00077,Application denied,Credit history,,,,65000.0,300,,Conventional,Home improvement,Conventional:Subordinate Lien,Not applicable,No negative amortization,Not applicable,>60%,,255000,Preapproval not requested,300
LOAN-00078,Loan originated,Not applicable,,,,25000.0,360,9.94,Conventional,Home improvement,Conventional:Subordinate Lien,Not applicable,No negative amortization,Not applicable,45,,305000,Preapproval not requested,360
LOAN-00079,Application denied,Credit history,,,,205000.0,360,,Conventional,Other purpose,Conventional:First Lien,Not applicable,No negative amortization,Not applicable,44,,,Preapproval not requested,360
LOAN-00080,Loan originated,Not applicable,,,,195000.0,360,8.125,Conventional,Home purchase,Conventional:First Lien,Not a high-cost mortgage,No negative amortization,Freddie Mac,37,2963.60,385000,Preapproval not requested,360
LOAN-00081,Application denied,Debt-to-income ratio,,,,145000.0,360,,Conventional,Other purpose,Conventional:First Lien,Not applicable,No negative amortization,Not applicable,50%-60%,,345000,Preapproval not requested,360
LOAN-00082,Loan originated,Not applicable,,,,585000.0,360,3.99,VA,Home purchase,VA:First Lien,Not a high-cost mortgage,No negative amortization,Ginnie Mae,50%-60%,18992.06,575000,Preapproval not requested,360
LOAN-00083,Loan originated,Not applicable,,,,235000.0,360,6.375,Conventional,Home purchase,Conventional:First Lien,Not a high-cost mortgage,No negative amortization,"Credit union, mortgage company, or finance company",37,5622.19,245000,Preapproval requested,360
LOAN-00084,Application denied,Credit history,,,,205000.0,300,,Conventional,Home purchase,Conventional:First Lien,Not applicable,No negative amortization,Not applicable,50%-60%,,255000,Preapproval not requested,300
LOAN-00085,Loan originated,Not applicable,,,,355000.0,360,6.750,FHA,Home purchase,FHA:First Lien,Not a high-cost mortgage,No negative amortization,"Credit union, mortgage company, or finance company",49,13792.92,365000,Preapproval not requested,360
LOAN-00086,Application denied,Collateral,,,,255000.0,360,,FHA,Refinancing,FHA:First Lien,Not applicable,No negative amortization,Not applicable,43,,275000,Preapproval not requested,360
LOAN-00087,Application denied,Debt-to-income ratio,Credit history,"Insufficient cash (downpayment, closing costs)",,75000.0,360,,Conventional,Other purpose,Conventional:Subordinate Lien,Not applicable,No negative amortization,Not applicable,>60%,,565000,Preapproval not requested,360
LOAN-00088,Loan originated,Not applicable,,,,315000.0,360,5.99,FHA,Refinancing,FHA:First Lien,Not a high-cost mortgage,No negative amortization,Ginnie Mae,30%-<36%,15183.46,335000,Preapproval not requested,360
LOAN-00089,Purchased loan,Not applicable,,,,655000.0,360,7.5,Conventional,Home purchase,Conventional:First Lien,Not a high-cost mortgage,No negative amortization,Freddie Mac,,5301.5,695000,Preapproval not requested,360
LOAN-00090,Purchased loan,Not applicable,,,,145000.0,360,5.99,VA,Home purchase,VA:First Lien,Not a high-cost mortgage,No negative amortization,Ginnie Mae,,907.97,145000,Preapproval not requested,360
LOAN-00091,Loan originated,Not applicable,,,,45000.0,72,6.000,Conventional,Other purpose,Conventional:First Lien,Not applicable,No negative amortization,Not applicable,20%-<30%,,125000,Preapproval not requested,72
LOAN-00092,Loan originated,Not applicable,,,,105000.0,180,8.250,Conventional,Home purchase,Conventional:Subordinate Lien,Not a high-cost mortgage,No negative amortization,Not applicable,>60%,467.00,375000,Preapproval not requested,180
LOAN-00093,Loan originated,Not applicable,,,,635000.0,360,6.125,VA,Home purchase,VA:First Lien,Not a high-cost mortgage,No negative amortization,Ginnie Mae,47,17148.02,625000,Preapproval not requested,360
LOAN-00094,Loan originated,Not applicable,,,,245000.0,360,6.25,VA,Home purchase,VA:First Lien,Not a high-cost mortgage,No negative amortization,Ginnie Mae,36,10851.7,235000,Preapproval not requested,360
LOAN-00095,Loan originated,Not applicable,,,,365000.0,360,5.25,VA,Refinancing,VA:First Lien,Not a high-cost mortgage,No negative amortization,Ginnie Mae,,8313.25,365000,Preapproval not requested,360
LOAN-00096,Loan originated,Not applicable,,,,65000.0,480,7.49,Conventional,Other purpose,Conventional:Subordinate Lien,Not a high-cost mortgage,No negative amortization,Not applicable,30%-<36%,,585000,Preapproval not requested,480
LOAN-00097,Loan originated,Not applicable,,,,545000.0,372,6.625,Conventional,Home purchase,Conventional:First Lien,Not a high-cost mortgage,No negative amortization,Not applicable,30%-<36%,12426.5,1065000,Preapproval not requested,372
LOAN-00098,Purchased loan,Not applicable,,,,215000.0,360,6.75,FHA,Home purchase,FHA:First Lien,Not a high-cost mortgage,No negative amortization,Ginnie Mae,,10554.14,215000,Preapproval not requested,360
LOAN-00099,Loan originated,Not applicable,,,,205000.0,360,6.875,Conventional,Home purchase,Conventional:First Lien,Not a high-cost mortgage,No negative amortization,Freddie Mac,20%-<30%,6690.69,235000,Preapproval not requested,360
LOAN-00100,Application denied,Unverifiable information,,,,75000.0,180,,Conventional,Cash-out refinancing,Conventional:First Lien,Not applicable,No negative amortization,Not applicable,41,,115000,Preapproval not requested,180
LOAN-00101,Application denied,Collateral,,,,875000.0,360,,VA,Home purchase,VA:First Lien,Not applicable,No negative amortization,Not applicable,38,,625000,Preapproval not requested,360
LOAN-00102,Application denied,Debt-to-income ratio,,,,105000.0,300,,Conventional,Home improvement,Conventional:Subordinate Lien,Not applicable,No negative amortization,Not applicable,>60%,,685000,Preapproval not requested,300
LOAN-00103,Loan originated,Not applicable,,,,135000.0,300,7.49,Conventional,Refinancing,Conventional:First Lien,Not a high-cost mortgage,No negative amortization,Not applicable,>60%,,815000,Preapproval not requested,300
LOAN-00104,Loan originated,Not applicable,,,,265000.0,360,5.875,VA,Cash-out refinancing,VA:First Lien,Not a high-cost mortgage,No negative amortization,Ginnie Mae,50%-60%,16903.18,355000,Preapproval not requested,360
LOAN-00105,Purchased loan,Not applicable,,,,235000.0,360,7.375,FHA,Home purchase,FHA:First Lien,Not applicable,No negative amortization,Ginnie Mae,,11460.36,235000,Preapproval not requested,360
LOAN-00106,Purchased loan,Not applicable,,,,1365000.0,360,6.625,Conventional,Cash-out refinancing,Conventional:First Lien,Not a high-cost mortgage,No negative amortization,Not applicable,,10892.83,2105000,Preapproval not requested,360
LOAN-00107,Loan originated,Not applicable,,,,55000.0,240,9.375,Conventional,Other purpose,Conventional:Subordinate Lien,Not a high-cost mortgage,No negative amortization,Private securitizer,20%-<30%,2353.95,405000,Preapproval not requested,240
LOAN-00108,Application denied,Debt-to-income ratio,,,,55000.0,240,,Conventional,Other purpose,Conventional:Subordinate Lien,Not applicable,No negative amortization,Not applicable,>60%,,305000,Preapproval not requested,240
LOAN-00109,Loan originated,Not applicable,,,,335000.0,360,6.950,Conventional,Home purchase,Conventional:First Lien,Not a high-cost mortgage,No negative amortization,Fannie Mae,20%-<30%,7896.05,425000,Preapproval not requested,360
LOAN-00110,Purchased loan,Not applicable,,,,345000.0,360,6.87500,FHA,Home purchase,FHA:First Lien,Not a high-cost mortgage,No negative amortization,"Commercial bank, savings bank, or savings association",,9670.27,355000,Preapproval not requested,360
LOAN-00111,Loan originated,Not applicable,,,,405000.0,360,7.875,Conventional,Home purchase,Conventional:First Lien,Not applicable,No negative amortization,"Commercial bank, savings bank, or savings association",30%-<36%,2898.33,515000,Preapproval not requested,360
LOAN-00112,Application denied,Debt-to-income ratio,Credit history,,,55000.0,360,,Conventional,Other purpose,Conventional:Subordinate Lien,Not applicable,No negative amortization,Not applicable,>60%,,245000,Preapproval not requested,360
LOAN-00113,Loan originated,Not applicable,,,,475000.0,360,7.125,Conventional,Home purchase,Conventional:First Lien,Not a high-cost mortgage,No negative amortization,Not applicable,20%-<30%,5939.95,495000,Preapproval not requested,360
LOAN-00114,Application denied,Debt-to-income ratio,,,,105000.0,360,,Conventional,Home purchase,Conventional:First Lien,Not applicable,No negative amortization,Not applicable,<20%,,645000,Preapproval not requested,360
LOAN-00115,Loan originated,Not applicable,,,,405000.0,360,6.875,Conventional,Home purchase,Conventional:First Lien,Not a high-cost mortgage,No negative amortization,Freddie Mac,30%-<36%,4123.53,505000,Preapproval not requested,360
LOAN-00116,Application denied,"Insufficient cash (downpayment, closing costs)",Debt-to-income ratio,,,455000.0,360,,FHA,Refinancing,FHA:First Lien,Not applicable,No negative amortization,Not applicable,>60%,,505000,Preapproval not requested,360
LOAN-00117,Loan originated,Not applicable,,,,45000.0,240,6.990,Conventional,Home improvement,Conventional:Subordinate Lien,Not a high-cost mortgage,No negative amortization,Not applicable,50%-60%,,505000,Preapproval not requested,240
LOAN-00118,Loan originated,Not applicable,,,,175000.0,360,6.99,Conventional,Cash-out refinancing,Conventional:First Lien,Not a high-cost mortgage,No negative amortization,Freddie Mac,37,8687.1,365000,Preapproval not requested,360
LOAN-00119,Loan originated,Not applicable,,,,285000.0,360,6.25,FHA,Refinancing,FHA:First Lien,Not a high-cost mortgage,No negative amortization,Ginnie Mae,,6084.94,295000,Preapproval not requested,360
LOAN-00120,Loan originated,Not applicable,,,,125000.0,180,7.240,Conventional,Home improvement,Conventional:Subordinate Lien,Not a high-cost mortgage,No negative amortization,Not applicable,20%-<30%,,565000,Preapproval not requested,180
LOAN-00121,Application denied,Debt-to-income ratio,,,,1715000.0,360,,Conventional,Home purchase,Conventional:First Lien,Not applicable,No negative amortization,Not applicable,>60%,,2505000,Preapproval not requested,360
LOAN-00122,Application denied,Credit history,,,,25000.0,360,,Conventional,Other purpose,Conventional:First Lien,Not applicable,No negative amortization,Not applicable,50%-60%,,475000,Preapproval not requested,360
LOAN-00123,Loan originated,Not applicable,,,,955000.0,360,7.875,Conventional,Refinancing,Conventional:First Lien,Not applicable,No negative amortization,Not applicable,50%-60%,,1905000,Preapproval not requested,360
LOAN-00124,Application denied,Credit history,,,,105000.0,,,Conventional,Refinancing,Conventional:First Lien,Not applicable,No negative amortization,Not applicable,20%-<30%,,25000,Preapproval not requested,
LOAN-00125,Loan originated,Not applicable,,,,225000.0,360,8.875,Conventional,Home purchase,Conventional:First Lien,Not applicable,No negative amortization,"Credit union, mortgage company, or finance company",,,395000,Preapproval not requested,360
LOAN-00126,Purchased loan,Not applicable,,,,345000.0,360,6.99,Conventional,Home purchase,Conventional:First Lien,Not a high-cost mortgage,No negative amortization,Not applicable,,9218.73,425000,Preapproval not requested,360
LOAN-00127,Purchased loan,Not applicable,,,,215000.0,180,6.12500,VA,Cash-out refinancing,VA:First Lien,Not a high-cost mortgage,No negative amortization,Ginnie Mae,,14178.34,305000,Preapproval not requested,180
LOAN-00128,Application denied,Other,,,,55000.0,360,,Conventional,Home improvement,Conventional:Subordinate Lien,Not applicable,No negative amortization,Not applicable,30%-<36%,,495000,Preapproval not requested,360
LOAN-00129,Loan originated,Not applicable,,,,55000.0,180,6.990,Conventional,Other purpose,Conventional:Subordinate Lien,Not a high-cost mortgage,No negative amortization,Not applicable,48,311.94,275000,Preapproval not requested,180
LOAN-00130,Loan originated,Not applicable,,,,115000.0,240,9.000,Conventional,Other purpose,Conventional:Subordinate Lien,Not a high-cost mortgage,No negative amortization,Not applicable,20%-<30%,138.14,495000,Preapproval not requested,240
LOAN-00131,Loan originated,Not applicable,,,,455000.0,360,6.250,FHA,Home purchase,FHA:First Lien,Not a high-cost mortgage,No negative amortization,Other type of purchaser,42,21659.67,465000,Preapproval not requested,360
LOAN-00132,Purchased loan,Not applicable,,,,605000.0,360,5.990,VA,Home purchase,VA:First Lien,Not a high-cost mortgage,No negative amortization,Ginnie Mae,,18290.02,595000,Preapproval not requested,360
LOAN-00133,Loan originated,Not applicable,,,,305000.0,360,7.990,Conventional,Home purchase,Conventional:Subordinate Lien,Not a high-cost mortgage,No negative amortization,Not applicable,30%-<36%,0.00,775000,Preapproval not requested,360
LOAN-00134,Application denied,Collateral,,,,785000.0,360,,FHA,Home purchase,FHA:First Lien,Not applicable,No negative amortization,Not applicable,50%-60%,,815000,Preapproval not requested,360
LOAN-00135,Loan originated,Not applicable,,,,335000.0,360,6.490,FHA,Home purchase,FHA:First Lien,Not a high-cost mortgage,No negative amortization,"Credit union, mortgage company, or finance company",47,9621.51,365000,Preapproval not requested,360
LOAN-00136,Loan originated,Not applicable,,,,105000.0,Exempt,Exempt,Conventional,Refinancing,Conventional:First Lien,Not applicable,Exempt,Not applicable,Exempt,Exempt,Exempt,Preapproval not requested,Exempt
LOAN-00137,Loan originated,Not applicable,,,,135000.0,360,5.990,FHA,Home purchase,FHA:First Lien,Not a high-cost mortgage,No negative amortization,Ginnie Mae,20%-<30%,7060.50,145000,Preapproval not requested,360
LOAN-00138,Loan originated,Not applicable,,,,285000.0,360,6.500,FHA,Home purchase,FHA:First Lien,Not a high-cost mortgage,No negative amortization,"Credit union, mortgage company, or finance company",50%-60%,11600.63,415000,Preapproval not requested,360
LOAN-00139,Loan originated,Not applicable,,,,75000.0,360,6.625,Conventional,Home purchase,Conventional:First Lien,Not a high-cost mortgage,No negative amortization,Other type of purchaser,<20%,2641.93,85000,Preapproval not requested,360
LOAN-00140,Loan originated,Not applicable,,,,175000.0,360,7.99,Conventional,Cash-out refinancing,Conventional:Subordinate Lien,Not a high-cost mortgage,No negative amortization,Not applicable,30%-<36%,,745000,Preapproval not requested,360
LOAN-00141,Loan originated,Not applicable,,,,1025000.0,360,8.250,Conventional,Home purchase,Conventional:First Lien,Not a high-cost mortgage,No negative amortization,Not applicable,43,20092.48,1325000,Preapproval not requested,360
LOAN-00142,Loan originated,Not applicable,,,,305000.0,360,6.875,Conventional,Cash-out refinancing,Conventional:First Lien,Not a high-cost mortgage,No negative amortization,Not applicable,<20%,2884.90,705000,Preapproval not requested,360
LOAN-00143,Loan originated,Not applicable,,,,695000.0,360,5.75,Conventional,Home purchase,Conventional:First Lien,Not a high-cost mortgage,No negative amortization,Fannie Mae,20%-<30%,4407.50,725000,Preapproval not requested,360
LOAN-00144,Application denied,Credit application incomplete,,,,105000.0,240,,Conventional,Home improvement,Conventional:Subordinate Lien,Not applicable,No negative amortization,Not applicable,,,395000,Preapproval not requested,240
LOAN-00145,Loan originated,Not applicable,,,,475000.0,360,6.124,Conventional,Refinancing,Conventional:First Lien,Not applicable,No negative amortization,"Credit union, mortgage company, or finance company",49,4010.00,795000,Preapproval not requested,360
LOAN-00146,Application denied,Collateral,,,,35000.0,240,,Conventional,Other purpose,Conventional:Subordinate Lien,Not applicable,No negative amortization,Not applicable,41,,165000,Preapproval not requested,240
LOAN-00147,Loan originated,Not applicable,,,,545000.0,360,5.990,Conventional,Refinancing,Conventional:First Lien,Not a high-cost mortgage,No negative amortization,Fannie Mae,20%-<30%,4993.28,705000,Preapproval not requested,360
LOAN-00148,Loan originated,Not applicable,,,,155000.0,360,6.000,Conventional,Home purchase,Conventional:First Lien,Not a high-cost mortgage,No negative amortization,"Credit union, mortgage company, or finance company",20%-<30%,3231.15,165000,Preapproval not requested,360
LOAN-00149,Preapproval request denied,Credit history,,,,215000.0,360,,Conventional,Home purchase,Conventional:First Lien,Not applicable,No negative amortization,Not applicable,>60%,,225000,Preapproval requested,360
LOAN-00150,Loan originated,Not applicable,,,,485000.0,360,6.125,FHA,Home purchase,FHA:First Lien,Not a high-cost mortgage,No negative amortization,Ginnie Mae,46,23005.31,495000,Preapproval not requested,360
LOAN-00151,Application denied,Credit history,,,,105000.0,300,,Conventional,Home purchase,Conventional:First Lien,Not applicable,No negative amortization,Not applicable,30%-<36%,,105000,Preapproval not requested,300
LOAN-00152,Loan originated,Not applicable,,,,595000.0,360,7.625,Conventional,Home purchase,Conventional:First Lien,Not a high-cost mortgage,No negative amortization,Freddie Mac,40,5409.16,625000,Preapproval not requested,360
LOAN-00153,Loan originated,Not applicable,,,,215000.0,360,5.750,VA,Home purchase,VA:First Lien,Not a high-cost mortgage,No negative amortization,Not applicable,45,2197.60,215000,Preapproval not requested,360
LOAN-00154,Loan originated,Not applicable,,,,105000.0,240,8.000,Conventional,Other purpose,Conventional:Subordinate Lien,Not a high-cost mortgage,No negative amortization,Not applicable,43,,575000,Preapproval not requested,240
LOAN-00155,Loan originated,Not applicable,,,,245000.0,360,5.75,FHA,Home purchase,FHA:First Lien,Not a high-cost mortgage,No negative amortization,"Credit union, mortgage company, or finance company",38,13229.66,245000,Preapproval not requested,360
LOAN-00156,Application denied,Collateral,,,,75000.0,120,,Conventional,Cash-out refinancing,Conventional:First Lien,Not applicable,No negative amortization,Not applicable,<20%,,255000,Preapproval not requested,120
LOAN-00157,Loan originated,Not applicable,,,,255000.0,300,8.740,Conventional,Other purpose,Conventional:Subordinate Lien,Not a high-cost mortgage,No negative amortization,Not applicable,50%-60%,,2185000,Preapproval not requested,300
LOAN-00158,Application denied,Debt-to-income ratio,,,,245000.0,480,,Conventional,Refinancing,Conventional:First Lien,Not applicable,No negative amortization,Not applicable,>60%,,305000,Preapproval not requested,480
LOAN-00159,Application denied,Credit application incomplete,,,,275000.0,360,,FHA,Home purchase,FHA:First Lien,Not applicable,No negative amortization,Not applicable,46,,275000,Preapproval not requested,360
LOAN-00160,Application denied,Credit application incomplete,,,,35000.0,240,,Conventional,Other purpose,Conventional:Subordinate Lien,Not applicable,No negative amortization,Not applicable,,,,Preapproval not requested,240
LOAN-00161,Purchased loan,Not applicable,,,,315000.0,360,6.5,Conventional,Home purchase,Conventional:First Lien,Not a high-cost mortgage,No negative amortization,Fannie Mae,,6005.2,565000,Preapproval not requested,360
LOAN-00162,Loan originated,Not applicable,,,,45000.0,360,6.375,Conventional,Home purchase,Conventional:First Lien,Not a high-cost mortgage,No negative amortization,Freddie Mac,40,1886.50,55000,Preapproval not requested,360
LOAN-00163,Loan originated,Not applicable,,,,55000.0,180,9.000,Conventional,Refinancing,Conventional:Subordinate Lien,Not a high-cost mortgage,No negative amortization,Not applicable,48,0.00,395000,Preapproval not requested,180
LOAN-00164,Loan originated,Not applicable,,,,465000.0,360,6.500,Conventional,Home purchase,Conventional:First Lien,Not a high-cost mortgage,No negative amortization,Fannie Mae,42,4535.15,855000,Preapproval not requested,360
LOAN-00165,Application denied,Credit history,,,,35000.0,,,Conventional,Home improvement,Conventional:First Lien,Not applicable,No negative amortization,Not applicable,<20%,,95000,Preapproval not requested,
LOAN-00166,Purchased loan,Not applicable,,,,225000.0,360,6.125,Conventional,Cash-out refinancing,Conventional:First Lien,Not a high-cost mortgage,No negative amortization,Not applicable,,5800.75,395000,Preapproval not requested,360
LOAN-00167,Application denied,Debt-to-income ratio,Collateral,,,205000.0,360,,Conventional,Home improvement,Conventional:Subordinate Lien,Not applicable,No negative amortization,Not applicable,>60%,,1765000,Preapproval not requested,360
LOAN-00168,Loan originated,Not applicable,,,,245000.0,360,6.690,Conventional,Home purchase,Conventional:First Lien,Not applicable,No negative amortization,Not applicable,<20%,5252.33,345000,Preapproval not requested,360
LOAN-00169,Loan originated,Not applicable,,,,765000.0,360,7.500,Conventional,Home purchase,Conventional:First Lien,Not a high-cost mortgage,No negative amortization,"Credit union, mortgage company, or finance company",20%-<30%,5422.50,1905000,Preapproval not requested,360
LOAN-00170,Loan originated,Not applicable,,,,255000.0,360,6.624,Conventional,Home purchase,Conventional:First Lien,Not a high-cost mortgage,No negative amortization,Fannie Mae,39,3397.00,275000,Preapproval not requested,360
LOAN-00171,Loan originated,Not applicable,,,,765000.0,360,6.875,Conventional,Home purchase,Conventional:First Lien,Not a high-cost mortgage,No negative amortization,Not applicable,41,4350.93,845000,Preapproval not requested,360
LOAN-00172,Loan originated,Not applicable,,,,55000.0,480,9.09,Conventional,Refinancing,Conventional:First Lien,Not a high-cost mortgage,No negative amortization,Not applicable,42,,225000,Preapproval not requested,480
LOAN-00173,Loan originated,Not applicable,,,,135000.0,360,7.375,FHA,Cash-out refinancing,FHA:First Lien,Not a high-cost mortgage,No negative amortization,Ginnie Mae,39,6497.45,205000,Preapproval not requested,360
LOAN-00174,Loan originated,Not applicable,,,,205000.0,360,5.625,Conventional,Home purchase,Conventional:First Lien,Not applicable,No negative amortization,Not applicable,44,3937.50,565000,Preapproval not requested,360
LOAN-00175,Purchased loan,Not applicable,,,,385000.0,360,6.125,VA,Refinancing,VA:First Lien,Not a high-cost mortgage,No negative amortization,Ginnie Mae,,0.00,455000,Preapproval not requested,360
LOAN-00176,Loan originated,Not applicable,,,,35000.0,60,8.000,Conventional,Refinancing,Conventional:First Lien,Not a high-cost mortgage,No negative amortization,Not applicable,30%-<36%,111.50,215000,Preapproval not requested,60
LOAN-00177,Loan originated,Not applicable,,,,255000.0,360,6.990,Conventional,Other purpose,Conventional:First Lien,Not a high-cost mortgage,No negative amortization,Not applicable,46,,615000,Preapproval not requested,360
LOAN-00178,Loan originated,Not applicable,,,,805000.0,360,5.998,Conventional,Home purchase,Conventional:First Lien,Not a high-cost mortgage,No negative amortization,Not applicable,45,29216.83,945000,Preapproval not requested,360
LOAN-00179,Loan originated,Not applicable,,,,85000.0,60,7.990,Conventional,Home improvement,Conventional:First Lien,Not a high-cost mortgage,No negative amortization,Not applicable,20%-<30%,,435000,Preapproval not requested,60
LOAN-00180,Loan originated,1111,,,,135000.0,Exempt,Exempt,Conventional,Cash-out refinancing,Conventional:First Lien,Not applicable,Exempt,Not applicable,Exempt,Exempt,Exempt,Preapproval not requested,Exempt
LOAN-00181,Loan originated,1111,,,,75000.0,Exempt,Exempt,Conventional,Home purchase,Conventional:First Lien,Not applicable,Exempt,Not applicable,Exempt,Exempt,Exempt,Preapproval not requested,Exempt
LOAN-00182,Loan originated,Not applicable,,,,215000.0,360,5.750,USDA RHS or FSA,Home purchase,FSA/RHS:First Lien,Not a high-cost mortgage,No negative amortization,Ginnie Mae,30%-<36%,11568.84,215000,Preapproval not requested,360
LOAN-00183,Loan originated,Not applicable,,,,245000.0,360,6.875,Conventional,Home purchase,Conventional:First Lien,Not a high-cost mortgage,No negative amortization,Freddie Mac,<20%,6116.25,475000,Preapproval requested,360
LOAN-00184,Loan originated,Not applicable,,,,205000.0,360,6.625,Conventional,Home purchase,Conventional:First Lien,Not a high-cost mortgage,No negative amortization,Fannie Mae,39,5422.21,245000,Preapproval not requested,360
LOAN-00185,Loan originated,Not applicable,,,,615000.0,360,5.625,Conventional,Home purchase,Conventional:First Lien,Not a high-cost mortgage,No negative amortization,"Credit union, mortgage company, or finance company",40,6155.9,775000,Preapproval not requested,360
LOAN-00186,Loan originated,Not applicable,,,,5000.0,360,0.000,Conventional,Home purchase,Conventional:Subordinate Lien,Not a high-cost mortgage,No negative amortization,Other type of purchaser,48,0.00,285000,Preapproval not requested,360
LOAN-00187,Loan originated,Not applicable,,,,145000.0,360,7.290,Conventional,Home improvement,Conventional:Subordinate Lien,Not a high-cost mortgage,No negative amortization,Not applicable,47,,1375000,Preapproval not requested,360
LOAN-00188,Purchased loan,Not applicable,,,,185000.0,360,6.49000,Conventional,Home purchase,Conventional:First Lien,Not a high-cost mortgage,No negative amortization,"Commercial bank, savings bank, or savings association",,3998.20,305000,Preapproval not requested,360
LOAN-00189,Loan originated,Not applicable,,,,105000.0,60,7.750,Conventional,Other purpose,Conventional:Subordinate Lien,Not a high-cost mortgage,No negative amortization,Not applicable,37,,1075000,Preapproval not requested,60
LOAN-00190,Loan originated,Not applicable,,,,145000.0,360,6.100,Conventional,Home improvement,Conventional:Subordinate Lien,Not a high-cost mortgage,No negative amortization,Not applicable,42,,835000,Preapproval not requested,360
LOAN-00191,Application denied,Collateral,,,,275000.0,360,,Conventional,Other purpose,Conventional:First Lien,Not applicable,No negative amortization,Not applicable,40,,345000,Preapproval not requested,360
LOAN-00192,Loan originated,Not applicable,,,,225000.0,360,5.750,VA,Home purchase,VA:First Lien,Not a high-cost mortgage,No negative amortization,"Credit union, mortgage company, or finance company",41,6888.23,245000,Preapproval not requested,360
LOAN-00193,Application denied,Debt-to-income ratio,,,,35000.0,360,,Conventional,Home improvement,Conventional:Subordinate Lien,Not applicable,No negative amortization,Not applicable,>60%,,205000,Preapproval not requested,360
LOAN-00194,Application denied,Collateral,,,,345000.0,360,,VA,Home purchase,VA:First Lien,Not applicable,No negative amortization,Not applicable,>60%,,355000,Preapproval not requested,360
LOAN-00195,Application denied,Debt-to-income ratio,Collateral,,,95000.0,480,,Conventional,Other purpose,Conventional:Subordinate Lien,Not applicable,No negative amortization,Not applicable,>60%,,795000,Preapproval not requested,480
LOAN-00196,Loan originated,Not applicable,,,,95000.0,360,6.75,Conventional,Home purchase,Conventional:First Lien,Not a high-cost mortgage,No negative amortization,Freddie Mac,30%-<36%,4603.38,95000,Preapproval not requested,360
LOAN-00197,Loan originated,Not applicable,,,,245000.0,360,7.125,Conventional,Home purchase,Conventional:First Lien,Not applicable,No negative amortization,Not applicable,44,,305000,Preapproval not requested,360
LOAN-00198,Purchased loan,Not applicable,,,,225000.0,360,3.5,FHA,Home purchase,FHA:First Lien,Not a high-cost mortgage,No negative amortization,Not applicable,,8744.61,235000,Preapproval not requested,360
LOAN-00199,Purchased loan,Not applicable,,,,495000.0,360,7.125,Conventional,Home purchase,Conventional:First Lien,Not a high-cost mortgage,No negative amortization,Freddie Mac,,12113,585000,Preapproval not requested,360
LOAN-00200,Loan originated,Not applicable,,,,75000.0,180,8.250,Conventional,Cash-out refinancing,Conventional:Subordinate Lien,Not a high-cost mortgage,No negative amortization,Not applicable,45,0.00,545000,Preapproval not requested,180
LOAN-00201,Loan originated,Not applicable,,,,85000.0,300,11.990,Conventional,Home purchase,Conventional:First Lien,Not a high-cost mortgage,No negative amortization,Other type of purchaser,45,,,Preapproval not requested,300
LOAN-00202,Loan originated,Not applicable,,,,615000.0,360,6.500,Conventional,Refinancing,Conventional:First Lien,Not a high-cost mortgage,No negative amortization,Fannie Mae,43,11842.83,825000,Preapproval not requested,360
LOAN-00203,Application denied,Debt-to-income ratio,,,,35000.0,360,,Conventional,Other purpose,Conventional:Subordinate Lien,Not applicable,No negative amortization,Not applicable,>60%,,355000,Preapproval not requested,360
LOAN-00204,Loan originated,Not applicable,,,,325000.0,360,6.375,Conventional,Home purchase,Conventional:First Lien,Not a high-cost mortgage,No negative amortization,"Credit union, mortgage company, or finance company",30%-<36%,7954.00,915000,Preapproval not requested,360
LOAN-00205,Application denied,Credit history,Other,,,155000.0,360,,Conventional,Home purchase,Conventional:First Lien,Not applicable,No negative amortization,Not applicable,46,,145000,Preapproval not requested,360
LOAN-00206,Loan originated,Not applicable,,,,85000.0,60,8.740,Conventional,Other purpose,Conventional:Subordinate Lien,Not a high-cost mortgage,No negative amortization,Not applicable,42,241.32,315000,Preapproval not requested,60
LOAN-00207,Application denied,Credit history,Debt-to-income ratio,,,55000.0,180,,Conventional,Home improvement,Conventional:First Lien,Not applicable,No negative amortization,Not applicable,38,,425000,Preapproval not requested,180
LOAN-00208,Purchased loan,Not applicable,,,,205000.0,360,7.625,Conventional,Home purchase,Conventional:First Lien,Not a high-cost mortgage,No negative amortization,Freddie Mac,,9663.36,225000,Preapproval not requested,360
LOAN-00209,Application denied,Credit application incomplete,,,,105000.0,360,,Conventional,Other purpose,Conventional:Subordinate Lien,Not applicable,No negative amortization,Not applicable,44,,525000,Preapproval not requested,360
LOAN-00210,Application denied,Credit history,,,,75000.0,240,,Conventional,Home improvement,Conventional:Subordinate Lien,Not applicable,No negative amortization,Not applicable,40,,,Preapproval not requested,240
LOAN-00211,Loan originated,Not applicable,,,,425000.0,360,8.125,Conventional,Home purchase,Conventional:First Lien,Not a high-cost mortgage,No negative amortization,Freddie Mac,20%-<30%,8489.85,525000,Preapproval requested,360
LOAN-00212,Loan originated,Not applicable,,,,255000.0,360,4.75,FHA,Home purchase,FHA:First Lien,Not a high-cost mortgage,No negative amortization,Affiliate institution,50%-60%,9494.34,315000,Preapproval not requested,360
LOAN-00213,Application denied,Debt-to-income ratio,Collateral,,,225000.0,180,,Conventional,Home purchase,Conventional:Subordinate Lien,Not applicable,No negative amortization,Not applicable,>60%,,415000,Preapproval not requested,180
LOAN-00214,Loan originated,Not applicable,,,,285000.0,360,6.375,Conventional,Home purchase,Conventional:First Lien,Not a high-cost mortgage,No negative amortization,Fannie Mae,43,6480.03,325000,Preapproval not requested,360
LOAN-00215,Application denied,Debt-to-income ratio,,,,635000.0,360,,Conventional,Refinancing,Conventional:First Lien,Not applicable,No negative amortization,Not applicable,50%-60%,,865000,Preapproval not requested,360
LOAN-00216,Loan originated,Not applicable,,,,435000.0,360,6.875,Conventional,Home purchase,Conventional:First Lien,Not applicable,No negative amortization,Freddie Mac,39,5048.22,875000,Preapproval not requested,360
LOAN-00217,Purchased loan,Not applicable,,,,85000.0,300,7.74,Conventional,Home purchase,Conventional:First Lien,Not a high-cost mortgage,No negative amortization,Not applicable,,,,Preapproval not requested,300
LOAN-00218,Application denied,Debt-to-income ratio,Credit history,,,105000.0,240,,Conventional,Home improvement,Conventional:Subordinate Lien,Not applicable,No negative amortization,Not applicable,>60%,,325000,Preapproval not requested,240
LOAN-00219,Loan originated,Not applicable,,,,425000.0,360,6.999,Conventional,Home purchase,Conventional:First Lien,Not a high-cost mortgage,No negative amortization,Freddie Mac,38,15513.83,455000,Preapproval not requested,360
LOAN-00220,Loan originated,Not applicable,,,,205000.0,360,8.250,Conventional,Home improvement,Conventional:Subordinate Lien,Not a high-cost mortgage,No negative amortization,Not applicable,30%-<36%,,1035000,Preapproval not requested,360
LOAN-00221,Loan originated,Not applicable,,,,255000.0,120,7.000,Conventional,Home improvement,Conventional:Subordinate Lien,Not a high-cost mortgage,No negative amortization,Not applicable,50%-60%,,1105000,Preapproval not requested,120
LOAN-00222,Loan originated,Not applicable,,,,75000.0,180,8.500,Conventional,Home improvement,Conventional:Subordinate Lien,Not a high-cost mortgage,No negative amortization,Not applicable,30%-<36%,0,295000,Preapproval not requested,180
LOAN-00223,Purchased loan,Not applicable,,,,735000.0,360,6.750,FHA,Home purchase,FHA:First Lien,Not a high-cost mortgage,No negative amortization,Ginnie Mae,,21647.29,755000,Preapproval not requested,360
LOAN-00224,Loan originated,Not applicable,,,,245000.0,360,6.250,VA,Home purchase,VA:First Lien,Not a high-cost mortgage,No negative amortization,"Credit union, mortgage company, or finance company",47,10675.43,245000,Preapproval not requested,360
LOAN-00225,Loan originated,Not applicable,,,,505000.0,360,5.45,VA,Home purchase,VA:First Lien,Not a high-cost mortgage,No negative amortization,Other type of purchaser,42,4383,505000,Preapproval not requested,360
LOAN-00226,Application denied,Credit history,,,,295000.0,360,,FHA,Cash-out refinancing,FHA:First Lien,Not applicable,No negative amortization,Not applicable,37,,,Preapproval not requested,360
LOAN-00227,Purchased loan,Not applicable,,,,415000.0,360,6.62500,Conventional,Cash-out refinancing,Conventional:First Lien,Not applicable,No negative amortization,Other type of purchaser,,7066.31,595000,Preapproval not requested,360
LOAN-00228,Loan originated,Not applicable,,,,565000.0,360,7.125,Conventional,Home purchase,Conventional:First Lien,Not a high-cost mortgage,No negative amortization,"Commercial bank, savings bank, or savings association",38,10502.00,705000,Preapproval not requested,360
LOAN-00229,Loan originated,Not applicable,,,,75000.0,360,6.000,Conventional,Refinancing,Conventional:First Lien,Not applicable,No negative amortization,Freddie Mac,47,,165000,Preapproval not requested,360
LOAN-00230,Application denied,Credit application incomplete,,,,165000.0,360,,Conventional,Refinancing,Conventional:Subordinate Lien,Not applicable,No negative amortization,Not applicable,<20%,,,Preapproval not requested,360
LOAN-00231,Application denied,Credit history,,,,25000.0,360,,Conventional,Refinancing,Conventional:First Lien,Not applicable,No negative amortization,Not applicable,<20%,,125000,Preapproval not requested,360
LOAN-00232,Loan originated,Not applicable,,,,55000.0,360,10.625,Conventional,Other purpose,Conventional:Subordinate Lien,Not a high-cost mortgage,No negative amortization,Not applicable,20%-<30%,,1035000,Preapproval not requested,360
LOAN-00233,Loan originated,Not applicable,,,,635000.0,360,5.99,Conventional,Home purchase,Conventional:First Lien,Not a high-cost mortgage,No negative amortization,Fannie Mae,<20%,4388.50,795000,Preapproval not requested,360
LOAN-00234,Loan originated,Not applicable,,,,245000.0,360,5.875,Conventional,Home purchase,Conventional:First Lien,Not a high-cost mortgage,No negative amortization,Not applicable,41,4511.35,275000,Preapproval not requested,360
LOAN-00235,Loan originated,Not applicable,,,,265000.0,360,7.125,Conventional,Home purchase,Conventional:First Lien,Not a high-cost mortgage,No negative amortization,Not applicable,40,5258.42,375000,Preapproval not requested,360
LOAN-00236,Loan originated,Not applicable,,,,105000.0,360,9.750,Conventional,Refinancing,Conventional:Subordinate Lien,Not a high-cost mortgage,No negative amortization,Not applicable,20%-<30%,,845000,Preapproval not requested,360
LOAN-00237,Loan originated,Not applicable,,,,25765000.0,120,5.39,Conventional,Other purpose,Conventional:First Lien,Not applicable,No negative amortization,Fannie Mae,,,34345000,Preapproval not requested,120
LOAN-00238,Application denied,Debt-to-income ratio,,,,5000.0,180,,Conventional,Home purchase,Conventional:Subordinate Lien,Not applicable,No negative amortization,Not applicable,39,,225000,Preapproval not requested,180
LOAN-00239,Loan originated,1111,,,,175000.0,Exempt,Exempt,Conventional,Home purchase,Conventional:First Lien,Not applicable,Exempt,Not applicable,Exempt,Exempt,Exempt,Preapproval not requested,Exempt
LOAN-00240,Purchased loan,Not applicable,,,,605000.0,360,7.125,Conventional,Home purchase,Conventional:First Lien,Not a high-cost mortgage,No negative amortization,Freddie Mac,,11986.48,755000,Preapproval not requested,360
LOAN-00241,Loan originated,Not applicable,,,,115000.0,360,5.875,Conventional,Cash-out refinancing,Conventional:First Lien,Not a high-cost mortgage,No negative amortization,Fannie Mae,30%-<36%,5139.2,275000,Preapproval not requested,360
LOAN-00242,Application denied,Debt-to-income ratio,,,,195000.0,360,,Conventional,Home purchase,Conventional:First Lien,Not applicable,No negative amortization,Not applicable,50%-60%,,235000,Preapproval not requested,360
LOAN-00243,Application denied,Credit application incomplete,,,,85000.0,360,,Conventional,Other purpose,Conventional:Subordinate Lien,Not applicable,No negative amortization,Not applicable,30%-<36%,,675000,Preapproval not requested,360
LOAN-00244,Purchased loan,Not applicable,,,,165000.0,360,6.250,Conventional,Refinancing,Conventional:First Lien,Not a high-cost mortgage,No negative amortization,Not applicable,,3850.55,415000,Preapproval not requested,360
LOAN-00245,Application denied,Debt-to-income ratio,,,,35000.0,240,,Conventional,Cash-out refinancing,Conventional:Subordinate Lien,Not applicable,No negative amortization,Not applicable,50%-60%,,505000,Preapproval not requested,240
LOAN-00246,Loan originated,Not applicable,,,,75000.0,360,6.375,Conventional,Home purchase,Conventional:First Lien,Not a high-cost mortgage,No negative amortization,Freddie Mac,30%-<36%,3944.70,275000,Preapproval not requested,360
LOAN-00247,Purchased loan,Not applicable,,,,135000.0,360,6.750,FHA,Home purchase,FHA:First Lien,Not a high-cost mortgage,No negative amortization,Ginnie Mae,,5781.16,145000,Preapproval not requested,360
LOAN-00248,Loan originated,Not applicable,,,,95000.0,240,10.000,Conventional,Cash-out refinancing,Conventional:Subordinate Lien,Not a high-cost mortgage,No negative amortization,"Credit union, mortgage company, or finance company",30%-<36%,5404.12,755000,Preapproval not requested,240
LOAN-00249,Application denied,Other,,,,35000.0,276,,Conventional,Home purchase,Conventional:First Lien,Not applicable,No negative amortization,Not applicable,<20%,,,Preapproval not requested,276
LOAN-00250,Application denied,Debt-to-income ratio,,,,205000.0,240,,Conventional,Home improvement,Conventional:Subordinate Lien,Not applicable,No negative amortization,Not applicable,50%-60%,,855000,Preapproval not requested,240
LOAN-00251,Loan originated,Not applicable,,,,175000.0,180,6.5,Conventional,Home purchase,Conventional:First Lien,Not a high-cost mortgage,No negative amortization,Freddie Mac,20%-<30%,3990.83,475000,Preapproval not requested,180
LOAN-00252,Application denied,Debt-to-income ratio,,,,185000.0,360,,Conventional,Refinancing,Conventional:First Lien,Not applicable,No negative amortization,Not applicable,,,255000,Preapproval not requested,360
LOAN-00253,Application denied,Credit application incomplete,,,,35000.0,360,,Conventional,Home improvement,Conventional:First Lien,Not applicable,No negative amortization,Not applicable,38,,645000,Preapproval not requested,360
LOAN-00254,Loan originated,Not applicable,,,,385000.0,360,6.000,Conventional,Home purchase,Conventional:First Lien,Not a high-cost mortgage,No negative amortization,Not applicable,41,6042.74,435000,Preapproval requested,360
LOAN-00255,Loan originated,Not applicable,,,,745000.0,180,6.250,Conventional,Refinancing,Conventional:First Lien,Not a high-cost mortgage,No negative amortization,Freddie Mac,30%-<36%,3237.1,1005000,Preapproval not requested,180
LOAN-00256,Loan originated,Not applicable,,,,45000.0,240,8.750,Conventional,Home improvement,Conventional:Subordinate Lien,Not a high-cost mortgage,No negative amortization,Not applicable,36,,465000,Preapproval not requested,240
LOAN-00257,Loan originated,Not applicable,,,,35000.0,360,9.750,Conventional,Other purpose,Conventional:Subordinate Lien,Not a high-cost mortgage,No negative amortization,Not applicable,40,,255000,Preapproval not requested,360
LOAN-00258,Loan originated,Not applicable,,,,75000.0,360,8.800,Conventional,Home improvement,Conventional:Subordinate Lien,Not a high-cost mortgage,No negative amortization,Not applicable,44,,435000,Preapproval not requested,360
LOAN-00259,Application denied,Debt-to-income ratio,,,,85000.0,360,,Conventional,Home improvement,Conventional:Subordinate Lien,Not applicable,No negative amortization,Not applicable,50%-60%,,,Preapproval not requested,360
LOAN-00260,Loan originated,Not applicable,,,,295000.0,360,6.875,Conventional,Home purchase,Conventional:First Lien,Not a high-cost mortgage,No negative amortization,Not applicable,37,5684.56,335000,Preapproval not requested,360
LOAN-00261,Loan originated,Not applicable,,,,245000.0,360,6.625,FHA,Home purchase,FHA:First Lien,Not a high-cost mortgage,No negative amortization,Ginnie Mae,39,10598.07,245000,Preapproval not requested,360
LOAN-00262,Loan originated,Not applicable,,,,265000.0,360,8.500,Conventional,Home purchase,Conventional:First Lien,Not applicable,No negative amortization,"Credit union, mortgage company, or finance company",,,335000,Preapproval not requested,360
LOAN-00263,Loan originated,Not applicable,,,,105000.0,360,8.125,Conventional,Other purpose,Conventional:First Lien,Not a high-cost mortgage,No negative amortization,Fannie Mae,43,3094,145000,Preapproval not requested,360
LOAN-00264,Loan originated,Not applicable,,,,235000.0,360,5.99,FHA,Cash-out refinancing,FHA:First Lien,Not a high-cost mortgage,No negative amortization,Ginnie Mae,48,14500.66,335000,Preapproval not requested,360
LOAN-00265,Loan originated,Not applicable,,,,265000.0,240,6.750,Conventional,Cash-out refinancing,Conventional:First Lien,Not a high-cost mortgage,No negative amortization,Not applicable,30%-<36%,3151.38,595000,Preapproval not requested,240
LOAN-00266,Application denied,Debt-to-income ratio,,,,75000.0,300,,Conventional,Other purpose,Conventional:Subordinate Lien,Not applicable,No negative amortization,Not applicable,>60%,,315000,Preapproval not requested,300
LOAN-00267,Loan originated,Not applicable,,,,55000.0,,7.5,Conventional,Home improvement,Conventional:First Lien,Not a high-cost mortgage,No negative amortization,Not applicable,20%-<30%,,345000,Preapproval not requested,
LOAN-00268,Loan originated,Not applicable,,,,105000.0,360,7.24,Conventional,Refinancing,Conventional:Subordinate Lien,Not a high-cost mortgage,No negative amortization,Not applicable,39,,605000,Preapproval not requested,360
LOAN-00269,Application denied,Unverifiable information,Collateral,,,155000.0,360,,Conventional,Refinancing,Conventional:First Lien,Not applicable,No negative amortization,Not applicable,,,235000,Preapproval not requested,360
LOAN-00270,Application denied,Credit history,,,,25000.0,180,,Conventional,Other purpose,Conventional:Subordinate Lien,Not applicable,No negative amortization,Not applicable,30%-<36%,,215000,Preapproval not requested,180
LOAN-00271,Loan originated,Not applicable,,,,185000.0,360,6,VA,Home purchase,VA:First Lien,Not a high-cost mortgage,No negative amortization,Ginnie Mae,50%-60%,6643.02,185000,Preapproval not requested,360
LOAN-00272,Application denied,Unverifiable information,Debt-to-income ratio,,,135000.0,360,,Conventional,Home purchase,Conventional:First Lien,Not applicable,No negative amortization,Not applicable,50%-60%,,145000,Preapproval not requested,360
LOAN-00273,Application denied,Collateral,,,,185000.0,360,,Conventional,Home purchase,Conventional:First Lien,Not applicable,No negative amortization,Not applicable,38,,235000,Preapproval not requested,360
LOAN-00274,Loan originated,Not applicable,,,,165000.0,360,8.340,Conventional,Other purpose,Conventional:Subordinate Lien,Not a high-cost mortgage,No negative amortization,Not applicable,30%-<36%,,885000,Preapproval not requested,360
LOAN-00275,Loan originated,Not applicable,,,,275000.0,360,6.75,FHA,Cash-out refinancing,FHA:First Lien,Not a high-cost mortgage,No negative amortization,Ginnie Mae,47,12387.94,345000,Preapproval not requested,360
LOAN-00276,Purchased loan,Not applicable,,,,165000.0,360,8.000,FHA,Home purchase,FHA:First Lien,Not a high-cost mortgage,No negative amortization,Ginnie Mae,,8963.32,165000,Preapproval not requested,360
LOAN-00277,Application denied,Debt-to-income ratio,,,,105000.0,360,,FHA,Cash-out refinancing,FHA:First Lien,Not applicable,No negative amortization,Not applicable,>60%,,125000,Preapproval not requested,360
LOAN-00278,Loan originated,Not applicable,,,,295000.0,360,5.749,VA,Cash-out refinancing,VA:First Lien,Not a high-cost mortgage,No negative amortization,Ginnie Mae,45,4827.95,405000,Preapproval not requested,360
LOAN-00279,Loan originated,Not applicable,,,,85000.0,352,5.25,Conventional,Refinancing,Conventional:First Lien,Not a high-cost mortgage,No negative amortization,Freddie Mac,20%-<30%,0,85000,Preapproval not requested,352
LOAN-00280,Loan originated,Not applicable,,,,255000.0,360,6.250,FHA,Cash-out refinancing,FHA:First Lien,Not a high-cost mortgage,No negative amortization,Ginnie Mae,44,16838.03,335000,Preapproval not requested,360
LOAN-00281,Loan originated,Not applicable,,,,265000.0,360,7.250,VA,Home purchase,VA:First Lien,Not a high-cost mortgage,No negative amortization,"Credit union, mortgage company, or finance company",48,4165.88,265000,Preapproval not requested,360
LOAN-00282,Loan originated,Not applicable,,,,315000.0,360,5.99,FHA,Cash-out refinancing,FHA:First Lien,Not a high-cost mortgage,No negative amortization,Ginnie Mae,50%-60%,13081.55,385000,Preapproval not requested,360
LOAN-00283,Loan originated,1111,,,,155000.0,Exempt,Exempt,Conventional,Home purchase,Conventional:First Lien,Not a high-cost mortgage,Exempt,"Credit union, mortgage company, or finance company",Exempt,Exempt,Exempt,Preapproval not requested,Exempt
LOAN-00284,Loan originated,Not applicable,,,,765000.0,360,6.5,Conventional,Home purchase,Conventional:First Lien,Not a high-cost mortgage,No negative amortization,Not applicable,30%-<36%,8111,1405000,Preapproval requested,360
LOAN-00285,Loan originated,Not applicable,,,,195000.0,360,7.750,Conventional,Cash-out refinancing,Conventional:First Lien,Not applicable,No negative amortization,"Credit union, mortgage company, or finance company",,,255000,Preapproval not requested,360
LOAN-00286,Application denied,Debt-to-income ratio,,,,415000.0,360,,Conventional,Refinancing,Conventional:First Lien,Not applicable,No negative amortization,Not applicable,>60%,,,Preapproval not requested,360
LOAN-00287,Purchased loan,Not applicable,,,,315000.0,360,6.500,FHA,Home purchase,FHA:First Lien,Not a high-cost mortgage,No negative amortization,Ginnie Mae,,10743.87,325000,Preapproval not requested,360
LOAN-00288,Application denied,Debt-to-income ratio,,,,305000.0,480,,Conventional,Home improvement,Conventional:Subordinate Lien,Not applicable,No negative amortization,Not applicable,>60%,,1165000,Preapproval not requested,480
LOAN-00289,Loan originated,Not applicable,,,,55000.0,240,8.5,Conventional,Cash-out refinancing,Conventional:Subordinate Lien,Not a high-cost mortgage,No negative amortization,Private securitizer,<20%,3064.16,575000,Preapproval not requested,240
LOAN-00290,Loan originated,Not applicable,,,,155000.0,360,7.125,FHA,Home purchase,FHA:First Lien,Not a high-cost mortgage,No negative amortization,"Commercial bank, savings bank, or savings association",44,7846.68,165000,Preapproval not requested,360
LOAN-00291,Application denied,Other,,,,455000.0,360,,VA,Cash-out refinancing,VA:First Lien,Not applicable,No negative amortization,Not applicable,47,,465000,Preapproval not requested,360
LOAN-00292,Loan originated,Not applicable,,,,635000.0,360,6.875,Conventional,Home purchase,Conventional:First Lien,Not a high-cost mortgage,No negative amortization,Freddie Mac,42,10237.5,795000,Preapproval not requested,360
LOAN-00293,Purchased loan,Not applicable,,,,725000.0,360,6.75,FHA,Home purchase,FHA:First Lien,Not a high-cost mortgage,No negative amortization,Ginnie Mae,,36208.15,835000,Preapproval not requested,360
LOAN-00294,Application denied,Credit history,,,,45000.0,240,,Conventional,Cash-out refinancing,Conventional:Subordinate Lien,Not applicable,No negative amortization,Not applicable,50%-60%,,385000,Preapproval not requested,240
LOAN-00295,Loan originated,Not applicable,,,,275000.0,360,6.75,FHA,Home purchase,FHA:First Lien,Not a high-cost mortgage,No negative amortization,Ginnie Mae,38,8834.49,285000,Preapproval not requested,360
LOAN-00296,Loan originated,Not applicable,,,,155000.0,360,6.250,Conventional,Home purchase,Conventional:First Lien,Not a high-cost mortgage,No negative amortization,Freddie Mac,20%-<30%,6244.30,295000,Preapproval not requested,360
LOAN-00297,Application denied,Other,,,,105000.0,360,,Conventional,Home improvement,Conventional:Subordinate Lien,Not applicable,No negative amortization,Not applicable,>60%,,905000,Preapproval not requested,360
LOAN-00298,Loan originated,Not applicable,,,,45000.0,120,7.440,Conventional,Other purpose,Conventional:First Lien,Not a high-cost mortgage,No negative amortization,Not applicable,37,0.00,155000,Preapproval not requested,120
LOAN-00299,Application denied,Credit history,,,,105000.0,240,,Conventional,Refinancing,Conventional:Subordinate Lien,Not applicable,No negative amortization,Not applicable,36,,565000,Preapproval not requested,240
LOAN-00300,Loan originated,Not applicable,,,,1035000.0,360,6.750,Conventional,Home purchase,Conventional:First Lien,Not a high-cost mortgage,No negative amortization,Not applicable,41,8245.74,1295000,Preapproval not requested,360
LOAN-00301,Application denied,Debt-to-income ratio,,,,95000.0,240,,Conventional,Home purchase,Conventional:First Lien,Not applicable,No negative amortization,Not applicable,50%-60%,,105000,Preapproval not requested,240
LOAN-00302,Loan originated,Not applicable,,,,265000.0,360,6.125,Conventional,Refinancing,Conventional:First Lien,Not a high-cost mortgage,No negative amortization,Freddie Mac,50%-60%,8040.53,355000,Preapproval not requested,360
LOAN-00303,Application denied,Credit history,,,,235000.0,360,,VA,Cash-out refinancing,VA:First Lien,Not applicable,No negative amortization,Not applicable,30%-<36%,,,Preapproval not requested,360
LOAN-00304,Loan originated,Not applicable,,,,305000.0,360,5.625,Conventional,Home purchase,Conventional:First Lien,Not applicable,No negative amortization,"Credit union, mortgage company, or finance company",20%-<30%,7895.10,1595000,Preapproval not requested,360
LOAN-00305,Loan originated,Not applicable,,,,475000.0,360,5.25,VA,Home purchase,VA:First Lien,Not a high-cost mortgage,No negative amortization,"Credit union, mortgage company, or finance company",50%-60%,21899.18,465000,Preapproval not requested,360
LOAN-00306,Purchased loan,Not applicable,,,,345000.0,360,4.750,VA,Home purchase,VA:First Lien,Not a high-cost mortgage,No negative amortization,Ginnie Mae,,0.00,455000,Preapproval not requested,360
LOAN-00307,Loan originated,Not applicable,,,,445000.0,360,5.625,Conventional,Home purchase,Conventional:First Lien,Not a high-cost mortgage,No negative amortization,Not applicable,20%-<30%,3790.49,495000,Preapproval not requested,360
LOAN-00308,Purchased loan,Not applicable,,,,405000.0,360,5.75,FHA,Home purchase,FHA:First Lien,Not applicable,No negative amortization,Ginnie Mae,,23029.35,425000,Preapproval not requested,360
LOAN-00309,Loan originated,Not applicable,,,,225000.0,360,5.447,FHA,Cash-out refinancing,FHA:First Lien,Not a high-cost mortgage,No negative amortization,Ginnie Mae,50%-60%,13894.9,295000,Preapproval not requested,360
LOAN-00310,Application denied,Credit history,,,,205000.0,360,,Conventional,Home improvement,Conventional:Subordinate Lien,Not applicable,No negative amortization,Not applicable,,,,Preapproval not requested,360
LOAN-00311,Loan originated,Not applicable,,,,75000.0,300,5.990,Conventional,Other purpose,Conventional:Subordinate Lien,Not a high-cost mortgage,No negative amortization,Not applicable,<20%,,725000,Preapproval not requested,300
LOAN-00312,Loan originated,Not applicable,,,,325000.0,360,6.75,FHA,Home purchase,FHA:First Lien,Not a high-cost mortgage,No negative amortization,Ginnie Mae,45,12994.05,335000,Preapproval not requested,360
LOAN-00313,Loan originated,Not applicable,,,,1285000.0,360,6,Conventional,Home purchase,Conventional:First Lien,Not a high-cost mortgage,No negative amortization,Not applicable,20%-<30%,7485.2,1605000,Preapproval not requested,360
LOAN-00314,Loan originated,Not applicable,,,,505000.0,360,10.375,Conventional,Cash-out refinancing,Conventional:Subordinate Lien,Not a high-cost mortgage,No negative amortization,"Credit union, mortgage company, or finance company",48,4404.95,2255000,Preapproval not requested,360
LOAN-00315,Loan originated,Not applicable,,,,165000.0,480,9.24,Conventional,Other purpose,Conventional:Subordinate Lien,Not a high-cost mortgage,No negative amortization,Not applicable,44,,505000,Preapproval not requested,480
LOAN-00316,Application denied,Debt-to-income ratio,,,,615000.0,360,,FHA,Home purchase,FHA:First Lien,Not applicable,No negative amortization,Not applicable,50%-60%,,625000,Preapproval not requested,360
LOAN-00317,Loan originated,Not applicable,,,,145000.0,360,6.490,Conventional,Cash-out refinancing,Conventional:First Lien,Not a high-cost mortgage,No negative amortization,Freddie Mac,47,4653.96,875000,Preapproval not requested,360
LOAN-00318,Loan originated,Not applicable,,,,215000.0,360,9.630,Conventional,Other purpose,Conventional:Subordinate Lien,Not a high-cost mortgage,No negative amortization,Not applicable,49,,325000,Preapproval not requested,360
LOAN-00319,Loan originated,Not applicable,,,,295000.0,360,6.624,Conventional,Cash-out refinancing,Conventional:First Lien,Not a high-cost mortgage,No negative amortization,Fannie Mae,44,11324.25,845000,Preapproval not requested,360
LOAN-00320,Application denied,Collateral,,,,245000.0,360,,Conventional,Home purchase,Conventional:First Lien,Not applicable,No negative amortization,Not applicable,49,,205000,Preapproval not requested,360
LOAN-00321,Loan originated,Not applicable,,,,5000.0,120,8.990,Conventional,Home purchase,Conventional:Subordinate Lien,Not a high-cost mortgage,No negative amortization,"Credit union, mortgage company, or finance company",50%-60%,0.00,195000,Preapproval not requested,120
LOAN-00322,Application denied,Debt-to-income ratio,,,,115000.0,360,,Conventional,Other purpose,Conventional:Subordinate Lien,Not applicable,No negative amortization,Not applicable,49,,605000,Preapproval not requested,360
LOAN-00323,Loan originated,Not applicable,,,,315000.0,360,7.000,Conventional,Home purchase,Conventional:First Lien,Not a high-cost mortgage,No negative amortization,Not applicable,42,2433.00,315000,Preapproval requested,360
LOAN-00324,Loan originated,Not applicable,,,,145000.0,360,7.375,Conventional,Refinancing,Conventional:First Lien,Not applicable,No negative amortization,Affiliate institution,36,,195000,Preapproval not requested,360
LOAN-00325,Loan originated,Not applicable,,,,175000.0,180,6.250,Conventional,Cash-out refinancing,Conventional:First Lien,Not a high-cost mortgage,No negative amortization,Not applicable,50%-60%,34.00,245000,Preapproval not requested,180
LOAN-00326,Application denied,"Insufficient cash (downpayment, closing costs)",,,,105000.0,24,,Conventional,Home purchase,Conventional:Subordinate Lien,Not applicable,No negative amortization,Not applicable,,,,Preapproval not requested,24
LOAN-00327,Purchased loan,Not applicable,,,,385000.0,360,6.624,Conventional,Home purchase,Conventional:First Lien,Not a high-cost mortgage,No negative amortization,Fannie Mae,,4703.45,565000,Preapproval not requested,360
LOAN-00328,Loan originated,Not applicable,,,,155000.0,360,5.875,Conventional,Refinancing,Conventional:First Lien,Not a high-cost mortgage,No negative amortization,Freddie Mac,49,8564.06,285000,Preapproval not requested,360
LOAN-00329,Loan originated,Not applicable,,,,245000.0,360,1.990,Conventional,Home improvement,Conventional:First Lien,Not a high-cost mortgage,No negative amortization,Not applicable,20%-<30%,,995000,Preapproval not requested,360
LOAN-00330,Purchased loan,Not applicable,,,,195000.0,360,6.625,FHA,Home purchase,FHA:First Lien,Not a high-cost mortgage,No negative amortization,Ginnie Mae,,8502.65,195000,Preapproval not requested,360
LOAN-00331,Loan originated,Not applicable,,,,285000.0,360,7.5,Conventional,Home purchase,Conventional:First Lien,Not applicable,No negative amortization,Fannie Mae,38,5540.19,385000,Preapproval not requested,360
LOAN-00332,Application denied,Other,,,,35000.0,,,Conventional,Home improvement,Conventional:Subordinate Lien,Not applicable,No negative amortization,Not applicable,40,,,Preapproval not requested,
LOAN-00333,Application denied,Other,,,,965000.0,360,,Conventional,Home purchase,Conventional:First Lien,Not applicable,No negative amortization,Not applicable,39,,1205000,Preapproval not requested,360
LOAN-00334,Loan originated,Not applicable,,,,265000.0,360,6.375,Conventional,Home purchase,Conventional:First Lien,Not a high-cost mortgage,No negative amortization,Fannie Mae,44,7924.2,435000,Preapproval requested,360
LOAN-00335,Application denied,Debt-to-income ratio,,,,75000.0,240,,Conventional,Cash-out refinancing,Conventional:Subordinate Lien,Not applicable,No negative amortization,Not applicable,50%-60%,,1695000,Preapproval not requested,240
LOAN-00336,Loan originated,Not applicable,,,,345000.0,360,7.125,Conventional,Home purchase,Conventional:First Lien,Not a high-cost mortgage,No negative amortization,Not applicable,30%-<36%,8038.99,405000,Preapproval not requested,360
LOAN-00337,Loan originated,Not applicable,,,,65000.0,360,9.575,Conventional,Other purpose,Conventional:Subordinate Lien,Not a high-cost mortgage,No negative amortization,Private securitizer,36,1482.45,455000,Preapproval not requested,360
LOAN-00338,Application denied,Credit history,,,,175000.0,300,,Conventional,Home improvement,Conventional:Subordinate Lien,Not applicable,No negative amortization,Not applicable,43,,485000,Preapproval not requested,300
LOAN-00339,Application denied,Credit history,Debt-to-income ratio,,,15000.0,360,,Conventional,Other purpose,Conventional:Subordinate Lien,Not applicable,No negative amortization,Not applicable,50%-60%,,265000,Preapproval not requested,360
LOAN-00340,Purchased loan,Not applicable,,,,515000.0,360,5.750,FHA,Home purchase,FHA:First Lien,Not a high-cost mortgage,No negative amortization,Ginnie Mae,,10647.18,525000,Preapproval not requested,360
LOAN-00341,Loan originated,Not applicable,,,,85000.0,360,6.375,FHA,Other purpose,FHA:First Lien,Not a high-cost mortgage,No negative amortization,Not applicable,50%-60%,6204.36,235000,Preapproval not requested,360
LOAN-00342,Loan originated,Not applicable,,,,335000.0,360,5.625,VA,Home purchase,VA:First Lien,Not a high-cost mortgage,No negative amortization,Not applicable,20%-<30%,8954.65,375000,Preapproval not requested,360
LOAN-00343,Loan originated,Not applicable,,,,165000.0,360,6.875,Conventional,Home purchase,Conventional:First Lien,Not a high-cost mortgage,No negative amortization,Fannie Mae,<20%,3476.13,175000,Preapproval not requested,360
LOAN-00344,Loan originated,Not applicable,,,,65000.0,360,8.99,Conventional,Refinancing,Conventional:Subordinate Lien,Not a high-cost mortgage,No negative amortization,Not applicable,45,0.00,145000,Preapproval not requested,360
LOAN-00345,Loan originated,Not applicable,,,,205000.0,360,7.875,Conventional,Home purchase,Conventional:First Lien,Not a high-cost mortgage,No negative amortization,Other type of purchaser,44,,215000,Preapproval not requested,360
LOAN-00346,Purchased loan,Not applicable,,,,315000.0,360,6.625,VA,Home purchase,VA:First Lien,Not a high-cost mortgage,No negative amortization,Ginnie Mae,,15738.09,315000,Preapproval not requested,360
LOAN-00347,Loan originated,Not applicable,,,,35000.0,120,8.72,Conventional,Other purpose,Conventional:Subordinate Lien,Not a high-cost mortgage,No negative amortization,Not applicable,20%-<30%,0,145000,Preapproval not requested,120
LOAN-00348,Loan originated,Not applicable,,,,75000.0,180,4.875,FHA,Cash-out refinancing,FHA:First Lien,Not a high-cost mortgage,No negative amortization,Ginnie Mae,39,6742.25,495000,Preapproval not requested,180
LOAN-00349,Loan originated,Not applicable,,,,115000.0,359,6.750,Conventional,Home purchase,Conventional:First Lien,Not a high-cost mortgage,No negative amortization,Not applicable,20%-<30%,4465.98,205000,Preapproval not requested,359
LOAN-00350,Application denied,Credit application incomplete,,,,75000.0,120,,Conventional,Home improvement,Conventional:Subordinate Lien,Not applicable,No negative amortization,Not applicable,39,,365000,Preapproval not requested,120
LOAN-00351,Loan originated,Not applicable,,,,1095000.0,360,7.250,Conventional,Home purchase,Conventional:First Lien,Not a high-cost mortgage,No negative amortization,Not applicable,40,3385.50,1155000,Preapproval not requested,360
LOAN-00352,Application denied,Collateral,,,,15000.0,120,,Conventional,Other purpose,Conventional:Subordinate Lien,Not applicable,No negative amortization,Not applicable,50%-60%,,145000,Preapproval not requested,120
LOAN-00353,Loan originated,Not applicable,,,,385000.0,360,7.625,Conventional,Home purchase,Conventional:First Lien,Not a high-cost mortgage,No negative amortization,Not applicable,42,6749.07,395000,Preapproval not requested,360
LOAN-00354,Loan originated,Not applicable,,,,345000.0,360,6.75,Conventional,Home purchase,Conventional:First Lien,Not a high-cost mortgage,No negative amortization,Not applicable,40,13800.55,435000,Preapproval not requested,360
LOAN-00355,Application denied,Debt-to-income ratio,,,,335000.0,360,,Conventional,Home purchase,Conventional:First Lien,Not applicable,No negative amortization,Not applicable,>60%,,345000,Preapproval not requested,360
LOAN-00356,Loan originated,Not applicable,,,,155000.0,180,5.875,Conventional,Home purchase,Conventional:First Lien,Not a high-cost mortgage,No negative amortization,Not applicable,<20%,3706,1265000,Preapproval not requested,180
LOAN-00357,Loan originated,Not applicable,,,,255000.0,360,5.875,FHA,Refinancing,FHA:First Lien,Not a high-cost mortgage,No negative amortization,Not applicable,50%-60%,18080.82,355000,Preapproval not requested,360
LOAN-00358,Loan originated,Not applicable,,,,195000.0,360,10.600,Conventional,Home improvement,Conventional:Subordinate Lien,Not applicable,No negative amortization,Not applicable,41,,935000,Preapproval not requested,360
LOAN-00359,Loan originated,Not applicable,,,,585000.0,360,5.375,VA,Home purchase,VA:First Lien,Not a high-cost mortgage,No negative amortization,Not applicable,30%-<36%,39457.7,575000,Preapproval not requested,360
LOAN-00360,Application denied,Credit history,,,,55000.0,360,,Conventional,Home improvement,Conventional:Subordinate Lien,Not applicable,No negative amortization,Not applicable,<20%,,175000,Preapproval not requested,360
LOAN-00361,Loan originated,Not applicable,,,,25000.0,360,12.85,Conventional,Other purpose,Conventional:Subordinate Lien,Not a high-cost mortgage,No negative amortization,Private securitizer,49,,595000,Preapproval not requested,360
LOAN-00362,Loan originated,Not applicable,,,,95000.0,300,6.490,Conventional,Home improvement,Conventional:Subordinate Lien,Not a high-cost mortgage,No negative amortization,Not applicable,37,,605000,Preapproval not requested,300
LOAN-00363,Application denied,Collateral,,,,185000.0,360,,Conventional,Home purchase,Conventional:First Lien,Not applicable,No negative amortization,Not applicable,30%-<36%,,185000,Preapproval not requested,360
LOAN-00364,Application denied,Debt-to-income ratio,,,,25000.0,300,,Conventional,Home improvement,Conventional:Subordinate Lien,Not applicable,No negative amortization,Not applicable,>60%,,125000,Preapproval not requested,300
LOAN-00365,Purchased loan,Not applicable,,,,155000.0,360,6.25,FHA,Home purchase,FHA:First Lien,Not a high-cost mortgage,No negative amortization,Ginnie Mae,,2780.32,155000,Preapproval not requested,360
LOAN-00366,Application denied,Debt-to-income ratio,,,,55000.0,360,,Conventional,Home improvement,Conventional:Subordinate Lien,Not applicable,No negative amortization,Not applicable,48,,275000,Preapproval not requested,360
LOAN-00367,Application denied,Credit application incomplete,,,,245000.0,180,,Conventional,Cash-out refinancing,Conventional:First Lien,Not applicable,No negative amortization,Not applicable,30%-<36%,,315000,Preapproval not requested,180
LOAN-00368,Application denied,Credit history,,,,55000.0,,,Conventional,Home improvement,Conventional:First Lien,Not applicable,No negative amortization,Not applicable,47,,165000,Preapproval not requested,
LOAN-00369,Loan originated,Not applicable,,,,295000.0,360,7.5,Conventional,Home purchase,Conventional:First Lien,Not a high-cost mortgage,No negative amortization,Not applicable,20%-<30%,4867.7,315000,Preapproval not requested,360
LOAN-00370,Loan originated,Not applicable,,,,185000.0,,6.360,FHA,Refinancing,FHA:First Lien,Not applicable,No negative amortization,Ginnie Mae,,,415000,Preapproval not requested,
LOAN-00371,Application denied,Unverifiable information,,,,765000.0,360,,Conventional,Home purchase,Conventional:First Lien,Not applicable,No negative amortization,Not applicable,48,,1015000,Preapproval not requested,360
LOAN-00372,Loan originated,Not applicable,,,,555000.0,360,6.125,VA,Cash-out refinancing,VA:First Lien,Not a high-cost mortgage,No negative amortization,"Credit union, mortgage company, or finance company",20%-<30%,15546.95,575000,Preapproval not requested,360
LOAN-00373,Purchased loan,Not applicable,,,,515000.0,360,7.5,Conventional,Home purchase,Conventional:First Lien,Not a high-cost mortgage,No negative amortization,Freddie Mac,,2911.35,545000,Preapproval not requested,360
LOAN-00374,Loan originated,Not applicable,,,,1475000.0,360,5.250,Conventional,Home purchase,Conventional:First Lien,Not a high-cost mortgage,No negative amortization,Not applicable,37,5087.38,2105000,Preapproval not requested,360
LOAN-00375,Loan originated,Not applicable,,,,255000.0,360,7,FHA,Home purchase,FHA:First Lien,Not a high-cost mortgage,No negative amortization,Other type of purchaser,48,14398.76,265000,Preapproval not requested,360
LOAN-00376,Application denied,Collateral,,,,435000.0,360,,Conventional,Cash-out refinancing,Conventional:First Lien,Not applicable,No negative amortization,Not applicable,49,,725000,Preapproval not requested,360
LOAN-00377,Application denied,Credit history,Debt-to-income ratio,,,55000.0,480,,Conventional,Other purpose,Conventional:Subordinate Lien,Not applicable,No negative amortization,Not applicable,20%-<30%,,475000,Preapproval not requested,480
LOAN-00378,Loan originated,Not applicable,,,,65000.0,240,8.550,Conventional,Other purpose,Conventional:Subordinate Lien,Not a high-cost mortgage,No negative amortization,Not applicable,36,150.00,265000,Preapproval not requested,240
LOAN-00379,Application denied,Debt-to-income ratio,,,,405000.0,360,,Conventional,Home improvement,Conventional:Subordinate Lien,Not applicable,No negative amortization,Not applicable,50%-60%,,975000,Preapproval not requested,360
LOAN-00380,Loan originated,Not applicable,,,,495000.0,360,6.950,Conventional,Home purchase,Conventional:First Lien,Not a high-cost mortgage,No negative amortization,Freddie Mac,49,7413.00,525000,Preapproval not requested,360
LOAN-00381,Application denied,Credit history,Debt-to-income ratio,,,45000.0,240,,Conventional,Other purpose,Conventional:First Lien,Not applicable,No negative amortization,Not applicable,<20%,,175000,Preapproval not requested,240
LOAN-00382,Loan originated,Not applicable,,,,95000.0,360,6.375,Conventional,Home purchase,Conventional:First Lien,Not applicable,No negative amortization,Fannie Mae,30%-<36%,4365.50,195000,Preapproval not requested,360
LOAN-00383,Loan originated,Not applicable,,,,445000.0,360,6.990,Conventional,Home purchase,Conventional:First Lien,Not a high-cost mortgage,No negative amortization,Not applicable,50%-60%,,1255000,Preapproval not requested,360
LOAN-00384,Loan originated,Not applicable,,,,505000.0,324,2.875,VA,Home purchase,VA:First Lien,Not a high-cost mortgage,No negative amortization,Not applicable,50%-60%,789.00,505000,Preapproval not requested,324
LOAN-00385,Application denied,Credit history,,,,315000.0,360,,VA,Home purchase,VA:First Lien,Not applicable,No negative amortization,Not applicable,20%-<30%,,,Preapproval not requested,360
LOAN-00386,Application denied,Debt-to-income ratio,,,,55000.0,84,,Conventional,Cash-out refinancing,Conventional:Subordinate Lien,Not applicable,No negative amortization,Not applicable,>60%,,405000,Preapproval not requested,84
LOAN-00387,Loan originated,Not applicable,,,,475000.0,360,6.250,FHA,Home purchase,FHA:First Lien,Not a high-cost mortgage,No negative amortization,Ginnie Mae,50%-60%,24479,485000,Preapproval not requested,360
LOAN-00388,Application denied,Debt-to-income ratio,Collateral,,,475000.0,300,,Conventional,Other purpose,Conventional:Subordinate Lien,Not applicable,No negative amortization,Not applicable,>60%,,1215000,Preapproval not requested,300
LOAN-00389,Loan originated,Not applicable,,,,255000.0,360,5.500,FHA,Home purchase,FHA:First Lien,Not a high-cost mortgage,No negative amortization,Life insurance company,50%-60%,7860.91,265000,Preapproval not requested,360
LOAN-00390,Application denied,Credit history,,,,125000.0,300,,Conventional,Home purchase,Conventional:First Lien,Not applicable,No negative amortization,Not applicable,>60%,,125000,Preapproval not requested,300
LOAN-00391,Loan originated,Not applicable,,,,65000.0,360,9.350,Conventional,Cash-out refinancing,Conventional:Subordinate Lien,Not a high-cost mortgage,No negative amortization,Not applicable,43,,395000,Preapproval not requested,360
LOAN-00392,Application denied,"Insufficient cash (downpayment, closing costs)",,,,715000.0,360,,Conventional,Home purchase,Conventional:First Lien,Not applicable,No negative amortization,Not applicable,45,,985000,Preapproval not requested,360
LOAN-00393,Loan originated,Not applicable,,,,75000.0,180,7.000,Conventional,Cash-out refinancing,Conventional:First Lien,Not a high-cost mortgage,No negative amortization,Fannie Mae,39,2665.25,235000,Preapproval not requested,180
LOAN-00394,Loan originated,Not applicable,,,,105000.0,,7.370,FHA,Other purpose,FHA:First Lien,Not applicable,Negative amortization,Ginnie Mae,,,285000,Preapproval not requested,
LOAN-00395,Loan originated,Not applicable,,,,275000.0,360,5.250,FHA,Home purchase,FHA:First Lien,Not a high-cost mortgage,No negative amortization,"Credit union, mortgage company, or finance company",30%-<36%,10811.17,285000,Preapproval not requested,360
LOAN-00396,Loan originated,Not applicable,,,,145000.0,240,6.625,Conventional,Home purchase,Conventional:First Lien,Not applicable,No negative amortization,Freddie Mac,43,,185000,Preapproval not requested,240
LOAN-00397,Application denied,Collateral,,,,35000.0,,,Conventional,Other purpose,Conventional:Subordinate Lien,Not applicable,No negative amortization,Not applicable,>60%,,305000,Preapproval not requested,
LOAN-00398,Application denied,Debt-to-income ratio,,,,25000.0,360,,Conventional,Other purpose,Conventional:Subordinate Lien,Not applicable,No negative amortization,Not applicable,49,,,Preapproval not requested,360
LOAN-00399,Purchased loan,Not applicable,,,,405000.0,360,7.375,Conventional,Home purchase,Conventional:First Lien,Not a high-cost mortgage,No negative amortization,Freddie Mac,,9748.00,425000,Preapproval not requested,360
LOAN-00400,Purchased loan,Not applicable,,,,235000.0,360,5.875,Conventional,Home purchase,Conventional:First Lien,Not a high-cost mortgage,No negative amortization,Fannie Mae,,3889.63,265000,Preapproval not requested,360
LOAN-00401,Application denied,Debt-to-income ratio,,,,205000.0,360,,Conventional,Refinancing,Conventional:First Lien,Not applicable,No negative amortization,Not applicable,45,,295000,Preapproval not requested,360
LOAN-00402,Loan originated,Not applicable,,,,105000.0,300,8.5,Conventional,Refinancing,Conventional:Subordinate Lien,Not a high-cost mortgage,No negative amortization,Not applicable,30%-<36%,,825000,Preapproval not requested,300
LOAN-00403,Loan originated,Not applicable,,,,195000.0,360,5.750,FHA,Refinancing,FHA:First Lien,Not a high-cost mortgage,No negative amortization,Ginnie Mae,,4416.91,205000,Preapproval not requested,360
LOAN-00404,Loan originated,Not applicable,,,,255000.0,360,6.000,Conventional,Refinancing,Conventional:First Lien,Not applicable,No negative amortization,Not applicable,42,,335000,Preapproval not requested,360
LOAN-00405,Application denied,Debt-to-income ratio,Credit history,,,515000.0,360,,FHA,Home purchase,FHA:First Lien,Not applicable,No negative amortization,Not applicable,50%-60%,,,Preapproval not requested,360
LOAN-00406,Application denied,Debt-to-income ratio,,,,525000.0,360,,Conventional,Home purchase,Conventional:First Lien,Not applicable,No negative amortization,Not applicable,>60%,,555000,Preapproval not requested,360
LOAN-00407,Loan originated,Not applicable,,,,105000.0,480,8.24,Conventional,Other purpose,Conventional:Subordinate Lien,Not a high-cost mortgage,No negative amortization,Not applicable,30%-<36%,,925000,Preapproval not requested,480
LOAN-00408,Application denied,Credit history,,,,55000.0,360,,Conventional,Cash-out refinancing,Conventional:First Lien,Not applicable,No negative amortization,Not applicable,20%-<30%,,,Preapproval not requested,360
LOAN-00409,Purchased loan,Not applicable,,,,225000.0,360,6.09,FHA,Home purchase,FHA:First Lien,Not a high-cost mortgage,No negative amortization,Ginnie Mae,,7220.5,245000,Preapproval not requested,360
LOAN-00410,Loan originated,Not applicable,,,,485000.0,360,7.125,Conventional,Home purchase,Conventional:First Lien,Not a high-cost mortgage,No negative amortization,"Commercial bank, savings bank, or savings association",47,4179.00,585000,Preapproval not requested,360
LOAN-00411,Application denied,Debt-to-income ratio,,,,2385000.0,360,,Conventional,Home purchase,Conventional:First Lien,Not applicable,No negative amortization,Not applicable,>60%,,2805000,Preapproval not requested,360
LOAN-00412,Purchased loan,Not applicable,,,,215000.0,360,10.720,Conventional,Home improvement,Conventional:Subordinate Lien,Not applicable,No negative amortization,Not applicable,,,705000,Preapproval not requested,360
LOAN-00413,Loan originated,Not applicable,,,,35000.0,180,6.990,Conventional,Home improvement,Conventional:First Lien,Not a high-cost mortgage,No negative amortization,Not applicable,<20%,0.00,65000,Preapproval not requested,180
LOAN-00414,Loan originated,Not applicable,,,,355000.0,360,5.625,VA,Refinancing,VA:First Lien,Not a high-cost mortgage,No negative amortization,Ginnie Mae,,4263.33,395000,Preapproval not requested,360
LOAN-00415,Application denied,Credit history,,,,65000.0,60,,Conventional,Home improvement,Conventional:Subordinate Lien,Not applicable,No negative amortization,Not applicable,30%-<36%,,1115000,Preapproval not requested,60
LOAN-00416,Loan originated,Not applicable,,,,495000.0,360,7.125,Conventional,Home purchase,Conventional:First Lien,Not a high-cost mortgage,No negative amortization,Fannie Mae,39,11032.50,555000,Preapproval not requested,360
LOAN-00417,Loan originated,Not applicable,,,,55000.0,180,11.250,Conventional,Other purpose,Conventional:Subordinate Lien,Not a high-cost mortgage,No negative amortization,Not applicable,36,495.00,225000,Preapproval not requested,180
LOAN-00418,Loan originated,Not applicable,,,,295000.0,360,7.125,Conventional,Cash-out refinancing,Conventional:First Lien,Not applicable,No negative amortization,Fannie Mae,39,,415000,Preapproval not requested,360
LOAN-00419,Application denied,Credit history,,,,145000.0,12,,Conventional,Home purchase,Conventional:First Lien,Not applicable,No negative amortization,Not applicable,,,,Preapproval not requested,12
LOAN-00420,Purchased loan,Not applicable,,,,285000.0,360,5.990,FHA,Home purchase,FHA:First Lien,Not a high-cost mortgage,No negative amortization,Ginnie Mae,,6864.82,295000,Preapproval not requested,360
LOAN-00421,Loan originated,Not applicable,,,,55000.0,360,10.750,Conventional,Other purpose,Conventional:Subordinate Lien,Not a high-cost mortgage,No negative amortization,"Credit union, mortgage company, or finance company",43,,355000,Preapproval not requested,360
LOAN-00422,Application denied,Unverifiable information,,,,195000.0,360,,Conventional,Home purchase,Conventional:First Lien,Not applicable,No negative amortization,Not applicable,30%-<36%,,225000,Preapproval not requested,360
LOAN-00423,Loan originated,Not applicable,,,,375000.0,360,4.99,Conventional,Home purchase,Conventional:First Lien,Not a high-cost mortgage,No negative amortization,Fannie Mae,36,5425.89,475000,Preapproval not requested,360
LOAN-00424,Loan originated,1111,,,,55000.0,Exempt,Exempt,Conventional,Home improvement,Conventional:Subordinate Lien,Not a high-cost mortgage,Exempt,Not applicable,Exempt,Exempt,Exempt,Preapproval not requested,Exempt
LOAN-00425,Loan originated,Not applicable,,,,195000.0,360,7.750,Conventional,Home purchase,Conventional:First Lien,Not applicable,No negative amortization,Other type of purchaser,,,275000,Preapproval not requested,360
LOAN-00426,Purchased loan,Not applicable,,,,265000.0,360,6.99,Conventional,Home purchase,Conventional:First Lien,Not a high-cost mortgage,No negative amortization,Not applicable,,5902.90,365000,Preapproval not requested,360
LOAN-00427,Loan originated,Not applicable,,,,45000.0,240,8.75,Conventional,Other purpose,Conventional:Subordinate Lien,Not a high-cost mortgage,No negative amortization,Not applicable,43,2623.00,655000,Preapproval not requested,240
LOAN-00428,Application denied,Debt-to-income ratio,,,,5000.0,360,,Conventional,Refinancing,Conventional:First Lien,Not applicable,No negative amortization,Not applicable,,,605000,Preapproval not requested,360
LOAN-00429,Loan originated,Not applicable,,,,725000.0,360,7.125,Conventional,Home purchase,Conventional:First Lien,Not a high-cost mortgage,No negative amortization,"Commercial bank, savings bank, or savings association",49,6095.67,765000,Preapproval not requested,360
LOAN-00430,Loan originated,Not applicable,,,,245000.0,360,7.125,Conventional,Home purchase,Conventional:First Lien,Not a high-cost mortgage,No negative amortization,"Commercial bank, savings bank, or savings association",37,4120.00,305000,Preapproval not requested,360
LOAN-00431,Loan originated,Not applicable,,,,5000.0,120,9.750,Conventional,Home purchase,Conventional:Subordinate Lien,Not a high-cost mortgage,No negative amortization,Fannie Mae,41,0.00,285000,Preapproval not requested,120
LOAN-00432,Loan originated,Not applicable,,,,75000.0,240,9,Conventional,Other purpose,Conventional:Subordinate Lien,Not a high-cost mortgage,No negative amortization,Private securitizer,42,3699.00,555000,Preapproval not requested,240
LOAN-00433,Loan originated,Not applicable,,,,155000.0,360,6.875,Conventional,Home purchase,Conventional:First Lien,Not a high-cost mortgage,No negative amortization,Freddie Mac,30%-<36%,9117.69,215000,Preapproval not requested,360
LOAN-00434,Loan originated,Not applicable,,,,1105000.0,360,6.500,Conventional,Home purchase,Conventional:First Lien,Not a high-cost mortgage,No negative amortization,"Commercial bank, savings bank, or savings association",20%-<30%,12391.02,1375000,Preapproval not requested,360
LOAN-00435,Purchased loan,Not applicable,,,,125000.0,360,5.49,FHA,Home purchase,FHA:First Lien,Not a high-cost mortgage,No negative amortization,Ginnie Mae,,2187.50,335000,Preapproval not requested,360
LOAN-00436,Loan originated,Not applicable,,,,345000.0,360,6.625,Conventional,Home purchase,Conventional:First Lien,Not a high-cost mortgage,No negative amortization,Fannie Mae,36,5713.69,535000,Preapproval not requested,360
LOAN-00437,Purchased loan,Not applicable,,,,105000.0,360,6.250,FHA,Cash-out refinancing,FHA:First Lien,Not a high-cost mortgage,No negative amortization,Ginnie Mae,,6002.75,125000,Preapproval not requested,360
LOAN-00438,Loan originated,Not applicable,,,,315000.0,360,6.875,Conventional,Home purchase,Conventional:First Lien,Not a high-cost mortgage,No negative amortization,Fannie Mae,20%-<30%,5162.66,325000,Preapproval requested,360
LOAN-00439,Purchased loan,Not applicable,,,,965000.0,360,7.625,FHA,Home purchase,FHA:First Lien,Not a high-cost mortgage,No negative amortization,Ginnie Mae,,22556.30,1055000,Preapproval not requested,360
LOAN-00440,Loan originated,Not applicable,,,,765000.0,360,6.625,Conventional,Home purchase,Conventional:First Lien,Not a high-cost mortgage,No negative amortization,"Credit union, mortgage company, or finance company",20%-<30%,12767.21,995000,Preapproval not requested,360
LOAN-00441,Loan originated,Not applicable,,,,95000.0,360,6.125,Conventional,Home purchase,Conventional:First Lien,Not a high-cost mortgage,No negative amortization,Freddie Mac,30%-<36%,2875.75,125000,Preapproval not requested,360
LOAN-00442,Loan originated,Not applicable,,,,225000.0,360,5.49,VA,Refinancing,VA:First Lien,Not a high-cost mortgage,No negative amortization,Ginnie Mae,,6672.71,265000,Preapproval not requested,360
LOAN-00443,Purchased loan,Not applicable,,,,95000.0,360,6.750,Conventional,Home purchase,Conventional:First Lien,Not a high-cost mortgage,No negative amortization,Freddie Mac,,4131.70,95000,Preapproval not requested,360
LOAN-00444,Loan originated,Not applicable,,,,305000.0,360,6.000,FHA,Home purchase,FHA:First Lien,Not a high-cost mortgage,No negative amortization,Ginnie Mae,50%-60%,9503.58,315000,Preapproval not requested,360
LOAN-00445,Application denied,Credit history,,,,225000.0,240,,Conventional,Home purchase,Conventional:First Lien,Not applicable,No negative amortization,Not applicable,>60%,,235000,Preapproval not requested,240
LOAN-00446,Loan originated,Not applicable,,,,385000.0,360,6.000,Conventional,Home purchase,Conventional:First Lien,Not a high-cost mortgage,No negative amortization,Freddie Mac,30%-<36%,4665.00,435000,Preapproval not requested,360
LOAN-00447,Application denied,Credit application incomplete,,,,85000.0,360,,Conventional,Cash-out refinancing,Conventional:Subordinate Lien,Not applicable,No negative amortization,Not applicable,,,525000,Preapproval not requested,360
LOAN-00448,Loan originated,Not applicable,,,,105000.0,360,7.250,FHA,Home purchase,FHA:First Lien,Not a high-cost mortgage,No negative amortization,Ginnie Mae,50%-60%,2782.41,105000,Preapproval not requested,360
LOAN-00449,Loan originated,Not applicable,,,,315000.0,180,7.865,Conventional,Home improvement,Conventional:Subordinate Lien,Not a high-cost mortgage,No negative amortization,Not applicable,30%-<36%,632.35,945000,Preapproval not requested,180
LOAN-00450,Loan originated,Not applicable,,,,545000.0,360,7,Conventional,Home purchase,Conventional:First Lien,Not a high-cost mortgage,No negative amortization,Not applicable,38,3880.00,585000,Preapproval not requested,360
LOAN-00451,Loan originated,Not applicable,,,,125000.0,360,5.99,Conventional,Cash-out refinancing,Conventional:First Lien,Not a high-cost mortgage,No negative amortization,Not applicable,36,3973.95,215000,Preapproval not requested,360
LOAN-00452,Loan originated,Not applicable,,,,15000.0,144,12.99,Conventional,Home purchase,Conventional:First Lien,Not a high-cost mortgage,No negative amortization,Not applicable,20%-<30%,,15000,Preapproval not requested,144
LOAN-00453,Application denied,Credit history,,,,125000.0,300,,Conventional,Home purchase,Conventional:First Lien,Not applicable,No negative amortization,Not applicable,30%-<36%,,135000,Preapproval not requested,300
LOAN-00454,Application denied,Credit history,,,,25000.0,240,,Conventional,Home purchase,Conventional:First Lien,Not applicable,No negative amortization,Not applicable,<20%,,25000,Preapproval not requested,240
LOAN-00455,Loan originated,Not applicable,,,,585000.0,360,6.999,Conventional,Home purchase,Conventional:First Lien,Not a high-cost mortgage,No negative amortization,Freddie Mac,48,6406.92,615000,Preapproval not requested,360
LOAN-00456,Purchased loan,Not applicable,,,,525000.0,360,7.5,Conventional,Cash-out refinancing,Conventional:First Lien,Not a high-cost mortgage,No negative amortization,Freddie Mac,,11804.72,665000,Preapproval not requested,360
LOAN-00457,Loan originated,Not applicable,,,,45000.0,120,7.64,Conventional,Refinancing,Conventional:First Lien,Not a high-cost mortgage,No negative amortization,Not applicable,37,532.50,155000,Preapproval not requested,120
LOAN-00458,Loan originated,Not applicable,,,,435000.0,360,5.749,VA,Cash-out refinancing,VA:First Lien,Not a high-cost mortgage,No negative amortization,Ginnie Mae,45,9742.54,435000,Preapproval not requested,360
LOAN-00459,Application denied,Debt-to-income ratio,,,,155000.0,120,,Conventional,Refinancing,Conventional:First Lien,Not applicable,No negative amortization,Not applicable,<20%,,,Preapproval not requested,120
LOAN-00460,Application denied,Debt-to-income ratio,,,,225000.0,300,,Conventional,Refinancing,Conventional:Subordinate Lien,Not applicable,No negative amortization,Not applicable,>60%,,375000,Preapproval not requested,300
LOAN-00461,Loan originated,Not applicable,,,,435000.0,360,6.125,VA,Home purchase,VA:First Lien,Not a high-cost mortgage,No negative amortization,Ginnie Mae,39,18338.24,435000,Preapproval not requested,360
LOAN-00462,Loan originated,Not applicable,,,,145000.0,360,6.375,Conventional,Cash-out refinancing,Conventional:First Lien,Not a high-cost mortgage,No negative amortization,"Commercial bank, savings bank, or savings association",49,2878.80,425000,Preapproval not requested,360
LOAN-00463,Loan originated,Not applicable,,,,95000.0,360,7.750,FHA,Home purchase,FHA:First Lien,Not a high-cost mortgage,No negative amortization,"Credit union, mortgage company, or finance company",30%-<36%,5852.18,95000,Preapproval not requested,360
LOAN-00464,Loan originated,Not applicable,,,,215000.0,360,7.3750,Conventional,Home purchase,Conventional:First Lien,Not applicable,No negative amortization,Fannie Mae,49,4081.15,375000,Preapproval not requested,360
LOAN-00465,Application denied,Debt-to-income ratio,Credit history,,,115000.0,240,,Conventional,Other purpose,Conventional:Subordinate Lien,Not applicable,No negative amortization,Not applicable,50%-60%,,415000,Preapproval not requested,240
LOAN-00466,Loan originated,Not applicable,,,,65000.0,240,9.5,Conventional,Other purpose,Conventional:Subordinate Lien,Not a high-cost mortgage,No negative amortization,Private securitizer,30%-<36%,2752.40,325000,Preapproval not requested,240
LOAN-00467,Loan originated,Not applicable,,,,15000.0,180,14.990,Conventional,Other purpose,Conventional:Subordinate Lien,Not a high-cost mortgage,No negative amortization,Not applicable,20%-<30%,,325000,Preapproval not requested,180
LOAN-00468,Application denied,Employment history,,,,605000.0,360,,Conventional,Home purchase,Conventional:First Lien,Not applicable,No negative amortization,Not applicable,<20%,,505000,Preapproval not requested,360
LOAN-00469,Purchased loan,Not applicable,,,,475000.0,360,6.000,FHA,Home purchase,FHA:First Lien,Not a high-cost mortgage,No negative amortization,Not applicable,,23543.66,495000,Preapproval not requested,360
LOAN-00470,Loan originated,Not applicable,,,,375000.0,360,5.75,VA,Cash-out refinancing,VA:First Lien,Not a high-cost mortgage,No negative amortization,Ginnie Mae,44,13778.2,455000,Preapproval not requested,360
LOAN-00471,Loan originated,Not applicable,,,,55000.0,120,9.56,Conventional,Home improvement,Conventional:Subordinate Lien,Not a high-cost mortgage,No negative amortization,Not applicable,>60%,0.00,525000,Preapproval not requested,120
LOAN-00472,Loan originated,Not applicable,,,,195000.0,360,7.500,Conventional,Home purchase,Conventional:First Lien,Not a high-cost mortgage,No negative amortization,Freddie Mac,45,7456.20,235000,Preapproval not requested,360
LOAN-00473,Application denied,Credit application incomplete,,,,55000.0,180,,Conventional,Home improvement,Conventional:First Lien,Not applicable,No negative amortization,Not applicable,<20%,,545000,Preapproval not requested,180
LOAN-00474,Loan originated,Not applicable,,,,205000.0,360,5.750,Conventional,Home purchase,Conventional:First Lien,Not applicable,No negative amortization,"Credit union, mortgage company, or finance company",20%-<30%,,265000,Preapproval not requested,360
LOAN-00475,Loan originated,Not applicable,,,,535000.0,360,5.25,Conventional,Home purchase,Conventional:First Lien,Not a high-cost mortgage,No negative amortization,Fannie Mae,47,4094.36,595000,Preapproval not requested,360
LOAN-00476,Preapproval request denied,Credit history,,,,95000.0,360,,Conventional,Home purchase,Conventional:First Lien,Not applicable,No negative amortization,Not applicable,20%-<30%,,105000,Preapproval requested,360
LOAN-00477,Loan originated,Not applicable,,,,25000.0,480,11.5,Conventional,Other purpose,Conventional:Subordinate Lien,Not a high-cost mortgage,No negative amortization,Not applicable,47,,875000,Preapproval not requested,480
LOAN-00478,Loan originated,Not applicable,,,,25000.0,60,11.3,Conventional,Other purpose,Conventional:Subordinate Lien,Not a high-cost mortgage,No negative amortization,Private securitizer,48,,815000,Preapproval not requested,60
LOAN-00479,Loan originated,Not applicable,,,,105000.0,360,7.000,Conventional,Home purchase,Conventional:First Lien,High-cost mortgage,No negative amortization,"Commercial bank, savings bank, or savings association",20%-<30%,9587.30,135000,Preapproval not requested,360
LOAN-00480,Application denied,Credit application incomplete,,,,205000.0,360,,VA,Cash-out refinancing,VA:First Lien,Not applicable,No negative amortization,Not applicable,20%-<30%,,,Preapproval not requested,360
LOAN-00481,Application denied,Collateral,,,,185000.0,360,,Conventional,Home purchase,Conventional:First Lien,Not applicable,No negative amortization,Not applicable,,,205000,Preapproval not requested,360
LOAN-00482,Application denied,Credit application incomplete,,,,285000.0,360,,FHA,Cash-out refinancing,FHA:First Lien,Not applicable,No negative amortization,Not applicable,,,355000,Preapproval not requested,360
LOAN-00483,Application denied,Credit history,,,,35000.0,60,,Conventional,Other purpose,Conventional:First Lien,Not applicable,No negative amortization,Not applicable,38,,85000,Preapproval not requested,60
LOAN-00484,Loan originated,Not applicable,,,,95000.0,360,8.600,Conventional,Refinancing,Conventional:First Lien,Not a high-cost mortgage,No negative amortization,Not applicable,49,,305000,Preapproval not requested,360
LOAN-00485,Application denied,Other,,,,205000.0,120,,Conventional,Other purpose,Conventional:First Lien,Not applicable,No negative amortization,Not applicable,46,,265000,Preapproval not requested,120
LOAN-00486,Application denied,Credit history,,,,185000.0,360,,FHA,Cash-out refinancing,FHA:First Lien,Not applicable,No negative amortization,Not applicable,30%-<36%,,275000,Preapproval not requested,360
LOAN-00487,Loan originated,Not applicable,,,,105000.0,360,6.875,Conventional,Home purchase,Conventional:First Lien,Not a high-cost mortgage,No negative amortization,"Credit union, mortgage company, or finance company",41,5641.00,555000,Preapproval not requested,360
LOAN-00488,Application denied,Debt-to-income ratio,,,,45000.0,360,,Conventional,Home improvement,Conventional:Subordinate Lien,Not applicable,No negative amortization,Not applicable,49,,495000,Preapproval not requested,360
LOAN-00489,Purchased loan,Not applicable,,,,325000.0,360,6.000,FHA,Home purchase,FHA:First Lien,Not a high-cost mortgage,No negative amortization,Ginnie Mae,,9148.06,335000,Preapproval not requested,360
LOAN-00490,Application denied,Credit history,"Insufficient cash (downpayment, closing costs)",,,95000.0,300,,Conventional,Home purchase,Conventional:First Lien,Not applicable,No negative amortization,Not applicable,30%-<36%,,105000,Preapproval not requested,300
LOAN-00491,Loan originated,Not applicable,,,,75000.0,360,9.850,Conventional,Other purpose,Conventional:Subordinate Lien,Not a high-cost mortgage,No negative amortization,Not applicable,39,0.00,395000,Preapproval not requested,360
LOAN-00492,Loan originated,Not applicable,,,,205000.0,360,6.625,FHA,Home purchase,FHA:First Lien,Not a high-cost mortgage,No negative amortization,Other type of purchaser,30%-<36%,10488.55,215000,Preapproval not requested,360
LOAN-00493,Application denied,Credit history,Other,,,25000.0,360,,Conventional,Home improvement,Conventional:Subordinate Lien,Not applicable,No negative amortization,Not applicable,30%-<36%,,405000,Preapproval not requested,360
LOAN-00494,Purchased loan,Not applicable,,,,125000.0,360,7.125,FHA,Home purchase,FHA:First Lien,Not a high-cost mortgage,No negative amortization,Ginnie Mae,,4694.64,125000,Preapproval not requested,360
LOAN-00495,Application denied,Credit application incomplete,,,,45000.0,360,,Conventional,Other purpose,Conventional:Subordinate Lien,Not applicable,No negative amortization,Not applicable,20%-<30%,,,Preapproval not requested,360
LOAN-00496,Loan originated,Not applicable,,,,125000.0,360,6.875,Conventional,Home purchase,Conventional:First Lien,Not a high-cost mortgage,No negative amortization,Freddie Mac,36,1260.00,155000,Preapproval requested,360
LOAN-00497,Loan originated,Not applicable,,,,435000.0,360,6.875,Conventional,Home purchase,Conventional:First Lien,Not a high-cost mortgage,No negative amortization,"Commercial bank, savings bank, or savings association",20%-<30%,3561.75,545000,Preapproval not requested,360
LOAN-00498,Loan originated,Not applicable,,,,655000.0,360,6.99,Conventional,Refinancing,Conventional:First Lien,Not a high-cost mortgage,No negative amortization,Freddie Mac,37,1000,835000,Preapproval not requested,360
LOAN-00499,Loan originated,Not applicable,,,,455000.0,360,8.000,Conventional,Home purchase,Conventional:First Lien,Not a high-cost mortgage,No negative amortization,Not applicable,>60%,12345.86,645000,Preapproval not requested,360
LOAN-00500,Loan originated,Not applicable,,,,1155000.0,360,7.125,FHA,Home purchase,FHA:First Lien,Not a high-cost mortgage,No negative amortization,Other type of purchaser,44,29806.15,1175000,Preapproval not requested,360
LOAN-00501,Loan originated,Not applicable,,,,85000.0,,4.5,Conventional,Refinancing,Conventional:First Lien,Not applicable,No negative amortization,Not applicable,49,,175000,Preapproval not requested,
LOAN-00502,Loan originated,Not applicable,,,,215000.0,360,9.250,Conventional,Other purpose,Conventional:Subordinate Lien,Not a high-cost mortgage,No negative amortization,Not applicable,48,,525000,Preapproval not requested,360
LOAN-00503,Application denied,Credit history,,,,25000.0,120,,Conventional,Cash-out refinancing,Conventional:Subordinate Lien,Not applicable,No negative amortization,Not applicable,37,,325000,Preapproval not requested,120
LOAN-00504,Loan originated,Not applicable,,,,105000.0,360,7.625,Conventional,Home purchase,Conventional:First Lien,Not a high-cost mortgage,No negative amortization,Not applicable,,3471.00,315000,Preapproval not requested,360
LOAN-00505,Loan originated,Not applicable,,,,55000.0,360,9.5,Conventional,Home improvement,Conventional:Subordinate Lien,Not a high-cost mortgage,No negative amortization,Not applicable,45,,185000,Preapproval not requested,360
LOAN-00506,Application denied,Credit history,,,,305000.0,360,,Conventional,Refinancing,Conventional:Subordinate Lien,Not applicable,No negative amortization,Not applicable,30%-<36%,,2605000,Preapproval not requested,360
LOAN-00507,Loan originated,Not applicable,,,,155000.0,360,6.490,Conventional,Home purchase,Conventional:First Lien,Not a high-cost mortgage,No negative amortization,"Credit union, mortgage company, or finance company",46,3521.25,195000,Preapproval not requested,360
LOAN-00508,Application denied,Debt-to-income ratio,"Insufficient cash (downpayment, closing costs)",,,95000.0,360,,FHA,Home purchase,FHA:First Lien,Not applicable,No negative amortization,Not applicable,50%-60%,,105000,Preapproval not requested,360
LOAN-00509,Application denied,Credit application incomplete,,,,255000.0,360,,FHA,Refinancing,FHA:First Lien,Not applicable,No negative amortization,Not applicable,,,,Preapproval not requested,360
LOAN-00510,Loan originated,Not applicable,,,,45000.0,120,8.000,Conventional,Home purchase,Conventional:First Lien,Not applicable,No negative amortization,Not applicable,,,145000,Preapproval not requested,120
LOAN-00511,Application denied,Credit history,Collateral,,,55000.0,360,,Conventional,Home improvement,Conventional:Subordinate Lien,Not applicable,No negative amortization,Not applicable,30%-<36%,,255000,Preapproval not requested,360
LOAN-00512,Loan originated,Not applicable,,,,105000.0,300,8.5,Conventional,Home improvement,Conventional:Subordinate Lien,Not a high-cost mortgage,No negative amortization,Not applicable,20%-<30%,,295000,Preapproval not requested,300
LOAN-00513,Application denied,Credit history,,,,105000.0,,,Conventional,Other purpose,Conventional:Subordinate Lien,Not applicable,No negative amortization,Not applicable,45,,355000,Preapproval not requested,
LOAN-00514,Application denied,Unverifiable information,,,,125000.0,360,,FHA,Cash-out refinancing,FHA:First Lien,Not applicable,No negative amortization,Not applicable,<20%,,255000,Preapproval not requested,360
LOAN-00515,Loan originated,Not applicable,,,,395000.0,360,5.750,VA,Home purchase,VA:First Lien,Not a high-cost mortgage,No negative amortization,"Credit union, mortgage company, or finance company",50%-60%,11606.90,395000,Preapproval not requested,360
LOAN-00516,Application denied,Debt-to-income ratio,,,,175000.0,240,,Conventional,Home purchase,Conventional:First Lien,Not applicable,No negative amortization,Not applicable,>60%,,165000,Preapproval not requested,240
LOAN-00517,Purchased loan,Not applicable,,,,295000.0,360,5.990,Conventional,Cash-out refinancing,Conventional:First Lien,Not a high-cost mortgage,No negative amortization,Not applicable,,13095.75,485000,Preapproval not requested,360
LOAN-00518,Purchased loan,Not applicable,,,,265000.0,360,5.99000,Conventional,Home purchase,Conventional:First Lien,Not a high-cost mortgage,No negative amortization,Freddie Mac,,2579.47,335000,Preapproval not requested,360
LOAN-00519,Loan originated,Not applicable,,,,405000.0,360,7.99,Conventional,Home purchase,Conventional:First Lien,Not a high-cost mortgage,No negative amortization,Freddie Mac,46,4379.32,505000,Preapproval requested,360
LOAN-00520,Application denied,Collateral,,,,365000.0,360,,Conventional,Other purpose,Conventional:First Lien,Not applicable,No negative amortization,Not applicable,39,,2005000,Preapproval not requested,360
LOAN-00521,Loan originated,Not applicable,,,,685000.0,360,6.625,Conventional,Home purchase,Conventional:First Lien,Not a high-cost mortgage,No negative amortization,Not applicable,46,16955.90,855000,Preapproval not requested,360
LOAN-00522,Loan originated,Not applicable,,,,155000.0,360,13.100,Conventional,Home improvement,Conventional:Subordinate Lien,Not a high-cost mortgage,No negative amortization,Not applicable,42,,255000,Preapproval not requested,360
LOAN-00523,Loan originated,Not applicable,,,,995000.0,360,5.875,Conventional,Home purchase,Conventional:First Lien,Not a high-cost mortgage,No negative amortization,"Commercial bank, savings bank, or savings association",42,23560.23,1245000,Preapproval not requested,360
LOAN-00524,Purchased loan,Not applicable,,,,205000.0,360,8.125,Conventional,Cash-out refinancing,Conventional:First Lien,Not applicable,No negative amortization,Not applicable,,,355000,Preapproval not requested,360
LOAN-00525,Loan originated,1111,,,,55000.0,Exempt,Exempt,Conventional,Home improvement,Conventional:Subordinate Lien,Not a high-cost mortgage,Exempt,Not applicable,Exempt,Exempt,Exempt,Preapproval not requested,Exempt
LOAN-00526,Application denied,Credit history,,,,75000.0,360,,Conventional,Home improvement,Conventional:First Lien,Not applicable,No negative amortization,Not applicable,20%-<30%,,325000,Preapproval not requested,360
LOAN-00527,Loan originated,1111,,,,35000.0,Exempt,Exempt,Conventional,Other purpose,Conventional:Subordinate Lien,Not a high-cost mortgage,Exempt,Not applicable,Exempt,Exempt,Exempt,Preapproval not requested,Exempt
LOAN-00528,Application denied,Debt-to-income ratio,Credit history,,,45000.0,300,,Conventional,Home purchase,Conventional:First Lien,Not applicable,No negative amortization,Not applicable,50%-60%,,55000,Preapproval not requested,300
LOAN-00529,Loan originated,Not applicable,,,,505000.0,360,6.675,Conventional,Home purchase,Conventional:First Lien,Not a high-cost mortgage,No negative amortization,Not applicable,48,3853.70,635000,Preapproval not requested,360
LOAN-00530,Loan originated,Not applicable,,,,485000.0,360,6.500,Conventional,Home purchase,Conventional:First Lien,Not a high-cost mortgage,No negative amortization,Freddie Mac,49,7732.24,795000,Preapproval not requested,360
LOAN-00531,Loan originated,1111,,,,225000.0,Exempt,Exempt,Conventional,Home purchase,Conventional:First Lien,Not a high-cost mortgage,Exempt,Not applicable,Exempt,Exempt,Exempt,Preapproval not requested,Exempt
LOAN-00532,Loan originated,Not applicable,,,,25000.0,360,10.500,Conventional,Home improvement,Conventional:First Lien,Not a high-cost mortgage,No negative amortization,Not applicable,20%-<30%,,55000,Preapproval not requested,360
LOAN-00533,Loan originated,Not applicable,,,,35000.0,180,11.750,Conventional,Other purpose,Conventional:Subordinate Lien,Not a high-cost mortgage,No negative amortization,Private securitizer,42,,385000,Preapproval not requested,180
LOAN-00534,Loan originated,Not applicable,,,,245000.0,360,7.125,VA,Home purchase,VA:First Lien,Not a high-cost mortgage,No negative amortization,"Credit union, mortgage company, or finance company",50%-60%,1877.80,245000,Preapproval not requested,360
LOAN-00535,Loan originated,Not applicable,,,,225000.0,360,6.375,Conventional,Cash-out refinancing,Conventional:First Lien,Not a high-cost mortgage,No negative amortization,Fannie Mae,20%-<30%,2118.50,405000,Preapproval not requested,360
LOAN-00536,Loan originated,Not applicable,,,,105000.0,300,8.740,Conventional,Other purpose,Conventional:Subordinate Lien,Not a high-cost mortgage,No negative amortization,Not applicable,30%-<36%,,695000,Preapproval not requested,300
LOAN-00537,Loan originated,Not applicable,,,,45000.0,240,11.875,Conventional,Cash-out refinancing,Conventional:Subordinate Lien,Not a high-cost mortgage,No negative amortization,"Credit union, mortgage company, or finance company",45,,375000,Preapproval not requested,240
LOAN-00538,Loan originated,Not applicable,,,,335000.0,360,6.125,FHA,Home purchase,FHA:First Lien,Not a high-cost mortgage,No negative amortization,"Credit union, mortgage company, or finance company",50%-60%,10987.15,455000,Preapproval not requested,360
LOAN-00539,Application denied,Debt-to-income ratio,"Insufficient cash (downpayment, closing costs)",,,215000.0,360,,Conventional,Home purchase,Conventional:First Lien,Not applicable,No negative amortization,Not applicable,46,,225000,Preapproval not requested,360
LOAN-00540,Loan originated,Not applicable,,,,55000.0,360,9.490,Conventional,Other purpose,Conventional:Subordinate Lien,Not a high-cost mortgage,No negative amortization,Not applicable,41,,305000,Preapproval not requested,360
LOAN-00541,Loan originated,Not applicable,,,,105000.0,360,6.490,Conventional,Home improvement,Conventional:Subordinate Lien,Not a high-cost mortgage,No negative amortization,Not applicable,40,,575000,Preapproval not requested,360
LOAN-00542,Loan originated,Not applicable,,,,335000.0,360,5.5,Conventional,Home purchase,Conventional:First Lien,Not a high-cost mortgage,No negative amortization,Fannie Mae,44,350.00,415000,Preapproval not requested,360
LOAN-00543,Loan originated,Not applicable,,,,105000.0,360,7.250,FHA,Home purchase,FHA:First Lien,Not a high-cost mortgage,No negative amortization,"Commercial bank, savings bank, or savings association",50%-60%,4549.85,155000,Preapproval not requested,360
LOAN-00544,Loan originated,Not applicable,,,,465000.0,360,7.089,Conventional,Home purchase,Conventional:First Lien,Not a high-cost mortgage,No negative amortization,Freddie Mac,<20%,12453.71,585000,Preapproval not requested,360
LOAN-00545,Purchased loan,Not applicable,,,,135000.0,360,7.125,FHA,Home purchase,FHA:First Lien,Not a high-cost mortgage,No negative amortization,Ginnie Mae,,7631.9,135000,Preapproval not requested,360
LOAN-00546,Application denied,Credit history,,,,165000.0,372,,Conventional,Home purchase,Conventional:First Lien,Not applicable,No negative amortization,Not applicable,30%-<36%,,165000,Preapproval not requested,372
LOAN-00547,Application denied,Debt-to-income ratio,,,,605000.0,360,,Conventional,Home purchase,Conventional:First Lien,Not applicable,No negative amortization,Not applicable,50%-60%,,755000,Preapproval not requested,360
LOAN-00548,Loan originated,Not applicable,,,,335000.0,360,6.625,Conventional,Cash-out refinancing,Conventional:First Lien,Not a high-cost mortgage,No negative amortization,Fannie Mae,44,9909.55,485000,Preapproval not requested,360
LOAN-00549,Loan originated,Not applicable,,,,305000.0,180,8.880,Conventional,Cash-out refinancing,Conventional:First Lien,Not a high-cost mortgage,No negative amortization,Not applicable,37,8486.50,335000,Preapproval not requested,180
LOAN-00550,Application denied,Debt-to-income ratio,Collateral,,,35000.0,480,,Conventional,Other purpose,Conventional:Subordinate Lien,Not applicable,No negative amortization,Not applicable,47,,605000,Preapproval not requested,480
LOAN-00551,Application denied,Credit history,,,,155000.0,360,,Conventional,Refinancing,Conventional:Subordinate Lien,Not applicable,No negative amortization,Not applicable,,,345000,Preapproval not requested,360
LOAN-00552,Loan originated,Not applicable,,,,85000.0,300,11.25,Conventional,Home purchase,Conventional:First Lien,Not a high-cost mortgage,No negative amortization,Not applicable,38,,95000,Preapproval not requested,300
LOAN-00553,Application denied,Credit history,"Insufficient cash (downpayment, closing costs)",,,85000.0,300,,Conventional,Home purchase,Conventional:First Lien,Not applicable,No negative amortization,Not applicable,36,,85000,Preapproval not requested,300
LOAN-00554,Loan originated,Not applicable,,,,355000.0,360,6.999,Conventional,Home purchase,Conventional:First Lien,Not a high-cost mortgage,No negative amortization,Fannie Mae,30%-<36%,11171.18,445000,Preapproval not requested,360
LOAN-00555,Purchased loan,Not applicable,,,,205000.0,360,6.500,USDA RHS or FSA,Home purchase,FSA/RHS:First Lien,Not a high-cost mortgage,No negative amortization,Ginnie Mae,,4187.09,195000,Preapproval not requested,360
LOAN-00556,Loan originated,Not applicable,,,,445000.0,360,5.875,FHA,Home purchase,FHA:First Lien,Not a high-cost mortgage,No negative amortization,Ginnie Mae,50%-60%,17059.85,505000,Preapproval not requested,360
LOAN-00557,Application denied,Debt-to-income ratio,,,,135000.0,360,,VA,Cash-out refinancing,VA:First Lien,Not applicable,No negative amortization,Not applicable,47,,195000,Preapproval not requested,360
LOAN-00558,Loan originated,Not applicable,,,,55000.0,360,6.990,Conventional,Other purpose,Conventional:Subordinate Lien,Not a high-cost mortgage,No negative amortization,Not applicable,47,,305000,Preapproval not requested,360
LOAN-00559,Application denied,Credit history,,,,155000.0,120,,Conventional,Cash-out refinancing,Conventional:Subordinate Lien,Not applicable,No negative amortization,Not applicable,44,,385000,Preapproval not requested,120
LOAN-00560,Loan originated,Not applicable,,,,95000.0,360,9.25,Conventional,Home improvement,Conventional:Subordinate Lien,Not a high-cost mortgage,No negative amortization,Not applicable,44,5005.22,375000,Preapproval not requested,360
LOAN-00561,Application denied,Debt-to-income ratio,Collateral,,,135000.0,360,,Conventional,Cash-out refinancing,Conventional:First Lien,Not applicable,No negative amortization,Not applicable,50%-60%,,265000,Preapproval not requested,360
LOAN-00562,Purchased loan,Not applicable,,,,425000.0,180,6,Conventional,Home purchase,Conventional:First Lien,Not a high-cost mortgage,No negative amortization,Freddie Mac,,5880,605000,Preapproval not requested,180
LOAN-00563,Application denied,Credit history,,,,55000.0,,,Conventional,Refinancing,Conventional:Subordinate Lien,Not applicable,No negative amortization,Not applicable,>60%,,495000,Preapproval not requested,
LOAN-00564,Application denied,"Insufficient cash (downpayment, closing costs)",,,,435000.0,,,Conventional,Home purchase,Conventional:First Lien,Not applicable,No negative amortization,Not applicable,,,,Preapproval not requested,
LOAN-00565,Application denied,Debt-to-income ratio,Credit history,Collateral,,45000.0,360,,Conventional,Home improvement,Conventional:Subordinate Lien,Not applicable,No negative amortization,Not applicable,>60%,,555000,Preapproval not requested,360
LOAN-00566,Application denied,"Insufficient cash (downpayment, closing costs)",Collateral,,,355000.0,360,,FHA,Cash-out refinancing,FHA:First Lien,Not applicable,No negative amortization,Not applicable,50%-60%,,445000,Preapproval not requested,360
LOAN-00567,Loan originated,Not applicable,,,,655000.0,360,7.000,Conventional,Home purchase,Conventional:First Lien,Not a high-cost mortgage,No negative amortization,"Credit union, mortgage company, or finance company",47,4283.62,735000,Preapproval not requested,360
LOAN-00568,Application denied,Credit application incomplete,,,,165000.0,360,,Conventional,Cash-out refinancing,Conventional:First Lien,Not applicable,No negative amortization,Not applicable,,,265000,Preapproval not requested,360
LOAN-00569,Application denied,Debt-to-income ratio,,,,185000.0,360,,Conventional,Other purpose,Conventional:First Lien,Not applicable,No negative amortization,Not applicable,48,,375000,Preapproval not requested,360
LOAN-00570,Application denied,Debt-to-income ratio,,,,155000.0,300,,Conventional,Home improvement,Conventional:Subordinate Lien,Not applicable,No negative amortization,Not applicable,>60%,,375000,Preapproval not requested,300
LOAN-00571,Loan originated,Not applicable,,,,625000.0,360,7.25,Conventional,Home purchase,Conventional:First Lien,Not a high-cost mortgage,No negative amortization,"Credit union, mortgage company, or finance company",45,7754.61,775000,Preapproval not requested,360
LOAN-00572,Application denied,Debt-to-income ratio,Credit history,,,185000.0,300,,Conventional,Home purchase,Conventional:First Lien,Not applicable,No negative amortization,Not applicable,50%-60%,,185000,Preapproval not requested,300
LOAN-00573,Loan originated,Not applicable,,,,25000.0,120,7.740,Conventional,Home improvement,Conventional:Subordinate Lien,Not a high-cost mortgage,No negative amortization,Not applicable,<20%,0.00,375000,Preapproval not requested,120
LOAN-00574,Loan originated,Not applicable,,,,245000.0,Exempt,Exempt,Conventional,Home purchase,Conventional:First Lien,Not a high-cost mortgage,Exempt,Other type of purchaser,Exempt,Exempt,Exempt,Preapproval requested,Exempt
LOAN-00575,Application denied,Other,,,,225000.0,360,,Conventional,Other purpose,Conventional:First Lien,Not applicable,No negative amortization,Not applicable,44,,275000,Preapproval not requested,360
LOAN-00576,Loan originated,Not applicable,,,,245000.0,360,6.250,VA,Home purchase,VA:First Lien,Not a high-cost mortgage,No negative amortization,Ginnie Mae,20%-<30%,9964.43,235000,Preapproval not requested,360
LOAN-00577,Loan originated,Not applicable,,,,45000.0,60,7.39,Conventional,Other purpose,Conventional:Subordinate Lien,Not a high-cost mortgage,No negative amortization,Not applicable,30%-<36%,0.00,405000,Preapproval not requested,60
LOAN-00578,Loan originated,Not applicable,,,,155000.0,360,7.5,Conventional,Home purchase,Conventional:First Lien,Not a high-cost mortgage,No negative amortization,Freddie Mac,37,2355.44,155000,Preapproval not requested,360
LOAN-00579,Loan originated,Not applicable,,,,5000.0,360,0.000,Conventional,Home purchase,Conventional:Subordinate Lien,Not a high-cost mortgage,No negative amortization,Not applicable,45,0,145000,Preapproval not requested,360
LOAN-00580,Loan originated,Not applicable,,,,535000.0,360,6.75,VA,Home purchase,VA:First Lien,Not a high-cost mortgage,No negative amortization,Ginnie Mae,43,16647.21,525000,Preapproval not requested,360
LOAN-00581,Application denied,Unverifiable information,,,,85000.0,240,,Conventional,Other purpose,Conventional:Subordinate Lien,Not applicable,No negative amortization,Not applicable,40,,385000,Preapproval not requested,240
LOAN-00582,Loan originated,Not applicable,,,,225000.0,360,6.500,FHA,Home purchase,FHA:First Lien,Not a high-cost mortgage,No negative amortization,"Commercial bank, savings bank, or savings association",41,9421.78,425000,Preapproval not requested,360
LOAN-00583,Loan originated,Not applicable,,,,395000.0,360,7.25,VA,Home purchase,VA:First Lien,Not a high-cost mortgage,No negative amortization,Ginnie Mae,50%-60%,2982.50,395000,Preapproval not requested,360
LOAN-00584,Purchased loan,Not applicable,,,,335000.0,360,5.624,FHA,Home purchase,FHA:First Lien,Not a high-cost mortgage,No negative amortization,Ginnie Mae,,15860.3,335000,Preapproval not requested,360
LOAN-00585,Loan originated,Not applicable,,,,705000.0,360,7.375,Conventional,Home purchase,Conventional:First Lien,Not a high-cost mortgage,No negative amortization,Fannie Mae,37,7260.25,945000,Preapproval not requested,360
LOAN-00586,Purchased loan,Not applicable,,,,465000.0,360,6.625,FHA,Home purchase,FHA:First Lien,Not a high-cost mortgage,No negative amortization,Ginnie Mae,,21312.70,475000,Preapproval not requested,360
LOAN-00587,Loan originated,Not applicable,,,,655000.0,360,6.750,Conventional,Home purchase,Conventional:First Lien,Not a high-cost mortgage,No negative amortization,Other type of purchaser,41,7093.75,1055000,Preapproval not requested,360
LOAN-00588,Loan originated,Not applicable,,,,155000.0,360,6.680,Conventional,Home purchase,Conventional:First Lien,Not a high-cost mortgage,No negative amortization,"Commercial bank, savings bank, or savings association",39,5478.44,155000,Preapproval not requested,360
LOAN-00589,Purchased loan,Not applicable,,,,475000.0,360,7.625,Conventional,Home purchase,Conventional:First Lien,Not a high-cost mortgage,No negative amortization,Freddie Mac,,0,495000,Preapproval not requested,360
LOAN-00590,Purchased loan,Not applicable,,,,265000.0,360,7.25,FHA,Home purchase,FHA:First Lien,Not a high-cost mortgage,No negative amortization,Ginnie Mae,,11341.2,265000,Preapproval not requested,360
LOAN-00591,Loan originated,Not applicable,,,,755000.0,,6.750,Conventional,Home purchase,Conventional:First Lien,Not applicable,No negative amortization,Not applicable,,,1265000,Preapproval not requested,
LOAN-00592,Loan originated,Not applicable,,,,285000.0,360,6.750,VA,Home purchase,VA:First Lien,Not a high-cost mortgage,No negative amortization,Ginnie Mae,30%-<36%,14766.67,285000,Preapproval not requested,360
LOAN-00593,Loan originated,Not applicable,,,,65000.0,360,1.99,Conventional,Refinancing,Conventional:Subordinate Lien,Not a high-cost mortgage,No negative amortization,Not applicable,20%-<30%,,225000,Preapproval not requested,360
LOAN-00594,Loan originated,Not applicable,,,,275000.0,360,6.875,FHA,Home purchase,FHA:First Lien,Not a high-cost mortgage,No negative amortization,Ginnie Mae,48,14730.33,285000,Preapproval not requested,360
LOAN-00595,Loan originated,Not applicable,,,,295000.0,360,6.375,Conventional,Home purchase,Conventional:First Lien,Not a high-cost mortgage,No negative amortization,"Credit union, mortgage company, or finance company",30%-<36%,1610.88,395000,Preapproval not requested,360
LOAN-00596,Application denied,Collateral,,,,165000.0,300,,FHA,Cash-out refinancing,FHA:First Lien,Not applicable,No negative amortization,Not applicable,50%-60%,,205000,Preapproval not requested,300
LOAN-00597,Loan originated,Not applicable,,,,365000.0,360,6.124,Conventional,Home purchase,Conventional:First Lien,Not a high-cost mortgage,No negative amortization,Freddie Mac,40,14698.07,385000,Preapproval not requested,360
LOAN-00598,Application denied,Credit history,,,,75000.0,360,,Conventional,Refinancing,Conventional:Subordinate Lien,Not applicable,No negative amortization,Not applicable,<20%,,375000,Preapproval not requested,360
LOAN-00599,Loan originated,Not applicable,,,,475000.0,360,5.25,FHA,Refinancing,FHA:First Lien,Not a high-cost mortgage,No negative amortization,Ginnie Mae,,10569.25,515000,Preapproval not requested,360
LOAN-00600,Loan originated,Not applicable,,,,475000.0,360,6.99,Conventional,Home purchase,Conventional:First Lien,Not a high-cost mortgage,No negative amortization,Freddie Mac,43,3921.5,505000,Preapproval not requested,360
LOAN-00601,Purchased loan,Not applicable,,,,405000.0,360,6.250,VA,Home purchase,VA:First Lien,Not a high-cost mortgage,No negative amortization,Not applicable,,6405.48,525000,Preapproval not requested,360
LOAN-00602,Application denied,Other,,,,245000.0,360,,Conventional,Other purpose,Conventional:First Lien,Not applicable,No negative amortization,Not applicable,43,,605000,Preapproval not requested,360
LOAN-00603,Application denied,Credit history,,,,235000.0,360,,FHA,Home purchase,FHA:First Lien,Not applicable,No negative amortization,Not applicable,45,,235000,Preapproval not requested,360
LOAN-00604,Loan originated,Not applicable,,,,365000.0,240,6.875,Conventional,Home purchase,Conventional:First Lien,Not a high-cost mortgage,No negative amortization,Fannie Mae,46,2838.15,425000,Preapproval not requested,240
LOAN-00605,Application denied,Credit history,,,,15000.0,360,,Conventional,Home improvement,Conventional:First Lien,Not applicable,No negative amortization,Not applicable,,,105000,Preapproval not requested,360
LOAN-00606,Loan originated,Not applicable,,,,45000.0,240,9.390,Conventional,Home improvement,Conventional:Subordinate Lien,Not a high-cost mortgage,No negative amortization,Not applicable,20%-<30%,,565000,Preapproval not requested,240
LOAN-00607,Loan originated,Not applicable,,,,145000.0,360,6.125,Conventional,Home purchase,Conventional:First Lien,Not a high-cost mortgage,No negative amortization,"Credit union, mortgage company, or finance company",20%-<30%,3171.40,215000,Preapproval not requested,360
LOAN-00608,Application denied,Collateral,,,,125000.0,360,,Conventional,Home purchase,Conventional:First Lien,Not applicable,No negative amortization,Not applicable,30%-<36%,,115000,Preapproval not requested,360
LOAN-00609,Loan originated,Not applicable,,,,205000.0,360,6.250,VA,Home purchase,VA:First Lien,Not a high-cost mortgage,No negative amortization,"Credit union, mortgage company, or finance company",50%-60%,9765.95,195000,Preapproval not requested,360
LOAN-00610,Loan originated,Not applicable,,,,265000.0,360,6.75,FHA,Home purchase,FHA:First Lien,Not a high-cost mortgage,No negative amortization,Ginnie Mae,45,10357.97,275000,Preapproval not requested,360
LOAN-00611,Loan originated,Not applicable,,,,15000.0,120,3.75,Conventional,Home purchase,Conventional:Subordinate Lien,Not applicable,No negative amortization,Other type of purchaser,44,,275000,Preapproval not requested,120
LOAN-00612,Loan originated,Not applicable,,,,55000.0,180,9.86,Conventional,Other purpose,Conventional:Subordinate Lien,Not a high-cost mortgage,No negative amortization,Not applicable,>60%,0.00,745000,Preapproval not requested,180
LOAN-00613,Application denied,Collateral,,,,255000.0,360,,Conventional,Cash-out refinancing,Conventional:First Lien,Not applicable,No negative amortization,Not applicable,>60%,,,Preapproval not requested,360
LOAN-00614,Application denied,Other,,,,125000.0,360,,Conventional,Home purchase,Conventional:First Lien,Not applicable,No negative amortization,Not applicable,20%-<30%,,165000,Preapproval not requested,360
LOAN-00615,Loan originated,Not applicable,,,,375000.0,360,6.75,VA,Home purchase,VA:First Lien,Not a high-cost mortgage,No negative amortization,Ginnie Mae,>60%,14154,365000,Preapproval not requested,360
LOAN-00616,Loan originated,Not applicable,,,,335000.0,,7.625,FHA,Home purchase,FHA:First Lien,Not a high-cost mortgage,No negative amortization,Ginnie Mae,45,4099.09,355000,Preapproval not requested,
LOAN-00617,Application denied,1111,,,,55000.0,Exempt,Exempt,Conventional,Home improvement,Conventional:Subordinate Lien,Not applicable,Exempt,Not applicable,Exempt,Exempt,Exempt,Preapproval not requested,Exempt
LOAN-00618,Loan originated,Not applicable,,,,455000.0,180,5.624,Conventional,Home purchase,Conventional:First Lien,Not a high-cost mortgage,No negative amortization,Not applicable,36,3909.65,565000,Preapproval not requested,180
LOAN-00619,Application denied,Collateral,,,,335000.0,360,,Conventional,Home purchase,Conventional:First Lien,Not applicable,No negative amortization,Not applicable,41,,355000,Preapproval not requested,360
LOAN-00620,Loan originated,Not applicable,,,,525000.0,360,8.750,Conventional,Cash-out refinancing,Conventional:First Lien,Not a high-cost mortgage,No negative amortization,Private securitizer,,22897.25,,Preapproval not requested,360
LOAN-00621,Loan originated,Not applicable,,,,325000.0,360,6.5,Conventional,Home purchase,Conventional:First Lien,Not a high-cost mortgage,No negative amortization,Freddie Mac,41,5568.6,365000,Preapproval not requested,360
LOAN-00622,Loan originated,Not applicable,,,,55000.0,360,6.25,FHA,Home purchase,FHA:First Lien,Not a high-cost mortgage,No negative amortization,Other type of purchaser,44,,55000,Preapproval not requested,360
LOAN-00623,Loan originated,Not applicable,,,,155000.0,Exempt,Exempt,Conventional,Home purchase,Conventional:First Lien,Not a high-cost mortgage,Exempt,Not applicable,Exempt,Exempt,Exempt,Preapproval not requested,Exempt
LOAN-00624,Purchased loan,Not applicable,,,,535000.0,360,4.875,Conventional,Home purchase,Conventional:First Lien,Not a high-cost mortgage,No negative amortization,Fannie Mae,,7820.3,665000,Preapproval not requested,360
LOAN-00625,Loan originated,Not applicable,,,,65000.0,60,9.5,Conventional,Other purpose,Conventional:Subordinate Lien,Not a high-cost mortgage,No negative amortization,"Credit union, mortgage company, or finance company",46,,905000,Preapproval not requested,60
LOAN-00626,Purchased loan,Not applicable,,,,105000.0,360,4.125,FHA,Home purchase,FHA:First Lien,Not a high-cost mortgage,No negative amortization,Not applicable,,5560.22,105000,Preapproval not requested,360
LOAN-00627,Loan originated,Not applicable,,,,885000.0,360,5.500,Conventional,Home purchase,Conventional:First Lien,Not a high-cost mortgage,No negative amortization,Not applicable,38,10966.00,1035000,Preapproval not requested,360
LOAN-00628,Loan originated,Not applicable,,,,455000.0,360,7.250,VA,Home purchase,VA:First Lien,Not a high-cost mortgage,No negative amortization,Ginnie Mae,46,975.00,455000,Preapproval not requested,360
LOAN-00629,Purchased loan,Not applicable,,,,365000.0,360,6.875,FHA,Home purchase,FHA:First Lien,Not a high-cost mortgage,No negative amortization,Ginnie Mae,,12338.9,385000,Preapproval not requested,360
LOAN-00630,Purchased loan,Not applicable,,,,65000.0,360,6,Conventional,Home purchase,Conventional:First Lien,Not a high-cost mortgage,No negative amortization,Freddie Mac,,3428.00,255000,Preapproval not requested,360
LOAN-00631,Loan originated,Not applicable,,,,175000.0,360,7.5,Conventional,Other purpose,Conventional:First Lien,Not applicable,No negative amortization,Private securitizer,39,7666.06,255000,Preapproval not requested,360
LOAN-00632,Loan originated,Not applicable,,,,305000.0,360,6.25,VA,Home purchase,VA:First Lien,Not a high-cost mortgage,No negative amortization,"Credit union, mortgage company, or finance company",50%-60%,6117.00,295000,Preapproval not requested,360
LOAN-00633,Loan originated,Not applicable,,,,85000.0,60,5.950,Conventional,Other purpose,Conventional:Subordinate Lien,Not a high-cost mortgage,No negative amortization,Not applicable,20%-<30%,0.00,365000,Preapproval not requested,60
LOAN-00634,Application denied,Collateral,,,,165000.0,360,,FHA,Cash-out refinancing,FHA:First Lien,Not applicable,No negative amortization,Not applicable,20%-<30%,,155000,Preapproval not requested,360
LOAN-00635,Application denied,Credit application incomplete,,,,125000.0,,,Conventional,Other purpose,Conventional:Subordinate Lien,Not applicable,No negative amortization,Not applicable,>60%,,475000,Preapproval not requested,
LOAN-00636,Loan originated,Not applicable,,,,465000.0,360,6.875,Conventional,Home purchase,Conventional:First Lien,Not a high-cost mortgage,No negative amortization,Fannie Mae,30%-<36%,4115.73,785000,Preapproval not requested,360
LOAN-00637,Application denied,Collateral,,,,305000.0,360,,FHA,Cash-out refinancing,FHA:First Lien,Not applicable,No negative amortization,Not applicable,42,,315000,Preapproval not requested,360
LOAN-00638,Purchased loan,Not applicable,,,,405000.0,360,7,Conventional,Home purchase,Conventional:First Lien,Not applicable,No negative amortization,Freddie Mac,,7448,425000,Preapproval not requested,360
LOAN-00639,Loan originated,Not applicable,,,,175000.0,360,6,Conventional,Home purchase,Conventional:First Lien,Not a high-cost mortgage,No negative amortization,Other type of purchaser,42,4496.2,225000,Preapproval not requested,360
LOAN-00640,Loan originated,Not applicable,,,,25000.0,180,7.990,Conventional,Home improvement,Conventional:Subordinate Lien,Not applicable,No negative amortization,Not applicable,45,304.00,295000,Preapproval not requested,180
LOAN-00641,Application denied,Credit history,,,,25000.0,300,,Conventional,Other purpose,Conventional:Subordinate Lien,Not applicable,No negative amortization,Not applicable,20%-<30%,,375000,Preapproval not requested,300
LOAN-00642,Loan originated,Not applicable,,,,185000.0,360,6.250,VA,Cash-out refinancing,VA:First Lien,Not a high-cost mortgage,No negative amortization,Not applicable,20%-<30%,12038.40,405000,Preapproval not requested,360
LOAN-00643,Application denied,Debt-to-income ratio,,,,415000.0,360,,VA,Cash-out refinancing,VA:First Lien,Not applicable,No negative amortization,Not applicable,>60%,,465000,Preapproval not requested,360
LOAN-00644,Loan originated,1111,,,,35000.0,Exempt,Exempt,Conventional,Home improvement,Conventional:Subordinate Lien,Not a high-cost mortgage,Exempt,Not applicable,Exempt,Exempt,Exempt,Preapproval not requested,Exempt
LOAN-00645,Loan originated,Not applicable,,,,345000.0,360,5.99,Conventional,Home purchase,Conventional:First Lien,Not a high-cost mortgage,No negative amortization,Freddie Mac,20%-<30%,3481.45,425000,Preapproval not requested,360
LOAN-00646,Loan originated,Not applicable,,,,275000.0,360,6.625,FHA,Home purchase,FHA:First Lien,Not a high-cost mortgage,No negative amortization,Ginnie Mae,43,12419.57,285000,Preapproval not requested,360
LOAN-00647,Purchased loan,Not applicable,,,,285000.0,360,6.250,VA,Home purchase,VA:First Lien,Not a high-cost mortgage,No negative amortization,Ginnie Mae,,6635.27,285000,Preapproval not requested,360
LOAN-00648,Loan originated,Not applicable,,,,25000.0,120,9.000,Conventional,Home improvement,Conventional:Subordinate Lien,Not a high-cost mortgage,No negative amortization,Not applicable,20%-<30%,,135000,Preapproval not requested,120
LOAN-00649,Loan originated,Not applicable,,,,205000.0,360,5.375,Conventional,Home purchase,Conventional:First Lien,Not a high-cost mortgage,No negative amortization,Affiliate institution,47,7958.1,685000,Preapproval not requested,360
LOAN-00650,Purchased loan,Not applicable,,,,765000.0,360,8.12500,Conventional,Cash-out refinancing,Conventional:First Lien,Not a high-cost mortgage,No negative amortization,Freddie Mac,,10286.08,1925000,Preapproval not requested,360
LOAN-00651,Loan originated,Not applicable,,,,145000.0,240,11.562,Conventional,Other purpose,Conventional:Subordinate Lien,Not a high-cost mortgage,No negative amortization,Private securitizer,44,,835000,Preapproval not requested,240
LOAN-00652,Loan originated,Not applicable,,,,215000.0,360,6.625,Conventional,Home purchase,Conventional:First Lien,Not a high-cost mortgage,No negative amortization,Other type of purchaser,40,5833.60,215000,Preapproval requested,360
LOAN-00653,Purchased loan,Not applicable,,,,275000.0,360,6.75000,Conventional,Home purchase,Conventional:First Lien,Not a high-cost mortgage,No negative amortization,Fannie Mae,,4195.40,345000,Preapproval not requested,360
LOAN-00654,Application denied,Credit application incomplete,,,,45000.0,360,,Conventional,Cash-out refinancing,Conventional:Subordinate Lien,Not applicable,No negative amortization,Not applicable,,,715000,Preapproval not requested,360
LOAN-00655,Application denied,Credit history,,,,55000.0,120,,Conventional,Refinancing,Conventional:Subordinate Lien,Not applicable,No negative amortization,Not applicable,,,,Preapproval not requested,120
LOAN-00656,Loan originated,Not applicable,,,,1125000.0,360,6.375,Conventional,Home purchase,Conventional:First Lien,Not a high-cost mortgage,No negative amortization,Not applicable,30%-<36%,5449.13,1255000,Preapproval not requested,360
LOAN-00657,Loan originated,Not applicable,,,,255000.0,360,5.15,VA,Refinancing,VA:First Lien,Not a high-cost mortgage,No negative amortization,"Credit union, mortgage company, or finance company",,2006.5,285000,Preapproval not requested,360
LOAN-00658,Loan originated,1111,,,,55000.0,,,Conventional,Other purpose,Conventional:Subordinate Lien,Not a high-cost mortgage,Exempt,Not applicable,,,,Preapproval not requested,
LOAN-00659,Loan originated,Not applicable,,,,325000.0,360,5.625,FHA,Cash-out refinancing,FHA:First Lien,Not a high-cost mortgage,No negative amortization,"Credit union, mortgage company, or finance company",40,8954.23,415000,Preapproval not requested,360
LOAN-00660,Application denied,Collateral,Debt-to-income ratio,,,55000.0,360,,Conventional,Other purpose,Conventional:Subordinate Lien,Not applicable,No negative amortization,Not applicable,>60%,,,Preapproval not requested,360
LOAN-00661,Purchased loan,Not applicable,,,,545000.0,360,6.375,Conventional,Home purchase,Conventional:First Lien,Not a high-cost mortgage,No negative amortization,Freddie Mac,,6939.60,605000,Preapproval not requested,360
LOAN-00662,Loan originated,Not applicable,,,,325000.0,360,7.125,FHA,Home purchase,FHA:First Lien,Not a high-cost mortgage,No negative amortization,Ginnie Mae,50%-60%,6427.62,325000,Preapproval not requested,360
LOAN-00663,Loan originated,Not applicable,,,,495000.0,360,6.625,Conventional,Home purchase,Conventional:First Lien,Not a high-cost mortgage,No negative amortization,"Credit union, mortgage company, or finance company",20%-<30%,10200.25,875000,Preapproval not requested,360
LOAN-00664,Loan originated,Not applicable,,,,105000.0,120,5.375,Conventional,Refinancing,Conventional:First Lien,Not a high-cost mortgage,No negative amortization,Not applicable,49,1494.63,305000,Preapproval not requested,120
LOAN-00665,Loan originated,Not applicable,,,,355000.0,360,6.1250,Conventional,Home purchase,Conventional:First Lien,Not a high-cost mortgage,No negative amortization,"Commercial bank, savings bank, or savings association",46,7378.50,535000,Preapproval requested,360
LOAN-00666,Loan originated,Not applicable,,,,95000.0,360,6.250,Conventional,Home purchase,Conventional:First Lien,Not a high-cost mortgage,No negative amortization,Freddie Mac,40,3625.25,115000,Preapproval not requested,360
LOAN-00667,Application denied,Credit history,,,,35000.0,,,Conventional,Home purchase,Conventional:First Lien,Not applicable,No negative amortization,Not applicable,>60%,,465000,Preapproval not requested,
LOAN-00668,Application denied,Unverifiable information,,,,175000.0,360,,Conventional,Home purchase,Conventional:First Lien,Not applicable,No negative amortization,Not applicable,38,,705000,Preapproval not requested,360
LOAN-00669,Purchased loan,Not applicable,,,,345000.0,360,7.625,Conventional,Home purchase,Conventional:First Lien,Not a high-cost mortgage,No negative amortization,Fannie Mae,,5558.95,385000,Preapproval not requested,360
LOAN-00670,Loan originated,Not applicable,,,,295000.0,360,6.875,Conventional,Cash-out refinancing,Conventional:First Lien,Not a high-cost mortgage,No negative amortization,Fannie Mae,41,7955.85,495000,Preapproval not requested,360
LOAN-00671,Loan originated,Not applicable,,,,1325000.0,360,6.375,Conventional,Home purchase,Conventional:First Lien,Not a high-cost mortgage,No negative amortization,Not applicable,46,8186.88,1655000,Preapproval not requested,360
LOAN-00672,Loan originated,Not applicable,,,,225000.0,360,6.990,Conventional,Home purchase,Conventional:First Lien,Not applicable,No negative amortization,"Credit union, mortgage company, or finance company",20%-<30%,,435000,Preapproval not requested,360
LOAN-00673,Loan originated,Not applicable,,,,315000.0,360,7.375,Conventional,Home purchase,Conventional:First Lien,Not a high-cost mortgage,No negative amortization,Freddie Mac,30%-<36%,13606.69,365000,Preapproval not requested,360
LOAN-00674,Application denied,Credit history,,,,45000.0,300,,Conventional,Home purchase,Conventional:First Lien,Not applicable,No negative amortization,Not applicable,30%-<36%,,45000,Preapproval not requested,300
LOAN-00675,Loan originated,Not applicable,,,,445000.0,360,6.375,FHA,Cash-out refinancing,FHA:First Lien,Not a high-cost mortgage,No negative amortization,Ginnie Mae,42,18829.67,545000,Preapproval not requested,360
LOAN-00676,Loan originated,Not applicable,,,,175000.0,360,7.625,FHA,Home purchase,FHA:First Lien,Not a high-cost mortgage,No negative amortization,Not applicable,38,11600.98,175000,Preapproval not requested,360
LOAN-00677,Application denied,Credit history,,,,405000.0,360,,FHA,Home purchase,FHA:First Lien,Not applicable,No negative amortization,Not applicable,30%-<36%,,435000,Preapproval not requested,360
LOAN-00678,Purchased loan,Not applicable,,,,175000.0,360,6.12500,FHA,Home purchase,FHA:First Lien,Not a high-cost mortgage,No negative amortization,Ginnie Mae,,6530.93,185000,Preapproval not requested,360
LOAN-00679,Application denied,Credit history,,,,55000.0,480,,Conventional,Home improvement,Conventional:First Lien,Not applicable,No negative amortization,Not applicable,20%-<30%,,155000,Preapproval not requested,480
LOAN-00680,Loan originated,Not applicable,,,,2005000.0,360,6.625,Conventional,Home purchase,Conventional:First Lien,Not a high-cost mortgage,No negative amortization,Not applicable,42,6286.10,2505000,Preapproval not requested,360
LOAN-00681,Purchased loan,Not applicable,,,,45000.0,240,8,Conventional,Home purchase,Conventional:First Lien,Not a high-cost mortgage,No negative amortization,Not applicable,,,,Preapproval not requested,240
LOAN-00682,Application denied,Debt-to-income ratio,,,,295000.0,360,,Conventional,Other purpose,Conventional:First Lien,Not applicable,No negative amortization,Not applicable,50%-60%,,905000,Preapproval not requested,360
LOAN-00683,Application denied,Credit application incomplete,,,,305000.0,360,,FHA,Cash-out refinancing,FHA:First Lien,Not applicable,No negative amortization,Not applicable,,,455000,Preapproval not requested,360
LOAN-00684,Application denied,Collateral,Debt-to-income ratio,,,45000.0,240,,Conventional,Home improvement,Conventional:Subordinate Lien,Not applicable,No negative amortization,Not applicable,,,175000,Preapproval not requested,240
LOAN-00685,Application denied,Credit history,,,,125000.0,360,,Conventional,Other purpose,Conventional:First Lien,Not applicable,No negative amortization,Not applicable,>60%,,205000,Preapproval not requested,360
LOAN-00686,Loan originated,Not applicable,,,,165000.0,360,8.500,Conventional,Cash-out refinancing,Conventional:First Lien,Not a high-cost mortgage,No negative amortization,Not applicable,20%-<30%,,205000,Preapproval not requested,360
LOAN-00687,Purchased loan,Not applicable,,,,625000.0,360,5.750,FHA,Home purchase,FHA:First Lien,Not a high-cost mortgage,No negative amortization,Ginnie Mae,,30846.37,655000,Preapproval not requested,360
LOAN-00688,Application denied,Debt-to-income ratio,,,,55000.0,480,,Conventional,Other purpose,Conventional:Subordinate Lien,Not applicable,No negative amortization,Not applicable,>60%,,425000,Preapproval not requested,480
LOAN-00689,Loan originated,Not applicable,,,,395000.0,12,12.700,Conventional,Home purchase,Conventional:First Lien,Not applicable,No negative amortization,Private securitizer,,,505000,Preapproval not requested,12
LOAN-00690,Application denied,Other,,,,75000.0,360,,Conventional,Cash-out refinancing,Conventional:First Lien,Not applicable,No negative amortization,Not applicable,<20%,,855000,Preapproval not requested,360
LOAN-00691,Purchased loan,Not applicable,,,,375000.0,360,6.99,Conventional,Home purchase,Conventional:First Lien,Not a high-cost mortgage,No negative amortization,Fannie Mae,,5790.45,415000,Preapproval not requested,360
LOAN-00692,Loan originated,Not applicable,,,,245000.0,360,6.875,Conventional,Cash-out refinancing,Conventional:First Lien,Not a high-cost mortgage,No negative amortization,Freddie Mac,20%-<30%,8917.11,535000,Preapproval not requested,360
LOAN-00693,Application denied,Credit application incomplete,,,,105000.0,300,,FHA,Cash-out refinancing,FHA:First Lien,Not applicable,No negative amortization,Not applicable,20%-<30%,,155000,Preapproval not requested,300
LOAN-00694,Loan originated,Not applicable,,,,55000.0,180,14.990,Conventional,Other purpose,Conventional:Subordinate Lien,Not a high-cost mortgage,No negative amortization,Not applicable,50%-60%,,785000,Preapproval not requested,180
LOAN-00695,Purchased loan,Not applicable,,,,235000.0,360,7.125,VA,Home purchase,VA:First Lien,Not a high-cost mortgage,No negative amortization,Ginnie Mae,,3479.50,235000,Preapproval not requested,360
LOAN-00696,Purchased loan,Not applicable,,,,405000.0,360,6.375,Conventional,Home purchase,Conventional:First Lien,Not a high-cost mortgage,No negative amortization,"Credit union, mortgage company, or finance company",,3242.5,425000,Preapproval not requested,360
LOAN-00697,Loan originated,Not applicable,,,,55000.0,240,7.375,Conventional,Home improvement,Conventional:First Lien,Not a high-cost mortgage,No negative amortization,Not applicable,<20%,0,375000,Preapproval not requested,240
LOAN-00698,Application denied,Collateral,,,,65000.0,180,,Conventional,Home improvement,Conventional:Subordinate Lien,Not applicable,No negative amortization,Not applicable,20%-<30%,,845000,Preapproval not requested,180
LOAN-00699,Application denied,Debt-to-income ratio,Collateral,,,205000.0,360,,Conventional,Home improvement,Conventional:Subordinate Lien,Not applicable,No negative amortization,Not applicable,>60%,,445000,Preapproval not requested,360
LOAN-00700,Application denied,Credit history,"Insufficient cash (downpayment, closing costs)",,,145000.0,300,,Conventional,Home purchase,Conventional:First Lien,Not applicable,No negative amortization,Not applicable,<20%,,145000,Preapproval not requested,300
LOAN-00701,Purchased loan,Not applicable,,,,375000.0,360,7.625,Conventional,Home improvement,Conventional:First Lien,Not a high-cost mortgage,No negative amortization,Fannie Mae,,5880.78,535000,Preapproval not requested,360
LOAN-00702,Loan originated,Not applicable,,,,125000.0,360,9.130,Conventional,Home improvement,Conventional:First Lien,Not a high-cost mortgage,No negative amortization,Not applicable,<20%,,215000,Preapproval not requested,360
LOAN-00703,Loan originated,Not applicable,,,,75000.0,360,6.250,Conventional,Cash-out refinancing,Conventional:First Lien,Not a high-cost mortgage,No negative amortization,Not applicable,49,3088.25,225000,Preapproval not requested,360
LOAN-00704,Loan originated,Not applicable,,,,285000.0,365,7.250,Conventional,Refinancing,Conventional:First Lien,Not a high-cost mortgage,No negative amortization,Not applicable,38,14141.95,305000,Preapproval not requested,365
LOAN-00705,Loan originated,Not applicable,,,,105000.0,360,8.5,Conventional,Other purpose,Conventional:Subordinate Lien,Not a high-cost mortgage,No negative amortization,Not applicable,48,,745000,Preapproval not requested,360
LOAN-00706,Loan originated,Not applicable,,,,35000.0,360,8.5,Conventional,Cash-out refinancing,Conventional:Subordinate Lien,Not a high-cost mortgage,No negative amortization,Private securitizer,30%-<36%,1844.05,415000,Preapproval not requested,360
LOAN-00707,Loan originated,Not applicable,,,,205000.0,360,5.875,Conventional,Home purchase,Conventional:First Lien,Not a high-cost mortgage,No negative amortization,Not applicable,44,4803.06,265000,Preapproval not requested,360
LOAN-00708,Loan originated,Not applicable,,,,15000.0,360,6.99,Conventional,Other purpose,Conventional:Subordinate Lien,Not a high-cost mortgage,No negative amortization,Not applicable,39,,185000,Preapproval not requested,360
LOAN-00709,Loan originated,Not applicable,,,,245000.0,360,6.5,Conventional,Home purchase,Conventional:First Lien,Not a high-cost mortgage,No negative amortization,Not applicable,45,8836.86,435000,Preapproval not requested,360
LOAN-00710,Loan originated,Not applicable,,,,105000.0,360,9.5,Conventional,Home improvement,Conventional:Subordinate Lien,Not a high-cost mortgage,No negative amortization,Not applicable,36,,365000,Preapproval not requested,360
LOAN-00711,Loan originated,Not applicable,,,,95000.0,240,8.875,Conventional,Cash-out refinancing,Conventional:Subordinate Lien,Not a high-cost mortgage,No negative amortization,Private securitizer,30%-<36%,1981.45,505000,Preapproval not requested,240
LOAN-00712,Application denied,Debt-to-income ratio,,,,225000.0,360,,Conventional,Home purchase,Conventional:First Lien,Not applicable,No negative amortization,Not applicable,49,,235000,Preapproval not requested,360
LOAN-00713,Loan originated,Not applicable,,,,445000.0,12,10.5,Conventional,Home purchase,Conventional:First Lien,Not applicable,No negative amortization,Other type of purchaser,,,675000,Preapproval not requested,12
LOAN-00714,Loan originated,Not applicable,,,,155000.0,360,6.5,Conventional,Home purchase,Conventional:First Lien,Not a high-cost mortgage,No negative amortization,Affiliate institution,<20%,1627.12,455000,Preapproval not requested,360
LOAN-00715,Loan originated,Not applicable,,,,65000.0,240,9.25,Conventional,Cash-out refinancing,Conventional:Subordinate Lien,Not a high-cost mortgage,No negative amortization,Private securitizer,20%-<30%,2890.5,305000,Preapproval not requested,240
LOAN-00716,Purchased loan,Not applicable,,,,375000.0,360,5.49,Conventional,Home purchase,Conventional:First Lien,Not a high-cost mortgage,No negative amortization,Fannie Mae,,11406.92,385000,Preapproval not requested,360
LOAN-00717,Loan originated,1111,,,,15000.0,Exempt,Exempt,Conventional,Cash-out refinancing,Conventional:Subordinate Lien,Not a high-cost mortgage,Exempt,Not applicable,Exempt,Exempt,Exempt,Preapproval not requested,Exempt
LOAN-00718,Loan originated,Not applicable,,,,115000.0,360,7.125,Conventional,Home purchase,Conventional:First Lien,Not a high-cost mortgage,No negative amortization,Freddie Mac,20%-<30%,6772.55,135000,Preapproval not requested,360
LOAN-00719,Loan originated,Not applicable,,,,645000.0,360,6,Conventional,Cash-out refinancing,Conventional:First Lien,Not a high-cost mortgage,No negative amortization,"Credit union, mortgage company, or finance company",30%-<36%,8252.48,1105000,Preapproval not requested,360
LOAN-00720,Application denied,Debt-to-income ratio,,,,265000.0,360,,Conventional,Home purchase,Conventional:First Lien,Not applicable,No negative amortization,Not applicable,>60%,,355000,Preapproval not requested,360
LOAN-00721,Loan originated,Not applicable,,,,735000.0,360,5.625,FHA,Home purchase,FHA:First Lien,Not a high-cost mortgage,No negative amortization,Ginnie Mae,45,27961.83,745000,Preapproval not requested,360
LOAN-00722,Loan originated,Not applicable,,,,305000.0,360,7.750,Conventional,Home purchase,Conventional:First Lien,Not a high-cost mortgage,No negative amortization,Freddie Mac,42,3341.25,315000,Preapproval not requested,360
LOAN-00723,Loan originated,Not applicable,,,,55000.0,180,14.990,Conventional,Other purpose,Conventional:Subordinate Lien,Not a high-cost mortgage,No negative amortization,Not applicable,46,,265000,Preapproval not requested,180
LOAN-00724,Loan originated,Not applicable,,,,115000.0,360,6.999,Conventional,Home purchase,Conventional:First Lien,Not a high-cost mortgage,No negative amortization,Fannie Mae,20%-<30%,3658.95,145000,Preapproval not requested,360
LOAN-00725,Loan originated,1111,,,,185000.0,Exempt,Exempt,Conventional,Home purchase,Conventional:First Lien,Not a high-cost mortgage,Exempt,Not applicable,Exempt,Exempt,Exempt,Preapproval not requested,Exempt
LOAN-00726,Application denied,Credit history,Debt-to-income ratio,,,25000.0,300,,Conventional,Other purpose,Conventional:Subordinate Lien,Not applicable,No negative amortization,Not applicable,>60%,,145000,Preapproval not requested,300
LOAN-00727,Purchased loan,Not applicable,,,,225000.0,360,6.125,Conventional,Home purchase,Conventional:First Lien,Not a high-cost mortgage,No negative amortization,Fannie Mae,,8192.46,275000,Preapproval not requested,360
LOAN-00728,Loan originated,Not applicable,,,,125000.0,Exempt,Exempt,Conventional,Home purchase,Conventional:First Lien,Not a high-cost mortgage,Exempt,Not applicable,Exempt,Exempt,Exempt,Preapproval not requested,Exempt
LOAN-00729,Loan originated,Not applicable,,,,155000.0,360,7.990,Conventional,Home improvement,Conventional:Subordinate Lien,Not a high-cost mortgage,No negative amortization,Not applicable,40,0.00,935000,Preapproval not requested,360
LOAN-00730,Loan originated,Not applicable,,,,525000.0,360,6.5,FHA,Home purchase,FHA:First Lien,Not a high-cost mortgage,No negative amortization,Ginnie Mae,50%-60%,15773.37,545000,Preapproval not requested,360
LOAN-00731,Loan originated,Not applicable,,,,345000.0,360,6.875,Conventional,Home purchase,Conventional:First Lien,Not a high-cost mortgage,No negative amortization,Freddie Mac,41,5529.32,585000,Preapproval not requested,360
LOAN-00732,Loan originated,Not applicable,,,,145000.0,360,5.984,Conventional,Cash-out refinancing,Conventional:First Lien,Not applicable,No negative amortization,Fannie Mae,43,,505000,Preapproval not requested,360
LOAN-00733,Loan originated,Not applicable,,,,955000.0,360,6.475,Conventional,Refinancing,Conventional:First Lien,Not a high-cost mortgage,No negative amortization,Freddie Mac,41,5913.75,1275000,Preapproval not requested,360
LOAN-00734,Loan originated,Not applicable,,,,515000.0,360,6.375,VA,Cash-out refinancing,VA:First Lien,Not a high-cost mortgage,No negative amortization,Ginnie Mae,50%-60%,27979.05,725000,Preapproval not requested,360
LOAN-00735,Purchased loan,Not applicable,,,,275000.0,360,6.25,FHA,Refinancing,FHA:First Lien,Not a high-cost mortgage,No negative amortization,Ginnie Mae,,6328.27,275000,Preapproval not requested,360
LOAN-00736,Loan originated,Not applicable,,,,225000.0,360,5.99,Conventional,Refinancing,Conventional:First Lien,Not a high-cost mortgage,No negative amortization,Not applicable,40,7331.7,335000,Preapproval not requested,360
LOAN-00737,Purchased loan,Not applicable,,,,265000.0,360,6.000,Conventional,Home purchase,Conventional:First Lien,Not a high-cost mortgage,No negative amortization,Freddie Mac,,2641.75,275000,Preapproval not requested,360
LOAN-00738,Application denied,Credit history,,,,55000.0,360,,Conventional,Home improvement,Conventional:Subordinate Lien,Not applicable,No negative amortization,Not applicable,20%-<30%,,,Preapproval not requested,360
LOAN-00739,Loan originated,Not applicable,,,,455000.0,360,5.999,Conventional,Cash-out refinancing,Conventional:First Lien,Not a high-cost mortgage,No negative amortization,Fannie Mae,37,9221.95,935000,Preapproval not requested,360
LOAN-00740,Application denied,Credit history,,,,25000.0,360,,Conventional,Home improvement,Conventional:Subordinate Lien,Not applicable,No negative amortization,Not applicable,30%-<36%,,75000,Preapproval not requested,360
LOAN-00741,Application denied,Debt-to-income ratio,,,,25000.0,180,,Conventional,Home purchase,Conventional:First Lien,Not applicable,No negative amortization,Not applicable,42,,25000,Preapproval not requested,180
LOAN-00742,Loan originated,Not applicable,,,,195000.0,360,6.750,Conventional,Home purchase,Conventional:First Lien,Not a high-cost mortgage,No negative amortization,Freddie Mac,20%-<30%,4302.84,245000,Preapproval not requested,360
LOAN-00743,Application denied,Debt-to-income ratio,Other,,,215000.0,360,,FHA,Refinancing,FHA:First Lien,Not applicable,No negative amortization,Not applicable,>60%,,255000,Preapproval not requested,360
LOAN-00744,Loan originated,Not applicable,,,,135000.0,300,6.490,Conventional,Other purpose,Conventional:Subordinate Lien,Not a high-cost mortgage,No negative amortization,Not applicable,30%-<36%,,435000,Preapproval not requested,300
LOAN-00745,Loan originated,Not applicable,,,,575000.0,360,7.000,Conventional,Home purchase,Conventional:First Lien,Not a high-cost mortgage,No negative amortization,"Credit union, mortgage company, or finance company",36,9693.50,715000,Preapproval not requested,360
LOAN-00746,Loan originated,Not applicable,,,,485000.0,360,6.875,Conventional,Home purchase,Conventional:First Lien,Not a high-cost mortgage,No negative amortization,"Credit union, mortgage company, or finance company",37,17994.45,655000,Preapproval not requested,360
LOAN-00747,Loan originated,Not applicable,,,,675000.0,360,5.875,Conventional,Home purchase,Conventional:First Lien,Not a high-cost mortgage,No negative amortization,"Credit union, mortgage company, or finance company",42,13527.86,875000,Preapproval not requested,360
LOAN-00748,Application denied,Credit application incomplete,,,,105000.0,360,,Conventional,Home improvement,Conventional:Subordinate Lien,Not applicable,No negative amortization,Not applicable,42,,575000,Preapproval not requested,360
LOAN-00749,Loan originated,Not applicable,,,,165000.0,360,6.125,FHA,Home purchase,FHA:First Lien,Not a high-cost mortgage,No negative amortization,"Credit union, mortgage company, or finance company",50%-60%,3296.85,265000,Preapproval not requested,360
LOAN-00750,Loan originated,Not applicable,,,,75000.0,,6.79,FHA,Cash-out refinancing,FHA:First Lien,Not applicable,No negative amortization,Ginnie Mae,,,175000,Preapproval not requested,
LOAN-00751,Loan originated,Not applicable,,,,35000.0,180,7.390,Conventional,Other purpose,Conventional:Subordinate Lien,Not a high-cost mortgage,No negative amortization,Not applicable,30%-<36%,239.50,515000,Preapproval not requested,180
LOAN-00752,Loan originated,Not applicable,,,,105000.0,360,6.99,Conventional,Home improvement,Conventional:Subordinate Lien,Not a high-cost mortgage,No negative amortization,Not applicable,40,,455000,Preapproval not requested,360
LOAN-00753,Loan originated,Not applicable,,,,165000.0,360,5.999,Conventional,Home purchase,Conventional:First Lien,Not a high-cost mortgage,No negative amortization,Fannie Mae,41,9531.81,175000,Preapproval not requested,360
LOAN-00754,Loan originated,Not applicable,,,,185000.0,360,6.750,Conventional,Home purchase,Conventional:First Lien,Not a high-cost mortgage,No negative amortization,"Credit union, mortgage company, or finance company",30%-<36%,4578.58,305000,Preapproval not requested,360
LOAN-00755,Loan originated,Not applicable,,,,45000.0,360,8.000,Conventional,Home improvement,Conventional:Subordinate Lien,Not a high-cost mortgage,No negative amortization,Not applicable,44,,215000,Preapproval not requested,360
LOAN-00756,Application denied,Debt-to-income ratio,,,,105000.0,360,,Conventional,Other purpose,Conventional:Subordinate Lien,Not applicable,No negative amortization,Not applicable,>60%,,355000,Preapproval not requested,360
LOAN-00757,Loan originated,1111,,,,55000.0,Exempt,Exempt,Conventional,Home improvement,Conventional:Subordinate Lien,Not applicable,Exempt,Not applicable,Exempt,Exempt,Exempt,Preapproval not requested,Exempt
LOAN-00758,Application denied,Credit history,,,,195000.0,360,,FHA,Cash-out refinancing,FHA:First Lien,Not applicable,No negative amortization,Not applicable,30%-<36%,,325000,Preapproval not requested,360
LOAN-00759,Loan originated,Not applicable,,,,345000.0,Exempt,Exempt,Conventional,Home purchase,Conventional:First Lien,Not applicable,Exempt,Not applicable,Exempt,Exempt,Exempt,Preapproval not requested,Exempt
LOAN-00760,Loan originated,Not applicable,,,,15000.0,120,9,Conventional,Home purchase,Conventional:Subordinate Lien,Not applicable,No negative amortization,Not applicable,46,153,275000,Preapproval not requested,120
LOAN-00761,Purchased loan,Not applicable,,,,735000.0,180,7.375,Conventional,Home purchase,Conventional:First Lien,Not applicable,No negative amortization,Not applicable,,,1055000,Preapproval not requested,180
LOAN-00762,Loan originated,Not applicable,,,,35000.0,360,0.000,Conventional,Home purchase,Conventional:Subordinate Lien,Not applicable,No negative amortization,"Credit union, mortgage company, or finance company",46,,925000,Preapproval not requested,360
LOAN-00763,Loan originated,Not applicable,,,,265000.0,360,6.990,FHA,Home purchase,FHA:First Lien,Not a high-cost mortgage,No negative amortization,"Credit union, mortgage company, or finance company",46,15883.34,265000,Preapproval not requested,360
LOAN-00764,Loan originated,Not applicable,,,,305000.0,360,7.875,Conventional,Home purchase,Conventional:First Lien,Not a high-cost mortgage,No negative amortization,Freddie Mac,44,6031.83,355000,Preapproval not requested,360
LOAN-00765,Purchased loan,Not applicable,,,,575000.0,360,6.625,Conventional,Home purchase,Conventional:First Lien,Not a high-cost mortgage,No negative amortization,Fannie Mae,,13926.69,605000,Preapproval not requested,360
LOAN-00766,Loan originated,Not applicable,,,,75000.0,240,7.625,Conventional,Cash-out refinancing,Conventional:Subordinate Lien,Not a high-cost mortgage,No negative amortization,"Credit union, mortgage company, or finance company",38,699.85,345000,Preapproval not requested,240
LOAN-00767,Loan originated,Not applicable,,,,425000.0,360,6.375,Conventional,Home purchase,Conventional:First Lien,Not a high-cost mortgage,No negative amortization,"Credit union, mortgage company, or finance company",30%-<36%,10669.10,795000,Preapproval not requested,360
LOAN-00768,Loan originated,Not applicable,,,,405000.0,360,4.99,Conventional,Home purchase,Conventional:First Lien,Not a high-cost mortgage,No negative amortization,Affiliate institution,20%-<30%,3745.51,445000,Preapproval not requested,360
LOAN-00769,Loan originated,Not applicable,,,,225000.0,360,6.750,Conventional,Home purchase,Conventional:First Lien,Not a high-cost mortgage,No negative amortization,Not applicable,20%-<30%,5098.14,285000,Preapproval requested,360
LOAN-00770,Application denied,Credit history,,,,55000.0,360,,Conventional,Cash-out refinancing,Conventional:Subordinate Lien,Not applicable,No negative amortization,Not applicable,20%-<30%,,275000,Preapproval not requested,360
LOAN-00771,Loan originated,Not applicable,,,,105000.0,480,9.43,Conventional,Home improvement,Conventional:Subordinate Lien,Not a high-cost mortgage,No negative amortization,Not applicable,42,,345000,Preapproval not requested,480
LOAN-00772,Loan originated,Not applicable,,,,585000.0,360,7.125,Conventional,Home purchase,Conventional:First Lien,Not a high-cost mortgage,No negative amortization,Freddie Mac,<20%,5594.00,785000,Preapproval not requested,360
LOAN-00773,Loan originated,Not applicable,,,,325000.0,360,6.250,FHA,Home purchase,FHA:First Lien,Not a high-cost mortgage,No negative amortization,Ginnie Mae,43,10675.27,335000,Preapproval not requested,360
LOAN-00774,Application denied,Debt-to-income ratio,,,,5000.0,360,,Conventional,Home purchase,Conventional:Subordinate Lien,Not applicable,No negative amortization,Not applicable,>60%,,225000,Preapproval not requested,360
LOAN-00775,Application denied,Unverifiable information,,,,75000.0,300,,Conventional,Home purchase,Conventional:First Lien,Not applicable,No negative amortization,Not applicable,49,,75000,Preapproval not requested,300
LOAN-00776,Application denied,Credit history,,,,205000.0,360,,VA,Refinancing,VA:First Lien,Not applicable,No negative amortization,Not applicable,,,,Preapproval not requested,360
LOAN-00777,Loan originated,Not applicable,,,,295000.0,360,5.5,VA,Refinancing,VA:First Lien,Not a high-cost mortgage,No negative amortization,"Credit union, mortgage company, or finance company",,2662.33,,Preapproval not requested,360
LOAN-00778,Loan originated,Not applicable,,,,575000.0,360,7.562,Conventional,Home purchase,Conventional:First Lien,Not applicable,No negative amortization,Not applicable,50%-60%,18439.24,725000,Preapproval not requested,360
LOAN-00779,Loan originated,Not applicable,,,,165000.0,360,7.125,Conventional,Home purchase,Conventional:First Lien,Not a high-cost mortgage,No negative amortization,Freddie Mac,20%-<30%,4389.66,175000,Preapproval not requested,360
LOAN-00780,Purchased loan,Not applicable,,,,385000.0,360,5.375,FHA,Home purchase,FHA:First Lien,Not a high-cost mortgage,No negative amortization,Ginnie Mae,,26064.63,385000,Preapproval not requested,360
LOAN-00781,Loan originated,Not applicable,,,,75000.0,240,10.25,Conventional,Home purchase,Conventional:Subordinate Lien,Not a high-cost mortgage,No negative amortization,Not applicable,20%-<30%,1608.95,485000,Preapproval not requested,240
LOAN-00782,Loan originated,Not applicable,,,,75000.0,240,9.25,Conventional,Other purpose,Conventional:Subordinate Lien,Not a high-cost mortgage,No negative amortization,Private securitizer,38,2199.25,1425000,Preapproval not requested,240
LOAN-00783,Loan originated,Not applicable,,,,315000.0,360,7.125,Conventional,Home purchase,Conventional:First Lien,Not a high-cost mortgage,No negative amortization,"Credit union, mortgage company, or finance company",43,,415000,Preapproval not requested,360
LOAN-00784,Loan originated,Not applicable,,,,65000.0,360,6.5,Conventional,Home purchase,Conventional:First Lien,Not a high-cost mortgage,No negative amortization,"Credit union, mortgage company, or finance company",39,2566.42,85000,Preapproval not requested,360
LOAN-00785,Loan originated,Not applicable,,,,55000.0,180,6.500,Conventional,Other purpose,Conventional:Subordinate Lien,Not a high-cost mortgage,No negative amortization,Not applicable,30%-<36%,531.00,245000,Preapproval not requested,180
LOAN-00786,Purchased loan,Not applicable,,,,275000.0,360,6.125,FHA,Home purchase,FHA:First Lien,Not a high-cost mortgage,No negative amortization,Not applicable,,13956.59,275000,Preapproval not requested,360
LOAN-00787,Loan originated,Not applicable,,,,405000.0,300,6.49,Conventional,Home improvement,Conventional:First Lien,Not a high-cost mortgage,No negative amortization,Not applicable,30%-<36%,,1125000,Preapproval not requested,300
LOAN-00788,Loan originated,Not applicable,,,,205000.0,300,8.65,Conventional,Home improvement,Conventional:Subordinate Lien,Not a high-cost mortgage,No negative amortization,Not applicable,41,,1005000,Preapproval not requested,300
LOAN-00789,Application denied,Credit history,,,,55000.0,360,,Conventional,Home improvement,Conventional:First Lien,Not applicable,No negative amortization,Not applicable,36,,155000,Preapproval not requested,360
LOAN-00790,Loan originated,Not applicable,,,,645000.0,360,6.250,FHA,Home purchase,FHA:First Lien,Not a high-cost mortgage,No negative amortization,"Credit union, mortgage company, or finance company",50%-60%,16794.48,675000,Preapproval not requested,360
LOAN-00791,Application denied,Debt-to-income ratio,,,,265000.0,360,,Conventional,Home purchase,Conventional:First Lien,Not applicable,No negative amortization,Not applicable,>60%,,325000,Preapproval not requested,360
LOAN-00792,Application denied,Employment history,,,,75000.0,360,,Conventional,Cash-out refinancing,Conventional:Subordinate Lien,Not applicable,No negative amortization,Not applicable,50%-60%,,1075000,Preapproval not requested,360
LOAN-00793,Loan originated,Not applicable,,,,125000.0,362,7.990,Conventional,Home improvement,Conventional:Subordinate Lien,Not a high-cost mortgage,No negative amortization,Not applicable,41,,405000,Preapproval not requested,362
LOAN-00794,Loan originated,Not applicable,,,,205000.0,360,6.250,FHA,Refinancing,FHA:First Lien,Not a high-cost mortgage,No negative amortization,Ginnie Mae,36,17282.15,245000,Preapproval not requested,360
LOAN-00795,Application denied,Credit history,,,,395000.0,360,,VA,Cash-out refinancing,VA:First Lien,Not applicable,No negative amortization,Not applicable,38,,365000,Preapproval not requested,360
LOAN-00796,Application denied,Credit application incomplete,,,,665000.0,360,,VA,Refinancing,VA:First Lien,Not applicable,No negative amortization,Not applicable,,,655000,Preapproval not requested,360
LOAN-00797,Loan originated,Not applicable,,,,65000.0,84,8.29,Conventional,Other purpose,Conventional:Subordinate Lien,Not a high-cost mortgage,No negative amortization,Not applicable,20%-<30%,0,575000,Preapproval not requested,84
LOAN-00798,Loan originated,Not applicable,,,,385000.0,360,5,VA,Refinancing,VA:First Lien,Not a high-cost mortgage,No negative amortization,Ginnie Mae,,5003.35,385000,Preapproval not requested,360
LOAN-00799,Loan originated,Not applicable,,,,515000.0,360,6.05,Conventional,Home purchase,Conventional:First Lien,Not applicable,No negative amortization,Not applicable,30%-<36%,4009.20,875000,Preapproval not requested,360
LOAN-00800,Application denied,Unverifiable information,,,,55000.0,360,,Conventional,Other purpose,Conventional:First Lien,Not applicable,No negative amortization,Not applicable,42,,,Preapproval not requested,360
LOAN-00801,Purchased loan,Not applicable,,,,385000.0,360,4.990,Conventional,Home purchase,Conventional:First Lien,Not a high-cost mortgage,No negative amortization,"Credit union, mortgage company, or finance company",,2389.69,505000,Preapproval not requested,360
LOAN-00802,Loan originated,Not applicable,,,,345000.0,360,6.75,VA,Home purchase,VA:First Lien,Not a high-cost mortgage,No negative amortization,"Credit union, mortgage company, or finance company",50%-60%,10886.7,325000,Preapproval not requested,360
LOAN-00803,Loan originated,Not applicable,,,,225000.0,360,7.125,Conventional,Cash-out refinancing,Conventional:First Lien,Not a high-cost mortgage,No negative amortization,Freddie Mac,43,10000.45,415000,Preapproval not requested,360
LOAN-00804,Loan originated,Not applicable,,,,285000.0,360,6.375,Conventional,Home purchase,Conventional:First Lien,Not a high-cost mortgage,No negative amortization,Fannie Mae,30%-<36%,5763.05,385000,Preapproval requested,360
LOAN-00805,Loan originated,Not applicable,,,,565000.0,180,6.250,Conventional,Home purchase,Conventional:First Lien,Not a high-cost mortgage,No negative amortization,"Credit union, mortgage company, or finance company",<20%,8987.00,705000,Preapproval not requested,180
LOAN-00806,Loan originated,Not applicable,,,,155000.0,360,6.25,FHA,Home purchase,FHA:First Lien,Not a high-cost mortgage,No negative amortization,Ginnie Mae,46,7303.18,155000,Preapproval not requested,360
LOAN-00807,Loan originated,Not applicable,,,,255000.0,299,8.000,Conventional,Cash-out refinancing,Conventional:Subordinate Lien,Not a high-cost mortgage,No negative amortization,Not applicable,38,,795000,Preapproval not requested,299
LOAN-00808,Loan originated,Not applicable,,,,245000.0,360,6.625,Conventional,Cash-out refinancing,Conventional:First Lien,Not a high-cost mortgage,No negative amortization,Freddie Mac,20%-<30%,8580.04,325000,Preapproval not requested,360
LOAN-00809,Loan originated,Not applicable,,,,235000.0,240,9.000,Conventional,Refinancing,Conventional:Subordinate Lien,Not a high-cost mortgage,No negative amortization,Not applicable,41,,455000,Preapproval not requested,240
LOAN-00810,Loan originated,Not applicable,,,,305000.0,360,6.5,FHA,Home purchase,FHA:First Lien,Not a high-cost mortgage,No negative amortization,"Credit union, mortgage company, or finance company",50%-60%,9385.25,315000,Preapproval not requested,360
LOAN-00811,Loan originated,Not applicable,,,,105000.0,300,8.9,Conventional,Other purpose,Conventional:Subordinate Lien,Not a high-cost mortgage,No negative amortization,Not applicable,41,,425000,Preapproval not requested,300
LOAN-00812,Application denied,Debt-to-income ratio,,,,85000.0,264,,Conventional,Home improvement,Conventional:First Lien,Not applicable,No negative amortization,Not applicable,>60%,,365000,Preapproval not requested,264
LOAN-00813,Loan originated,Not applicable,,,,115000.0,360,6.625,FHA,Cash-out refinancing,FHA:First Lien,Not a high-cost mortgage,No negative amortization,Ginnie Mae,41,6146.8,155000,Preapproval not requested,360
LOAN-00814,Loan originated,Not applicable,,,,55000.0,360,12.25,Conventional,Refinancing,Conventional:Subordinate Lien,Not a high-cost mortgage,No negative amortization,Not applicable,20%-<30%,,245000,Preapproval not requested,360
LOAN-00815,Loan originated,Not applicable,,,,935000.0,360,6.875,Conventional,Home purchase,Conventional:First Lien,Not a high-cost mortgage,No negative amortization,Not applicable,20%-<30%,7267.06,1175000,Preapproval not requested,360
LOAN-00816,Application denied,Debt-to-income ratio,,,,255000.0,240,,Conventional,Home improvement,Conventional:Subordinate Lien,Not applicable,No negative amortization,Not applicable,>60%,,905000,Preapproval not requested,240
LOAN-00817,Loan originated,Not applicable,,,,115000.0,300,12.15,Conventional,Home improvement,Conventional:Subordinate Lien,Not a high-cost mortgage,No negative amortization,Not applicable,50%-60%,,955000,Preapproval not requested,300
LOAN-00818,Loan originated,Not applicable,,,,405000.0,372,6.125,Conventional,Home purchase,Conventional:First Lien,Not a high-cost mortgage,No negative amortization,Not applicable,37,7987.45,1705000,Preapproval not requested,372
LOAN-00819,Loan originated,Not applicable,,,,105000.0,300,8.240,Conventional,Home improvement,Conventional:Subordinate Lien,Not a high-cost mortgage,No negative amortization,Not applicable,36,,495000,Preapproval not requested,300
LOAN-00820,Application denied,Other,Debt-to-income ratio,,,55000.0,300,,Conventional,Home improvement,Conventional:Subordinate Lien,Not applicable,No negative amortization,Not applicable,>60%,,825000,Preapproval not requested,300
LOAN-00821,Purchased loan,Not applicable,,,,455000.0,360,6.875,Conventional,Cash-out refinancing,Conventional:First Lien,Not a high-cost mortgage,No negative amortization,Freddie Mac,,6701.88,2405000,Preapproval not requested,360
LOAN-00822,Application denied,Debt-to-income ratio,,,,265000.0,360,,Conventional,Home purchase,Conventional:First Lien,Not applicable,No negative amortization,Not applicable,50%-60%,,325000,Preapproval not requested,360
LOAN-00823,Application denied,Debt-to-income ratio,,,,175000.0,360,,VA,Cash-out refinancing,VA:First Lien,Not applicable,No negative amortization,Not applicable,50%-60%,,255000,Preapproval not requested,360
LOAN-00824,Loan originated,Not applicable,,,,35000.0,60,7.990,Conventional,Home improvement,Conventional:Subordinate Lien,Not a high-cost mortgage,No negative amortization,Not applicable,20%-<30%,,455000,Preapproval not requested,60
LOAN-00825,Preapproval request denied,Credit history,,,,75000.0,360,,Conventional,Home purchase,Conventional:First Lien,Not applicable,No negative amortization,Not applicable,47,,95000,Preapproval requested,360
LOAN-00826,Purchased loan,Not applicable,,,,155000.0,360,6.625,VA,Home purchase,VA:First Lien,Not a high-cost mortgage,No negative amortization,Ginnie Mae,,3957,155000,Preapproval not requested,360
LOAN-00827,Loan originated,Not applicable,,,,245000.0,360,9.500,Conventional,Home purchase,Conventional:First Lien,Not a high-cost mortgage,No negative amortization,Private securitizer,30%-<36%,11082.75,305000,Preapproval not requested,360
LOAN-00828,Loan originated,Not applicable,,,,225000.0,Exempt,Exempt,FHA,Home purchase,FHA:First Lien,Not a high-cost mortgage,Exempt,"Credit union, mortgage company, or finance company",Exempt,Exempt,Exempt,Preapproval not requested,Exempt
LOAN-00829,Application denied,Debt-to-income ratio,,,,55000.0,360,,Conventional,Home improvement,Conventional:Subordinate Lien,Not applicable,No negative amortization,Not applicable,>60%,,415000,Preapproval not requested,360
LOAN-00830,Loan originated,Not applicable,,,,15000.0,360,12.960,Conventional,Home improvement,Conventional:Subordinate Lien,Not a high-cost mortgage,No negative amortization,Not applicable,40,,215000,Preapproval not requested,360
LOAN-00831,Loan originated,Not applicable,,,,125000.0,360,6.250,Conventional,Home purchase,Conventional:First Lien,Not a high-cost mortgage,No negative amortization,"Credit union, mortgage company, or finance company",30%-<36%,1255.00,715000,Preapproval not requested,360
LOAN-00832,Loan originated,Not applicable,,,,305000.0,360,6.542,Conventional,Home purchase,Conventional:First Lien,Not a high-cost mortgage,No negative amortization,Fannie Mae,<20%,5600.44,1505000,Preapproval not requested,360
LOAN-00833,Loan originated,Not applicable,,,,465000.0,360,6.625,Conventional,Home purchase,Conventional:First Lien,Not a high-cost mortgage,No negative amortization,Freddie Mac,43,6117,645000,Preapproval not requested,360
LOAN-00834,Loan originated,Not applicable,,,,405000.0,13,11.1000,Conventional,Home purchase,Conventional:First Lien,Not applicable,No negative amortization,Private securitizer,,,535000,Preapproval not requested,13
LOAN-00835,Application denied,Debt-to-income ratio,,,,155000.0,360,,Conventional,Cash-out refinancing,Conventional:First Lien,Not applicable,No negative amortization,Not applicable,>60%,,205000,Preapproval not requested,360
LOAN-00836,Loan originated,Not applicable,,,,95000.0,240,10.490,Conventional,Home improvement,Conventional:Subordinate Lien,Not a high-cost mortgage,No negative amortization,Not applicable,30%-<36%,,755000,Preapproval not requested,240
LOAN-00837,Loan originated,Not applicable,,,,755000.0,360,6.5,Conventional,Home purchase,Conventional:First Lien,Not a high-cost mortgage,No negative amortization,"Commercial bank, savings bank, or savings association",49,22688.9,835000,Preapproval not requested,360
LOAN-00838,Purchased loan,Not applicable,,,,265000.0,360,7.5,Conventional,Cash-out refinancing,Conventional:First Lien,Not a high-cost mortgage,No negative amortization,Freddie Mac,,11510.46,385000,Preapproval not requested,360
LOAN-00839,Loan originated,Not applicable,,,,55000.0,360,8.500,Conventional,Cash-out refinancing,Conventional:Subordinate Lien,Not a high-cost mortgage,No negative amortization,"Credit union, mortgage company, or finance company",20%-<30%,3994.56,615000,Preapproval not requested,360
LOAN-00840,Loan originated,Not applicable,,,,315000.0,360,6.5,FHA,Home purchase,FHA:First Lien,Not a high-cost mortgage,No negative amortization,Affiliate institution,50%-60%,8103.29,315000,Preapproval not requested,360
LOAN-00841,Loan originated,Not applicable,,,,45000.0,180,7.375,Conventional,Other purpose,Conventional:Subordinate Lien,Not a high-cost mortgage,No negative amortization,Not applicable,38,1564.30,515000,Preapproval not requested,180
LOAN-00842,Loan originated,Not applicable,,,,35000.0,120,6.990,Conventional,Cash-out refinancing,Conventional:Subordinate Lien,Not a high-cost mortgage,No negative amortization,Not applicable,20%-<30%,0.00,355000,Preapproval not requested,120
LOAN-00843,Application denied,"Insufficient cash (downpayment, closing costs)",,,,305000.0,360,,FHA,Refinancing,FHA:First Lien,Not applicable,No negative amortization,Not applicable,,,385000,Preapproval not requested,360
LOAN-00844,Loan originated,Not applicable,,,,95000.0,240,9,Conventional,Cash-out refinancing,Conventional:Subordinate Lien,Not a high-cost mortgage,No negative amortization,Not applicable,20%-<30%,2801.95,415000,Preapproval not requested,240
LOAN-00845,Loan originated,Not applicable,,,,15000.0,180,0.000,Conventional,Home purchase,Conventional:Subordinate Lien,Not a high-cost mortgage,No negative amortization,"Credit union, mortgage company, or finance company",30%-<36%,,285000,Preapproval not requested,180
LOAN-00846,Application denied,Credit history,,,,135000.0,360,,FHA,Home purchase,FHA:First Lien,Not applicable,No negative amortization,Not applicable,42,,135000,Preapproval not requested,360
LOAN-00847,Application denied,Credit application incomplete,,,,135000.0,360,,Conventional,Other purpose,Conventional:First Lien,Not applicable,No negative amortization,Not applicable,>60%,,,Preapproval not requested,360
LOAN-00848,Loan originated,Not applicable,,,,65000.0,360,7.990,Conventional,Home improvement,Conventional:First Lien,Not a high-cost mortgage,No negative amortization,Not applicable,43,,375000,Preapproval not requested,360
LOAN-00849,Application denied,Debt-to-income ratio,,,,115000.0,300,,Conventional,Home purchase,Conventional:First Lien,Not applicable,No negative amortization,Not applicable,>60%,,,Preapproval not requested,300
LOAN-00850,Loan originated,Not applicable,,,,275000.0,360,7.25,FHA,Home purchase,FHA:First Lien,Not a high-cost mortgage,No negative amortization,"Credit union, mortgage company, or finance company",50%-60%,9621.04,285000,Preapproval not requested,360
LOAN-00851,Application denied,Credit history,,,,55000.0,,,Conventional,Refinancing,Conventional:Subordinate Lien,Not applicable,No negative amortization,Not applicable,30%-<36%,,675000,Preapproval not requested,
LOAN-00852,Loan originated,1111,,,,65000.0,Exempt,Exempt,Conventional,Refinancing,Conventional:Subordinate Lien,Not a high-cost mortgage,Exempt,Not applicable,Exempt,Exempt,Exempt,Preapproval not requested,Exempt
LOAN-00853,Purchased loan,Not applicable,,,,305000.0,360,6.125,VA,Refinancing,VA:First Lien,Not a high-cost mortgage,No negative amortization,Ginnie Mae,,6814.15,,Preapproval not requested,360
LOAN-00854,Application denied,Employment history,,,,605000.0,360,,VA,Cash-out refinancing,VA:First Lien,Not applicable,No negative amortization,Not applicable,>60%,,715000,Preapproval not requested,360
LOAN-00855,Loan originated,Not applicable,,,,205000.0,300,7.65,Conventional,Home improvement,Conventional:First Lien,Not a high-cost mortgage,No negative amortization,Not applicable,50%-60%,,505000,Preapproval not requested,300
LOAN-00856,Application denied,Collateral,,,,555000.0,360,,Conventional,Home purchase,Conventional:First Lien,Not applicable,No negative amortization,Not applicable,20%-<30%,,585000,Preapproval not requested,360
LOAN-00857,Purchased loan,Not applicable,,,,55000.0,300,8.79,Conventional,Home purchase,Conventional:First Lien,Not a high-cost mortgage,No negative amortization,Not applicable,,,,Preapproval not requested,300
LOAN-00858,Purchased loan,Not applicable,,,,115000.0,360,6.25,FHA,Home purchase,FHA:First Lien,Not a high-cost mortgage,No negative amortization,Ginnie Mae,,6980.34,115000,Preapproval not requested,360
LOAN-00859,Loan originated,Not applicable,,,,125000.0,360,11.365,Conventional,Cash-out refinancing,Conventional:First Lien,Not applicable,No negative amortization,Other type of purchaser,,,55000,Preapproval not requested,360
LOAN-00860,Application denied,Debt-to-income ratio,,,,25000.0,360,,Conventional,Home improvement,Conventional:Subordinate Lien,Not applicable,No negative amortization,Not applicable,>60%,,365000,Preapproval not requested,360
LOAN-00861,Application denied,Debt-to-income ratio,Credit application incomplete,,,155000.0,360,,Conventional,Refinancing,Conventional:Subordinate Lien,Not applicable,No negative amortization,Not applicable,>60%,,325000,Preapproval not requested,360
LOAN-00862,Loan originated,Not applicable,,,,585000.0,360,7.125,Conventional,Home purchase,Conventional:First Lien,Not applicable,No negative amortization,Freddie Mac,30%-<36%,3664.48,775000,Preapproval not requested,360
LOAN-00863,Loan originated,Not applicable,,,,295000.0,360,6.990,Conventional,Home purchase,Conventional:First Lien,Not a high-cost mortgage,No negative amortization,Other type of purchaser,48,5035.13,305000,Preapproval not requested,360
LOAN-00864,Loan originated,Not applicable,,,,255000.0,360,4.5,Conventional,Home purchase,Conventional:First Lien,Not a high-cost mortgage,No negative amortization,Fannie Mae,49,6969.89,475000,Preapproval not requested,360
LOAN-00865,Loan originated,1111,,,,65000.0,Exempt,Exempt,Conventional,Home improvement,Conventional:Subordinate Lien,Not a high-cost mortgage,Exempt,Not applicable,Exempt,Exempt,Exempt,Preapproval not requested,Exempt
LOAN-00866,Loan originated,Not applicable,,,,465000.0,360,5.990,Conventional,Refinancing,Conventional:First Lien,Not a high-cost mortgage,No negative amortization,Freddie Mac,20%-<30%,2806.95,785000,Preapproval not requested,360
LOAN-00867,Purchased loan,Not applicable,,,,755000.0,360,7.375,Conventional,Home purchase,Conventional:First Lien,Not a high-cost mortgage,No negative amortization,Not applicable,,2604.70,955000,Preapproval not requested,360
LOAN-00868,Loan originated,Not applicable,,,,315000.0,180,4.874,Conventional,Refinancing,Conventional:First Lien,Not a high-cost mortgage,No negative amortization,Fannie Mae,20%-<30%,5027.69,885000,Preapproval not requested,180
LOAN-00869,Loan originated,Not applicable,,,,1055000.0,360,6.000,Conventional,Home purchase,Conventional:First Lien,Not a high-cost mortgage,No negative amortization,Not applicable,39,25204.52,1325000,Preapproval not requested,360
LOAN-00870,Loan originated,Not applicable,,,,295000.0,360,5.25,Conventional,Home purchase,Conventional:First Lien,Not a high-cost mortgage,No negative amortization,Freddie Mac,49,16463.11,345000,Preapproval not requested,360
LOAN-00871,Loan originated,Not applicable,,,,365000.0,360,6.99,Conventional,Home purchase,Conventional:First Lien,Not applicable,No negative amortization,Fannie Mae,<20%,,465000,Preapproval not requested,360
LOAN-00872,Loan originated,Not applicable,,,,375000.0,360,6.250,Conventional,Home purchase,Conventional:First Lien,Not a high-cost mortgage,No negative amortization,Not applicable,38,1710.25,395000,Preapproval not requested,360
LOAN-00873,Loan originated,Not applicable,,,,55000.0,240,10.500,Conventional,Other purpose,Conventional:Subordinate Lien,Not a high-cost mortgage,No negative amortization,Not applicable,30%-<36%,,705000,Preapproval not requested,240
LOAN-00874,Loan originated,Not applicable,,,,235000.0,360,5.700,FHA,Home purchase,FHA:First Lien,Not a high-cost mortgage,No negative amortization,Ginnie Mae,30%-<36%,12359.26,235000,Preapproval not requested,360
LOAN-00875,Loan originated,Not applicable,,,,435000.0,360,6.250,Conventional,Home purchase,Conventional:First Lien,Not a high-cost mortgage,No negative amortization,Freddie Mac,47,9197.1,545000,Preapproval not requested,360
LOAN-00876,Application denied,Other,Collateral,,,325000.0,360,,FHA,Home purchase,FHA:First Lien,Not applicable,No negative amortization,Not applicable,48,,325000,Preapproval not requested,360
LOAN-00877,Application denied,1111,,,,115000.0,Exempt,Exempt,Conventional,Home purchase,Conventional:First Lien,Not applicable,Exempt,Not applicable,Exempt,Exempt,Exempt,Preapproval not requested,Exempt
LOAN-00878,Purchased loan,Not applicable,,,,455000.0,360,6.875,Conventional,Home purchase,Conventional:First Lien,Not a high-cost mortgage,No negative amortization,Not applicable,,13504.45,1155000,Preapproval not requested,360
LOAN-00879,Purchased loan,Not applicable,,,,345000.0,360,6.625,FHA,Home purchase,FHA:First Lien,Not a high-cost mortgage,No negative amortization,Ginnie Mae,,17505.98,355000,Preapproval not requested,360
LOAN-00880,Application denied,Credit application incomplete,,,,165000.0,240,,Conventional,Home improvement,Conventional:Subordinate Lien,Not applicable,No negative amortization,Not applicable,,,1105000,Preapproval not requested,240
LOAN-00881,Loan originated,Not applicable,,,,245000.0,360,6.625,Conventional,Home purchase,Conventional:First Lien,Not a high-cost mortgage,No negative amortization,Freddie Mac,40,6464.77,325000,Preapproval not requested,360
LOAN-00882,Application denied,Debt-to-income ratio,Collateral,,,105000.0,360,,Conventional,Home improvement,Conventional:Subordinate Lien,Not applicable,No negative amortization,Not applicable,>60%,,325000,Preapproval not requested,360
LOAN-00883,Application denied,Credit history,Debt-to-income ratio,,,25000.0,180,,Conventional,Other purpose,Conventional:Subordinate Lien,Not applicable,No negative amortization,Not applicable,47,,255000,Preapproval not requested,180
LOAN-00884,Loan originated,Not applicable,,,,205000.0,300,8.65,Conventional,Home improvement,Conventional:Subordinate Lien,Not a high-cost mortgage,No negative amortization,Not applicable,20%-<30%,,935000,Preapproval not requested,300
LOAN-00885,Application denied,Debt-to-income ratio,,,,165000.0,360,,FHA,Home purchase,FHA:First Lien,Not applicable,No negative amortization,Not applicable,>60%,,165000,Preapproval not requested,360
LOAN-00886,Loan originated,Not applicable,,,,55000.0,240,7.9,Conventional,Other purpose,Conventional:Subordinate Lien,Not a high-cost mortgage,No negative amortization,Not applicable,42,,375000,Preapproval not requested,240
LOAN-00887,Loan originated,Not applicable,,,,615000.0,360,7.125,Conventional,Home purchase,Conventional:First Lien,Not a high-cost mortgage,No negative amortization,"Credit union, mortgage company, or finance company",43,6251.20,645000,Preapproval not requested,360
LOAN-00888,Application denied,Collateral,Debt-to-income ratio,,,255000.0,360,,FHA,Home purchase,FHA:First Lien,Not applicable,No negative amortization,Not applicable,49,,255000,Preapproval not requested,360
LOAN-00889,Loan originated,Not applicable,,,,355000.0,360,6.990,VA,Cash-out refinancing,VA:First Lien,Not a high-cost mortgage,No negative amortization,Ginnie Mae,48,28167.35,445000,Preapproval not requested,360
LOAN-00890,Purchased loan,Not applicable,,,,345000.0,360,7.125,Conventional,Home purchase,Conventional:First Lien,Not a high-cost mortgage,No negative amortization,Freddie Mac,,1743,435000,Preapproval not requested,360
LOAN-00891,Application denied,Credit history,,,,55000.0,300,,Conventional,Home purchase,Conventional:First Lien,Not applicable,No negative amortization,Not applicable,<20%,,55000,Preapproval not requested,300
LOAN-00892,Application denied,Collateral,,,,35000.0,240,,Conventional,Home improvement,Conventional:First Lien,Not applicable,No negative amortization,Not applicable,<20%,,85000,Preapproval not requested,240
LOAN-00893,Purchased loan,Not applicable,,,,15000.0,360,0,Conventional,Home purchase,Conventional:Subordinate Lien,Not applicable,No negative amortization,Not applicable,,0,355000,Preapproval not requested,360
LOAN-00894,Application denied,Unverifiable information,,,,315000.0,360,,Conventional,Home purchase,Conventional:First Lien,Not applicable,No negative amortization,Not applicable,>60%,,315000,Preapproval not requested,360
LOAN-00895,Loan originated,Not applicable,,,,275000.0,360,6.750,FHA,Home purchase,FHA:First Lien,Not a high-cost mortgage,No negative amortization,Other type of purchaser,49,14159.61,285000,Preapproval not requested,360
LOAN-00896,Loan originated,Not applicable,,,,345000.0,360,6.625,FHA,Home purchase,FHA:First Lien,Not a high-cost mortgage,No negative amortization,"Credit union, mortgage company, or finance company",44,18439.88,355000,Preapproval not requested,360
LOAN-00897,Loan originated,Not applicable,,,,125000.0,240,9.25,Conventional,Refinancing,Conventional:Subordinate Lien,Not a high-cost mortgage,No negative amortization,Not applicable,30%-<36%,,375000,Preapproval not requested,240
LOAN-00898,Application denied,Debt-to-income ratio,,,,105000.0,,,Conventional,Home improvement,Conventional:Subordinate Lien,Not applicable,No negative amortization,Not applicable,>60%,,395000,Preapproval not requested,
LOAN-00899,Loan originated,Not applicable,,,,65000.0,360,7.000,Conventional,Refinancing,Conventional:First Lien,Not a high-cost mortgage,No negative amortization,"Credit union, mortgage company, or finance company",20%-<30%,2053.5,135000,Preapproval not requested,360
LOAN-00900,Loan originated,Not applicable,,,,445000.0,360,5.746,VA,Home purchase,VA:First Lien,Not a high-cost mortgage,No negative amortization,Ginnie Mae,<20%,6024.48,495000,Preapproval not requested,360
LOAN-00901,Loan originated,Not applicable,,,,465000.0,360,5.25,FHA,Refinancing,FHA:First Lien,Not a high-cost mortgage,No negative amortization,Ginnie Mae,,9390.56,575000,Preapproval not requested,360
LOAN-00902,Purchased loan,Not applicable,,,,215000.0,360,6.625,Conventional,Home purchase,Conventional:First Lien,Not a high-cost mortgage,No negative amortization,Fannie Mae,,7149.84,225000,Preapproval not requested,360
LOAN-00903,Loan originated,1111,,,,65000.0,Exempt,Exempt,Conventional,Refinancing,Conventional:First Lien,Not applicable,Exempt,Not applicable,Exempt,Exempt,Exempt,Preapproval not requested,Exempt
LOAN-00904,Loan originated,Not applicable,,,,225000.0,300,7.240,Conventional,Home improvement,Conventional:Subordinate Lien,Not a high-cost mortgage,No negative amortization,Not applicable,50%-60%,,1435000,Preapproval not requested,300
LOAN-00905,Application denied,Credit application incomplete,,,,15000.0,120,,Conventional,Home purchase,Conventional:Subordinate Lien,Not applicable,No negative amortization,Not applicable,20%-<30%,,275000,Preapproval not requested,120
LOAN-00906,Purchased loan,Not applicable,,,,715000.0,360,7.5,Conventional,Home purchase,Conventional:First Lien,Not a high-cost mortgage,No negative amortization,Fannie Mae,,15908.05,755000,Preapproval not requested,360
LOAN-00907,Application denied,Other,,,,455000.0,360,,Conventional,Home improvement,Conventional:First Lien,Not applicable,No negative amortization,Not applicable,<20%,,605000,Preapproval not requested,360
LOAN-00908,Loan originated,Not applicable,,,,35000.0,240,9.250,Conventional,Other purpose,Conventional:Subordinate Lien,Not a high-cost mortgage,No negative amortization,Not applicable,30%-<36%,248,285000,Preapproval not requested,240
LOAN-00909,Purchased loan,Not applicable,,,,395000.0,360,6.625,VA,Home purchase,VA:First Lien,Not a high-cost mortgage,No negative amortization,Ginnie Mae,,12728.38,455000,Preapproval not requested,360
LOAN-00910,Loan originated,Not applicable,,,,755000.0,360,6.875,Conventional,Home purchase,Conventional:First Lien,Not applicable,No negative amortization,Other type of purchaser,20%-<30%,4590.50,1085000,Preapproval requested,360
LOAN-00911,Loan originated,Not applicable,,,,205000.0,240,7,Conventional,Home purchase,Conventional:First Lien,Not applicable,No negative amortization,Not applicable,,,265000,Preapproval not requested,240
LOAN-00912,Loan originated,Not applicable,,,,105000.0,120,8.750,Conventional,Home improvement,Conventional:Subordinate Lien,Not a high-cost mortgage,No negative amortization,Not applicable,47,248.14,725000,Preapproval not requested,120
LOAN-00913,Loan originated,Not applicable,,,,115000.0,360,7.625,Conventional,Home purchase,Conventional:First Lien,Not applicable,No negative amortization,Fannie Mae,44,,155000,Preapproval not requested,360
LOAN-00914,Loan originated,Not applicable,,,,475000.0,360,6.125,Conventional,Refinancing,Conventional:First Lien,Not a high-cost mortgage,No negative amortization,Fannie Mae,43,9067.98,535000,Preapproval not requested,360
LOAN-00915,Loan originated,Not applicable,,,,275000.0,360,6.750,Conventional,Home purchase,Conventional:First Lien,Not a high-cost mortgage,No negative amortization,Not applicable,20%-<30%,3527.00,295000,Preapproval not requested,360
LOAN-00916,Application denied,Other,,,,445000.0,360,,VA,Cash-out refinancing,VA:First Lien,Not applicable,No negative amortization,Not applicable,46,,555000,Preapproval not requested,360
LOAN-00917,Loan originated,Not applicable,,,,95000.0,120,6.625,Conventional,Home purchase,Conventional:First Lien,Not a high-cost mortgage,No negative amortization,Not applicable,<20%,3629.23,165000,Preapproval not requested,120
LOAN-00918,Loan originated,Not applicable,,,,325000.0,360,5.000,FHA,Home purchase,FHA:First Lien,Not a high-cost mortgage,No negative amortization,"Commercial bank, savings bank, or savings association",50%-60%,10126.91,335000,Preapproval not requested,360
LOAN-00919,Loan originated,Not applicable,,,,305000.0,360,5.99,FHA,Home purchase,FHA:First Lien,Not a high-cost mortgage,No negative amortization,Ginnie Mae,20%-<30%,16428.74,315000,Preapproval not requested,360
LOAN-00920,Purchased loan,Not applicable,,,,405000.0,360,6.125,FHA,Home purchase,FHA:First Lien,Not a high-cost mortgage,No negative amortization,Ginnie Mae,,12390.65,415000,Preapproval not requested,360
LOAN-00921,Loan originated,Not applicable,,,,115000.0,240,5.875,Conventional,Cash-out refinancing,Conventional:First Lien,Not a high-cost mortgage,No negative amortization,Other type of purchaser,43,3189.80,325000,Preapproval not requested,240
LOAN-00922,Application denied,Debt-to-income ratio,,,,35000.0,360,,Conventional,Other purpose,Conventional:Subordinate Lien,Not applicable,No negative amortization,Not applicable,48,,575000,Preapproval not requested,360
LOAN-00923,Purchased loan,Not applicable,,,,175000.0,360,7.500,Conventional,Home purchase,Conventional:First Lien,Not a high-cost mortgage,No negative amortization,Freddie Mac,,6082.40,175000,Preapproval not requested,360
LOAN-00924,Loan originated,Not applicable,,,,465000.0,360,6.875,Conventional,Home purchase,Conventional:First Lien,Not a high-cost mortgage,No negative amortization,Freddie Mac,20%-<30%,629.88,515000,Preapproval not requested,360
LOAN-00925,Application denied,Debt-to-income ratio,"Insufficient cash (downpayment, closing costs)",,,235000.0,360,,FHA,Home purchase,FHA:First Lien,Not applicable,No negative amortization,Not applicable,43,,245000,Preapproval not requested,360
LOAN-00926,Loan originated,Not applicable,,,,195000.0,480,11.25,Conventional,Home improvement,Conventional:Subordinate Lien,Not a high-cost mortgage,No negative amortization,Not applicable,20%-<30%,,755000,Preapproval not requested,480
LOAN-00927,Loan originated,Not applicable,,,,355000.0,360,7.125,Conventional,Home purchase,Conventional:First Lien,Not a high-cost mortgage,No negative amortization,Fannie Mae,40,7148.07,425000,Preapproval not requested,360
LOAN-00928,Loan originated,Not applicable,,,,335000.0,360,5.490,VA,Home purchase,VA:First Lien,Not a high-cost mortgage,No negative amortization,Ginnie Mae,47,13077.01,325000,Preapproval not requested,360
LOAN-00929,Loan originated,Not applicable,,,,335000.0,60,5.990,Conventional,Refinancing,Conventional:First Lien,Not a high-cost mortgage,No negative amortization,"Credit union, mortgage company, or finance company",37,499.00,605000,Preapproval not requested,60
LOAN-00930,Application denied,Credit history,Debt-to-income ratio,Collateral,,125000.0,360,,Conventional,Refinancing,Conventional:Subordinate Lien,Not applicable,No negative amortization,Not applicable,48,,275000,Preapproval not requested,360
LOAN-00931,Purchased loan,Not applicable,,,,345000.0,360,5.750,VA,Home purchase,VA:First Lien,Not a high-cost mortgage,No negative amortization,Ginnie Mae,,4055.70,345000,Preapproval not requested,360
LOAN-00932,Loan originated,Not applicable,,,,35000.0,120,6.79,Conventional,Home improvement,Conventional:Subordinate Lien,Not a high-cost mortgage,No negative amortization,Not applicable,20%-<30%,0,795000,Preapproval not requested,120
LOAN-00933,Purchased loan,Not applicable,,,,415000.0,360,6.25,VA,Home purchase,VA:First Lien,Not a high-cost mortgage,No negative amortization,Ginnie Mae,,4480.57,435000,Preapproval not requested,360
LOAN-00934,Loan originated,Not applicable,,,,155000.0,360,6.624,Conventional,Cash-out refinancing,Conventional:First Lien,Not a high-cost mortgage,No negative amortization,Fannie Mae,30%-<36%,4757.9,405000,Preapproval not requested,360
LOAN-00935,Loan originated,Not applicable,,,,125000.0,360,8.875,Conventional,Cash-out refinancing,Conventional:First Lien,Not a high-cost mortgage,No negative amortization,Private securitizer,42,5808.78,185000,Preapproval not requested,360
LOAN-00936,Application denied,Debt-to-income ratio,,,,95000.0,372,,Conventional,Home purchase,Conventional:First Lien,Not applicable,No negative amortization,Not applicable,50%-60%,,85000,Preapproval not requested,372
LOAN-00937,Loan originated,Not applicable,,,,295000.0,360,6.625,Conventional,Home purchase,Conventional:First Lien,Not a high-cost mortgage,No negative amortization,Freddie Mac,20%-<30%,3272.50,375000,Preapproval not requested,360
LOAN-00938,Loan originated,Not applicable,,,,455000.0,360,8,Conventional,Cash-out refinancing,Conventional:First Lien,Not a high-cost mortgage,No negative amortization,Freddie Mac,44,4045.28,715000,Preapproval not requested,360
LOAN-00939,Loan originated,Not applicable,,,,155000.0,300,8.5,Conventional,Home improvement,Conventional:First Lien,Not a high-cost mortgage,No negative amortization,Not applicable,<20%,,1415000,Preapproval not requested,300
LOAN-00940,Loan originated,Not applicable,,,,575000.0,360,6.250,FHA,Refinancing,FHA:First Lien,Not a high-cost mortgage,No negative amortization,"Credit union, mortgage company, or finance company",,18499.45,775000,Preapproval not requested,360
LOAN-00941,Loan originated,Not applicable,,,,155000.0,240,9.500,Conventional,Home improvement,Conventional:Subordinate Lien,Not a high-cost mortgage,No negative amortization,"Commercial bank, savings bank, or savings association",30%-<36%,,555000,Preapproval not requested,240
LOAN-00942,Loan originated,Not applicable,,,,75000.0,360,6.500,Conventional,Home purchase,Conventional:First Lien,Not a high-cost mortgage,No negative amortization,"Credit union, mortgage company, or finance company",<20%,6095.40,455000,Preapproval not requested,360
LOAN-00943,Loan originated,Not applicable,,,,345000.0,360,6.125,Conventional,Home purchase,Conventional:First Lien,Not a high-cost mortgage,No negative amortization,"Credit union, mortgage company, or finance company",42,5562.65,395000,Preapproval not requested,360
LOAN-00944,Purchased loan,Not applicable,,,,665000.0,360,7.625,Conventional,Home purchase,Conventional:First Lien,Not a high-cost mortgage,No negative amortization,Freddie Mac,,8594.64,765000,Preapproval not requested,360
LOAN-00945,Loan originated,Not applicable,,,,145000.0,360,6.250,VA,Cash-out refinancing,VA:First Lien,Not a high-cost mortgage,No negative amortization,Ginnie Mae,20%-<30%,5362.37,145000,Preapproval not requested,360
LOAN-00946,Application denied,Unverifiable information,,,,505000.0,360,,Conventional,Home purchase,Conventional:First Lien,Not applicable,No negative amortization,Not applicable,20%-<30%,,1025000,Preapproval not requested,360
LOAN-00947,Application denied,Debt-to-income ratio,,,,165000.0,300,,Conventional,Home improvement,Conventional:Subordinate Lien,Not applicable,No negative amortization,Not applicable,>60%,,385000,Preapproval not requested,300
LOAN-00948,Application denied,Collateral,,,,645000.0,12,,Conventional,Home improvement,Conventional:First Lien,Not applicable,No negative amortization,Not applicable,,,1125000,Preapproval not requested,12
LOAN-00949,Application denied,Debt-to-income ratio,,,,465000.0,360,,VA,Home purchase,VA:First Lien,Not applicable,No negative amortization,Not applicable,>60%,,455000,Preapproval not requested,360
LOAN-00950,Loan originated,Not applicable,,,,235000.0,360,6.750,FHA,Home purchase,FHA:First Lien,Not a high-cost mortgage,No negative amortization,"Credit union, mortgage company, or finance company",44,7197.00,245000,Preapproval not requested,360
LOAN-00951,Application denied,Credit history,,,,105000.0,360,,Conventional,Refinancing,Conventional:Subordinate Lien,Not applicable,No negative amortization,Not applicable,,,,Preapproval not requested,360
LOAN-00952,Preapproval request denied,Debt-to-income ratio,,,,305000.0,360,,Conventional,Home purchase,Conventional:First Lien,Not applicable,No negative amortization,Not applicable,>60%,,345000,Preapproval requested,360
LOAN-00953,Loan originated,Not applicable,,,,345000.0,360,6.250,FHA,Home purchase,FHA:First Lien,Not a high-cost mortgage,No negative amortization,"Credit union, mortgage company, or finance company",37,21797.62,375000,Preapproval not requested,360
LOAN-00954,Application denied,Other,,,,35000.0,240,,Conventional,Other purpose,Conventional:Subordinate Lien,Not applicable,No negative amortization,Not applicable,41,,,Preapproval not requested,240
LOAN-00955,Loan originated,Not applicable,,,,55000.0,300,9.500,Conventional,Refinancing,Conventional:Subordinate Lien,Not a high-cost mortgage,No negative amortization,Not applicable,46,,395000,Preapproval not requested,300
LOAN-00956,Loan originated,Not applicable,,,,275000.0,360,6.250,VA,Refinancing,VA:First Lien,Not a high-cost mortgage,No negative amortization,Ginnie Mae,,1868.7,305000,Preapproval not requested,360
LOAN-00957,Application denied,Credit application incomplete,,,,95000.0,360,,FHA,Cash-out refinancing,FHA:First Lien,Not applicable,No negative amortization,Not applicable,20%-<30%,,295000,Preapproval not requested,360
LOAN-00958,Application denied,Credit history,,,,75000.0,,,Conventional,Other purpose,Conventional:Subordinate Lien,Not applicable,No negative amortization,Not applicable,>60%,,405000,Preapproval not requested,
LOAN-00959,Loan originated,Not applicable,,,,135000.0,Exempt,Exempt,Conventional,Home purchase,Conventional:First Lien,Not a high-cost mortgage,Exempt,Not applicable,Exempt,Exempt,Exempt,Preapproval not requested,Exempt
LOAN-00960,Loan originated,Not applicable,,,,105000.0,480,10.25,Conventional,Home improvement,Conventional:First Lien,Not a high-cost mortgage,No negative amortization,Not applicable,<20%,,685000,Preapproval not requested,480
LOAN-00961,Application denied,Collateral,,,,55000.0,360,,Conventional,Home improvement,Conventional:First Lien,Not applicable,No negative amortization,Not applicable,39,,445000,Preapproval not requested,360
LOAN-00962,Application denied,Debt-to-income ratio,,,,345000.0,360,,FHA,Home purchase,FHA:First Lien,Not applicable,No negative amortization,Not applicable,>60%,,355000,Preapproval not requested,360
LOAN-00963,Loan originated,Not applicable,,,,335000.0,360,6.375,Conventional,Cash-out refinancing,Conventional:First Lien,Not a high-cost mortgage,No negative amortization,Freddie Mac,41,8697.25,575000,Preapproval not requested,360
LOAN-00964,Application denied,Credit history,Debt-to-income ratio,,,55000.0,180,,Conventional,Other purpose,Conventional:Subordinate Lien,Not applicable,No negative amortization,Not applicable,50%-60%,,155000,Preapproval not requested,180
LOAN-00965,Loan originated,Not applicable,,,,115000.0,180,8.240,Conventional,Refinancing,Conventional:Subordinate Lien,Not a high-cost mortgage,No negative amortization,Not applicable,40,225.00,655000,Preapproval not requested,180
LOAN-00966,Purchased loan,Not applicable,,,,325000.0,360,6.62500,Conventional,Home purchase,Conventional:First Lien,Not a high-cost mortgage,No negative amortization,Fannie Mae,,7600.83,955000,Preapproval not requested,360
LOAN-00967,Loan originated,Not applicable,,,,8495000.0,120,5.81,Conventional,Cash-out refinancing,Conventional:First Lien,Not applicable,No negative amortization,Fannie Mae,,,14655000,Preapproval not requested,120
LOAN-00968,Application denied,Collateral,,,,85000.0,360,,Conventional,Home improvement,Conventional:Subordinate Lien,Not applicable,No negative amortization,Not applicable,37,,505000,Preapproval not requested,360
LOAN-00969,Application denied,Collateral,,,,185000.0,360,,Conventional,Home purchase,Conventional:First Lien,Not applicable,No negative amortization,Not applicable,40,,245000,Preapproval not requested,360
LOAN-00970,Loan originated,Not applicable,,,,185000.0,360,7.000,Conventional,Cash-out refinancing,Conventional:First Lien,Not a high-cost mortgage,No negative amortization,"Credit union, mortgage company, or finance company",40,7338.21,825000,Preapproval not requested,360
LOAN-00971,Loan originated,Not applicable,,,,75000.0,240,9.125,Conventional,Cash-out refinancing,Conventional:Subordinate Lien,Not a high-cost mortgage,No negative amortization,Private securitizer,43,1540.45,365000,Preapproval not requested,240
LOAN-00972,Application denied,Debt-to-income ratio,,,,325000.0,360,,Conventional,Cash-out refinancing,Conventional:First Lien,Not applicable,No negative amortization,Not applicable,50%-60%,,405000,Preapproval not requested,360
LOAN-00973,Purchased loan,Not applicable,,,,635000.0,360,6.99,Conventional,Home purchase,Conventional:First Lien,Not a high-cost mortgage,No negative amortization,Fannie Mae,,6783,805000,Preapproval not requested,360
LOAN-00974,Application denied,Credit application incomplete,,,,45000.0,60,,Conventional,Home improvement,Conventional:Subordinate Lien,Not applicable,No negative amortization,Not applicable,30%-<36%,,375000,Preapproval not requested,60
LOAN-00975,Loan originated,Not applicable,,,,245000.0,360,6.75,VA,Home purchase,VA:First Lien,Not a high-cost mortgage,No negative amortization,Ginnie Mae,46,4952.79,245000,Preapproval requested,360
LOAN-00976,Loan originated,Not applicable,,,,75000.0,360,10.140,Conventional,Other purpose,Conventional:Subordinate Lien,Not a high-cost mortgage,No negative amortization,Not applicable,43,,325000,Preapproval not requested,360
LOAN-00977,Application denied,Debt-to-income ratio,,,,255000.0,360,,Conventional,Refinancing,Conventional:Subordinate Lien,Not applicable,No negative amortization,Not applicable,50%-60%,,405000,Preapproval not requested,360
LOAN-00978,Application denied,Collateral,Debt-to-income ratio,,,135000.0,360,,Conventional,Home purchase,Conventional:Subordinate Lien,Not applicable,No negative amortization,Not applicable,43,,405000,Preapproval not requested,360
LOAN-00979,Loan originated,Not applicable,,,,295000.0,360,6.75,FHA,Home purchase,FHA:First Lien,Not a high-cost mortgage,No negative amortization,Ginnie Mae,50%-60%,15023.07,305000,Preapproval not requested,360
LOAN-00980,Loan originated,Not applicable,,,,125000.0,360,7.625,FHA,Cash-out refinancing,FHA:First Lien,Not a high-cost mortgage,No negative amortization,Not applicable,50%-60%,5404.7,145000,Preapproval not requested,360
LOAN-00981,Loan originated,Not applicable,,,,325000.0,333,2.75,VA,Home purchase,VA:First Lien,Not a high-cost mortgage,No negative amortization,Not applicable,45,3068.28,325000,Preapproval not requested,333
LOAN-00982,Purchased loan,Not applicable,,,,205000.0,360,7.500,Conventional,Home improvement,Conventional:First Lien,Not applicable,No negative amortization,Other type of purchaser,,,295000,Preapproval not requested,360
LOAN-00983,Loan originated,Not applicable,,,,275000.0,360,6.125,FHA,Home purchase,FHA:First Lien,Not a high-cost mortgage,No negative amortization,Other type of purchaser,40,11638.13,275000,Preapproval not requested,360
LOAN-00984,Application denied,Credit history,,,,45000.0,360,,Conventional,Refinancing,Conventional:Subordinate Lien,Not applicable,No negative amortization,Not applicable,36,,335000,Preapproval not requested,360
LOAN-00985,Loan originated,Not applicable,,,,385000.0,360,5.750,FHA,Home purchase,FHA:First Lien,Not a high-cost mortgage,No negative amortization,"Credit union, mortgage company, or finance company",50%-60%,21971.00,385000,Preapproval not requested,360
LOAN-00986,Application denied,Debt-to-income ratio,,,,55000.0,180,,Conventional,Other purpose,Conventional:Subordinate Lien,Not applicable,No negative amortization,Not applicable,50%-60%,,465000,Preapproval not requested,180
LOAN-00987,Loan originated,Not applicable,,,,305000.0,360,7.49,Conventional,Refinancing,Conventional:Subordinate Lien,Not a high-cost mortgage,No negative amortization,Not applicable,30%-<36%,,3505000,Preapproval not requested,360
LOAN-00988,Loan originated,Not applicable,,,,745000.0,240,6.112,Conventional,Home purchase,Conventional:First Lien,Not a high-cost mortgage,No negative amortization,Fannie Mae,<20%,4066.16,875000,Preapproval not requested,240
LOAN-00989,Loan originated,Not applicable,,,,545000.0,360,5.99,VA,Home purchase,VA:First Lien,Not a high-cost mortgage,No negative amortization,Ginnie Mae,30%-<36%,6528.95,545000,Preapproval not requested,360
LOAN-00990,Purchased loan,Not applicable,,,,255000.0,360,6.25,Conventional,Home purchase,Conventional:First Lien,Not a high-cost mortgage,No negative amortization,Fannie Mae,,3506,315000,Preapproval not requested,360
LOAN-00991,Application denied,Credit history,,,,25000.0,360,,Conventional,Other purpose,Conventional:Subordinate Lien,Not applicable,No negative amortization,Not applicable,30%-<36%,,,Preapproval not requested,360
LOAN-00992,Loan originated,Not applicable,,,,55000.0,360,7.875,Conventional,Home purchase,Conventional:First Lien,Not applicable,No negative amortization,Not applicable,36,4335.24,75000,Preapproval not requested,360
LOAN-00993,Application denied,Debt-to-income ratio,Other,,,245000.0,300,,Conventional,Home purchase,Conventional:First Lien,Not applicable,No negative amortization,Not applicable,>60%,,235000,Preapproval not requested,300
LOAN-00994,Loan originated,Not applicable,,,,215000.0,360,6.375,FHA,Home purchase,FHA:First Lien,Not a high-cost mortgage,No negative amortization,Other type of purchaser,30%-<36%,9892.65,225000,Preapproval not requested,360
LOAN-00995,Loan originated,Not applicable,,,,145000.0,360,8.375,Conventional,Home purchase,Conventional:First Lien,Not applicable,No negative amortization,Private securitizer,<20%,,215000,Preapproval not requested,360
LOAN-00996,Loan originated,Not applicable,,,,65000.0,360,9.750,Conventional,Other purpose,Conventional:Subordinate Lien,Not a high-cost mortgage,No negative amortization,Not applicable,30%-<36%,,605000,Preapproval not requested,360
LOAN-00997,Purchased loan,1111,,,,85000.0,Exempt,Exempt,Conventional,Other purpose,Conventional:Subordinate Lien,Not a high-cost mortgage,Exempt,Other type of purchaser,Exempt,Exempt,Exempt,Preapproval not requested,Exempt
LOAN-00998,Application denied,Credit history,,,,35000.0,180,,Conventional,Home improvement,Conventional:Subordinate Lien,Not applicable,No negative amortization,Not applicable,>60%,,225000,Preapproval not requested,180
LOAN-00999,Loan originated,Not applicable,,,,435000.0,360,5.603,FHA,Home purchase,FHA:First Lien,Not a high-cost mortgage,No negative amortization,Ginnie Mae,30%-<36%,21652,445000,Preapproval not requested,360
LOAN-01000,Loan originated,1111,,,,165000.0,Exempt,Exempt,Conventional,Home purchase,Conventional:First Lien,Not applicable,Exempt,Not applicable,Exempt,Exempt,Exempt,Preapproval not requested,Exempt
LOAN-01001,Loan originated,Not applicable,,,,105000.0,240,10,Conventional,Home improvement,Conventional:Subordinate Lien,Not a high-cost mortgage,No negative amortization,Not applicable,41,,655000,Preapproval not requested,240
LOAN-01002,Application denied,Debt-to-income ratio,Collateral,Credit history,,75000.0,360,,Conventional,Other purpose,Conventional:First Lien,Not applicable,No negative amortization,Not applicable,42,,405000,Preapproval not requested,360
LOAN-01003,Loan originated,Not applicable,,,,585000.0,360,6.375,Conventional,Home purchase,Conventional:First Lien,Not a high-cost mortgage,No negative amortization,"Credit union, mortgage company, or finance company",49,3922.75,735000,Preapproval not requested,360
LOAN-01004,Loan originated,Not applicable,,,,155000.0,360,6.732,Conventional,Home purchase,Conventional:First Lien,Not a high-cost mortgage,No negative amortization,Not applicable,37,2270.73,215000,Preapproval not requested,360
LOAN-01005,Preapproval request denied,Credit history,Other,,,245000.0,360,,Conventional,Home purchase,Conventional:First Lien,Not applicable,No negative amortization,Not applicable,39,,255000,Preapproval requested,360
LOAN-01006,Loan originated,Not applicable,,,,315000.0,360,5.99,Conventional,Home purchase,Conventional:First Lien,Not a high-cost mortgage,No negative amortization,Freddie Mac,43,10360.14,335000,Preapproval not requested,360
LOAN-01007,Purchased loan,Not applicable,,,,265000.0,360,6.5,Conventional,Refinancing,Conventional:First Lien,Not a high-cost mortgage,No negative amortization,Freddie Mac,,4886.75,535000,Preapproval not requested,360
LOAN-01008,Loan originated,Not applicable,,,,455000.0,360,6.999,FHA,Home purchase,FHA:First Lien,Not a high-cost mortgage,No negative amortization,"Commercial bank, savings bank, or savings association",50%-60%,7855.22,465000,Preapproval not requested,360
LOAN-01009,Loan originated,Not applicable,,,,75000.0,240,11.375,Conventional,Cash-out refinancing,Conventional:Subordinate Lien,Not a high-cost mortgage,No negative amortization,Private securitizer,49,2517.7,505000,Preapproval not requested,240
LOAN-01010,Loan originated,Not applicable,,,,105000.0,144,8.5,Conventional,Home improvement,Conventional:Subordinate Lien,Not a high-cost mortgage,No negative amortization,Not applicable,50%-60%,,525000,Preapproval not requested,144
LOAN-01011,Loan originated,Not applicable,,,,135000.0,300,8.500,Conventional,Cash-out refinancing,Conventional:Subordinate Lien,Not a high-cost mortgage,No negative amortization,Not applicable,50%-60%,,935000,Preapproval not requested,300
LOAN-01012,Loan originated,Not applicable,,,,995000.0,360,5.875,Conventional,Home purchase,Conventional:First Lien,Not a high-cost mortgage,No negative amortization,"Commercial bank, savings bank, or savings association",30%-<36%,0.00,1235000,Preapproval not requested,360
LOAN-01013,Application denied,1111,,,,75000.0,Exempt,Exempt,Conventional,Other purpose,Conventional:First Lien,Not applicable,Exempt,Not applicable,Exempt,Exempt,Exempt,Preapproval not requested,Exempt
LOAN-01014,Loan originated,Not applicable,,,,185000.0,300,9.250,Conventional,Home improvement,Conventional:Subordinate Lien,Not a high-cost mortgage,No negative amortization,Not applicable,<20%,,285000,Preapproval not requested,300
LOAN-01015,Loan originated,Not applicable,,,,365000.0,360,7.875,Conventional,Cash-out refinancing,Conventional:First Lien,Not a high-cost mortgage,No negative amortization,"Credit union, mortgage company, or finance company",20%-<30%,12456.31,455000,Preapproval not requested,360
LOAN-01016,Application denied,Other,,,,85000.0,360,,Conventional,Cash-out refinancing,Conventional:First Lien,Not applicable,No negative amortization,Not applicable,<20%,,205000,Preapproval not requested,360
LOAN-01017,Loan originated,Not applicable,,,,325000.0,360,7.125,VA,Home purchase,VA:First Lien,Not a high-cost mortgage,No negative amortization,Ginnie Mae,20%-<30%,986.00,325000,Preapproval not requested,360
LOAN-01018,Loan originated,Not applicable,,,,95000.0,360,6.375,Conventional,Refinancing,Conventional:First Lien,Not a high-cost mortgage,No negative amortization,Freddie Mac,30%-<36%,3668.00,205000,Preapproval not requested,360
LOAN-01019,Application denied,Employment history,Unverifiable information,,,165000.0,360,,FHA,Home purchase,FHA:First Lien,Not applicable,No negative amortization,Not applicable,45,,165000,Preapproval not requested,360
LOAN-01020,Purchased loan,Not applicable,,,,165000.0,525,5.125,FHA,Cash-out refinancing,FHA:First Lien,Not a high-cost mortgage,No negative amortization,Not applicable,,5455.68,285000,Preapproval not requested,525
LOAN-01021,Loan originated,Not applicable,,,,385000.0,360,6.750,Conventional,Cash-out refinancing,Conventional:First Lien,Not a high-cost mortgage,No negative amortization,"Commercial bank, savings bank, or savings association",42,4032.05,485000,Preapproval not requested,360
LOAN-01022,Loan originated,Not applicable,,,,65000.0,240,11.375,Conventional,Cash-out refinancing,Conventional:Subordinate Lien,Not a high-cost mortgage,No negative amortization,Private securitizer,49,3552.63,495000,Preapproval not requested,240
LOAN-01023,Application denied,Collateral,,,,25000.0,360,,Conventional,Home improvement,Conventional:Subordinate Lien,Not applicable,No negative amortization,Not applicable,,,85000,Preapproval not requested,360
LOAN-01024,Loan originated,Not applicable,,,,405000.0,360,6.5,Conventional,Home purchase,Conventional:First Lien,Not a high-cost mortgage,No negative amortization,Other type of purchaser,37,2678.95,425000,Preapproval not requested,360
LOAN-01025,Loan originated,Not applicable,,,,175000.0,240,8.000,Conventional,Home improvement,Conventional:Subordinate Lien,Not a high-cost mortgage,No negative amortization,Not applicable,20%-<30%,,945000,Preapproval not requested,240
LOAN-01026,Loan originated,Not applicable,,,,125000.0,300,10.090,Conventional,Refinancing,Conventional:Subordinate Lien,Not applicable,No negative amortization,Not applicable,42,,485000,Preapproval not requested,300
LOAN-01027,Application denied,Credit application incomplete,,,,85000.0,360,,Conventional,Home improvement,Conventional:Subordinate Lien,Not applicable,No negative amortization,Not applicable,50%-60%,,325000,Preapproval not requested,360
LOAN-01028,Loan originated,Not applicable,,,,335000.0,360,6.875,Conventional,Home purchase,Conventional:First Lien,Not a high-cost mortgage,No negative amortization,Fannie Mae,49,9761.78,355000,Preapproval not requested,360
LOAN-01029,Application denied,Collateral,,,,75000.0,360,,Conventional,Home purchase,Conventional:First Lien,Not applicable,No negative amortization,Not applicable,30%-<36%,,265000,Preapproval not requested,360
LOAN-01030,Purchased loan,Not applicable,,,,405000.0,360,6.5,Conventional,Home purchase,Conventional:First Lien,Not a high-cost mortgage,No negative amortization,"Credit union, mortgage company, or finance company",,7988.8,435000,Preapproval not requested,360
LOAN-01031,Application denied,Credit application incomplete,,,,85000.0,360,,Conventional,Cash-out refinancing,Conventional:First Lien,Not applicable,No negative amortization,Not applicable,,,445000,Preapproval not requested,360
LOAN-01032,Loan originated,Not applicable,,,,565000.0,360,5.125,VA,Cash-out refinancing,VA:First Lien,Not a high-cost mortgage,No negative amortization,Ginnie Mae,,10372.67,605000,Preapproval not requested,360
LOAN-01033,Loan originated,Not applicable,,,,135000.0,360,5.99,FHA,Cash-out refinancing,FHA:First Lien,Not a high-cost mortgage,No negative amortization,Not applicable,30%-<36%,10377.47,165000,Preapproval not requested,360
LOAN-01034,Loan originated,Not applicable,,,,105000.0,360,4.990,Conventional,Other purpose,Conventional:Subordinate Lien,Not a high-cost mortgage,No negative amortization,Not applicable,36,,705000,Preapproval not requested,360
LOAN-01035,Loan originated,Not applicable,,,,445000.0,360,6.500,Conventional,Home purchase,Conventional:First Lien,Not a high-cost mortgage,No negative amortization,Other type of purchaser,46,15030.43,575000,Preapproval not requested,360
LOAN-01036,Loan originated,Not applicable,,,,405000.0,240,6.375,Conventional,Home purchase,Conventional:First Lien,Not a high-cost mortgage,No negative amortization,Freddie Mac,20%-<30%,3471.70,675000,Preapproval not requested,240
LOAN-01037,Loan originated,Not applicable,,,,95000.0,360,6.880,Conventional,Refinancing,Conventional:First Lien,Not applicable,No negative amortization,Other type of purchaser,,,125000,Preapproval not requested,360
LOAN-01038,Application denied,Credit history,,,,55000.0,360,,Conventional,Home improvement,Conventional:Subordinate Lien,Not applicable,No negative amortization,Not applicable,38,,195000,Preapproval not requested,360
LOAN-01039,Purchased loan,Not applicable,,,,155000.0,360,8.375,Conventional,Home purchase,Conventional:First Lien,Not applicable,No negative amortization,Life insurance company,,,205000,Preapproval not requested,360
LOAN-01040,Purchased loan,Not applicable,,,,285000.0,360,7.625,Conventional,Home purchase,Conventional:First Lien,Not a high-cost mortgage,No negative amortization,Freddie Mac,,3810.14,355000,Preapproval not requested,360
LOAN-01041,Loan originated,Not applicable,,,,325000.0,360,6.000,Conventional,Home purchase,Conventional:First Lien,Not a high-cost mortgage,No negative amortization,"Credit union, mortgage company, or finance company",47,2808,465000,Preapproval not requested,360
LOAN-01042,Application denied,Credit history,,,,15000.0,300,,Conventional,Other purpose,Conventional:Subordinate Lien,Not applicable,No negative amortization,Not applicable,>60%,,,Preapproval not requested,300
LOAN-01043,Application denied,Credit history,Unverifiable information,,,35000.0,60,,Conventional,Home improvement,Conventional:First Lien,Not applicable,No negative amortization,Not applicable,46,,515000,Preapproval not requested,60
LOAN-01044,Loan originated,Not applicable,,,,395000.0,360,6.249,FHA,Home purchase,FHA:First Lien,Not a high-cost mortgage,No negative amortization,Ginnie Mae,36,14669.19,405000,Preapproval not requested,360
LOAN-01045,Purchased loan,Not applicable,,,,765000.0,360,6.000,VA,Home purchase,VA:First Lien,Not a high-cost mortgage,No negative amortization,Ginnie Mae,,5706.80,905000,Preapproval not requested,360
LOAN-01046,Loan originated,Not applicable,,,,125000.0,360,5.750,Conventional,Home purchase,Conventional:First Lien,Not a high-cost mortgage,No negative amortization,Freddie Mac,20%-<30%,4218.13,135000,Preapproval not requested,360
LOAN-01047,Loan originated,Not applicable,,,,25000.0,120,5.950,Conventional,Home improvement,Conventional:Subordinate Lien,Not a high-cost mortgage,No negative amortization,Not applicable,20%-<30%,,225000,Preapproval not requested,120
LOAN-01048,Application denied,Collateral,Credit application incomplete,,,55000.0,240,,Conventional,Other purpose,Conventional:Subordinate Lien,Not applicable,No negative amortization,Not applicable,,,255000,Preapproval not requested,240
LOAN-01049,Application denied,Credit history,,,,35000.0,,,Conventional,Refinancing,Conventional:First Lien,Not applicable,No negative amortization,Not applicable,43,,175000,Preapproval not requested,
LOAN-01050,Purchased loan,Not applicable,,,,415000.0,360,6.625,Conventional,Refinancing,Conventional:First Lien,Not a high-cost mortgage,No negative amortization,Fannie Mae,,6251,735000,Preapproval not requested,360
LOAN-01051,Loan originated,1111,,,,105000.0,Exempt,Exempt,Conventional,Other purpose,Conventional:First Lien,Not a high-cost mortgage,Exempt,Not applicable,Exempt,Exempt,Exempt,Preapproval not requested,Exempt
LOAN-01052,Loan originated,Not applicable,,,,65000.0,360,7.990,Conventional,Other purpose,Conventional:Subordinate Lien,Not a high-cost mortgage,No negative amortization,Not applicable,44,,475000,Preapproval not requested,360
LOAN-01053,Loan originated,Not applicable,,,,655000.0,360,6.99,Conventional,Home purchase,Conventional:First Lien,Not a high-cost mortgage,No negative amortization,Fannie Mae,37,5328.27,755000,Preapproval not requested,360
LOAN-01054,Loan originated,Not applicable,,,,155000.0,360,6.09,Conventional,Home purchase,Conventional:First Lien,Not a high-cost mortgage,No negative amortization,Not applicable,30%-<36%,4525.75,225000,Preapproval not requested,360
LOAN-01055,Purchased loan,Not applicable,,,,105000.0,360,7.000,FHA,Home purchase,FHA:First Lien,Not a high-cost mortgage,No negative amortization,Ginnie Mae,,7085.73,115000,Preapproval not requested,360
LOAN-01056,Loan originated,Not applicable,,,,285000.0,360,5.375,Conventional,Home purchase,Conventional:First Lien,Not applicable,No negative amortization,Fannie Mae,49,4226.16,355000,Preapproval not requested,360
LOAN-01057,Loan originated,Not applicable,,,,265000.0,360,8.450,Conventional,Other purpose,Conventional:First Lien,Not a high-cost mortgage,No negative amortization,Not applicable,48,,2655000,Preapproval not requested,360
LOAN-01058,Loan originated,Not applicable,,,,395000.0,360,6.375,Conventional,Home purchase,Conventional:First Lien,Not a high-cost mortgage,No negative amortization,Other type of purchaser,40,2243.83,435000,Preapproval not requested,360
LOAN-01059,Loan originated,Not applicable,,,,375000.0,300,5.25,Conventional,Home purchase,Conventional:First Lien,Not a high-cost mortgage,No negative amortization,Not applicable,30%-<36%,4881.75,505000,Preapproval not requested,300
LOAN-01060,Loan originated,Not applicable,,,,355000.0,360,6.75,VA,Home purchase,VA:First Lien,Not a high-cost mortgage,No negative amortization,"Credit union, mortgage company, or finance company",50%-60%,725.00,375000,Preapproval not requested,360
LOAN-01061,Application denied,Debt-to-income ratio,,,,85000.0,180,,Conventional,Home improvement,Conventional:Subordinate Lien,Not applicable,No negative amortization,Not applicable,>60%,,595000,Preapproval not requested,180
LOAN-01062,Loan originated,Not applicable,,,,215000.0,180,5.99,Conventional,Home purchase,Conventional:First Lien,Not a high-cost mortgage,No negative amortization,Fannie Mae,<20%,5579.31,285000,Preapproval not requested,180
LOAN-01063,Loan originated,Not applicable,,,,235000.0,360,6.999,Conventional,Home purchase,Conventional:First Lien,Not a high-cost mortgage,No negative amortization,Freddie Mac,20%-<30%,6431.88,245000,Preapproval not requested,360
LOAN-01064,Loan originated,Not applicable,,,,255000.0,240,8.250,Conventional,Home improvement,Conventional:Subordinate Lien,Not a high-cost mortgage,No negative amortization,Not applicable,50%-60%,,845000,Preapproval not requested,240
LOAN-01065,Application denied,Debt-to-income ratio,,,,205000.0,300,,Conventional,Home improvement,Conventional:Subordinate Lien,Not applicable,No negative amortization,Not applicable,>60%,,605000,Preapproval not requested,300
LOAN-01066,Loan originated,Not applicable,,,,395000.0,360,6.625,Conventional,Home purchase,Conventional:First Lien,Not a high-cost mortgage,No negative amortization,Not applicable,39,7934.16,465000,Preapproval not requested,360
LOAN-01067,Purchased loan,Not applicable,,,,395000.0,360,6.5,Conventional,Home purchase,Conventional:First Lien,Not a high-cost mortgage,No negative amortization,Fannie Mae,,4663.5,595000,Preapproval not requested,360
LOAN-01068,Loan originated,Not applicable,,,,195000.0,360,7.000,Conventional,Refinancing,Conventional:First Lien,Not a high-cost mortgage,No negative amortization,"Credit union, mortgage company, or finance company",36,4049.00,305000,Preapproval not requested,360
LOAN-01069,Application denied,Credit history,,,,165000.0,300,,Conventional,Home purchase,Conventional:First Lien,Not applicable,No negative amortization,Not applicable,20%-<30%,,165000,Preapproval not requested,300
LOAN-01070,Application denied,Debt-to-income ratio,,,,255000.0,Exempt,Exempt,Conventional,Home purchase,Conventional:First Lien,Not applicable,Exempt,Not applicable,Exempt,Exempt,Exempt,Preapproval not requested,Exempt
LOAN-01071,Application denied,Credit history,Debt-to-income ratio,,,195000.0,360,,Conventional,Home purchase,Conventional:First Lien,Not applicable,No negative amortization,Not applicable,50%-60%,,245000,Preapproval not requested,360
LOAN-01072,Loan originated,1111,,,,85000.0,Exempt,Exempt,Conventional,Refinancing,Conventional:First Lien,Not a high-cost mortgage,Exempt,Fannie Mae,Exempt,Exempt,Exempt,Preapproval not requested,Exempt
LOAN-01073,Application denied,Debt-to-income ratio,,,,55000.0,60,,Conventional,Cash-out refinancing,Conventional:Subordinate Lien,Not applicable,No negative amortization,Not applicable,50%-60%,,785000,Preapproval not requested,60
LOAN-01074,Purchased loan,Not applicable,,,,315000.0,360,5.5,FHA,Home purchase,FHA:First Lien,Not a high-cost mortgage,No negative amortization,Ginnie Mae,,8340.92,325000,Preapproval not requested,360
LOAN-01075,Loan originated,Not applicable,,,,195000.0,300,6.0000,Conventional,Refinancing,Conventional:Subordinate Lien,Not a high-cost mortgage,No negative amortization,Not applicable,45,,555000,Preapproval not requested,300
LOAN-01076,Loan originated,Not applicable,,,,105000.0,240,9.000,Conventional,Home improvement,Conventional:Subordinate Lien,Not a high-cost mortgage,No negative amortization,Not applicable,48,,705000,Preapproval not requested,240
LOAN-01077,Purchased loan,Not applicable,,,,325000.0,360,7.25,Conventional,Home purchase,Conventional:First Lien,Not a high-cost mortgage,No negative amortization,Fannie Mae,,4348.31,415000,Preapproval not requested,360
LOAN-01078,Application denied,Other,,,,355000.0,360,,USDA RHS or FSA,Home purchase,FSA/RHS:First Lien,Not applicable,No negative amortization,Not applicable,30%-<36%,,355000,Preapproval not requested,360
LOAN-01079,Application denied,Credit history,,,,435000.0,360,,Conventional,Cash-out refinancing,Conventional:First Lien,Not applicable,No negative amortization,Not applicable,50%-60%,,555000,Preapproval not requested,360
LOAN-01080,Loan originated,Not applicable,,,,335000.0,360,4.99,Conventional,Home purchase,Conventional:First Lien,Not a high-cost mortgage,No negative amortization,Fannie Mae,20%-<30%,5839.25,415000,Preapproval not requested,360
LOAN-01081,Loan originated,Not applicable,,,,575000.0,360,5.625,VA,Home purchase,VA:First Lien,Not a high-cost mortgage,No negative amortization,"Commercial bank, savings bank, or savings association",49,10126,575000,Preapproval not requested,360
LOAN-01082,Loan originated,Not applicable,,,,305000.0,360,5.99,Conventional,Home purchase,Conventional:First Lien,Not a high-cost mortgage,No negative amortization,Affiliate institution,47,6959.97,385000,Preapproval not requested,360
LOAN-01083,Purchased loan,Not applicable,,,,265000.0,360,6.125,Conventional,Home purchase,Conventional:First Lien,Not a high-cost mortgage,No negative amortization,Freddie Mac,,4215,295000,Preapproval not requested,360
LOAN-01084,Loan originated,Not applicable,,,,245000.0,12,10.75,Conventional,Home purchase,Conventional:First Lien,Not applicable,No negative amortization,Life insurance company,,,345000,Preapproval not requested,12
LOAN-01085,Loan originated,Not applicable,,,,345000.0,360,4.9900,FHA,Home purchase,FHA:First Lien,Not a high-cost mortgage,No negative amortization,Not applicable,50%-60%,12275.73,355000,Preapproval not requested,360
LOAN-01086,Loan originated,Not applicable,,,,115000.0,360,7.125,Conventional,Home purchase,Conventional:First Lien,Not a high-cost mortgage,No negative amortization,Freddie Mac,43,6521.5,115000,Preapproval not requested,360
LOAN-01087,Purchased loan,Not applicable,,,,1475000.0,360,7.375,Conventional,Home purchase,Conventional:First Lien,Not a high-cost mortgage,No negative amortization,Not applicable,,4999.00,2075000,Preapproval not requested,360
LOAN-01088,Application denied,Debt-to-income ratio,"Insufficient cash (downpayment, closing costs)",,,85000.0,360,,FHA,Cash-out refinancing,FHA:First Lien,Not applicable,No negative amortization,Not applicable,>60%,,105000,Preapproval not requested,360
LOAN-01089,Loan originated,Not applicable,,,,335000.0,360,5.625,FHA,Home purchase,FHA:First Lien,Not a high-cost mortgage,No negative amortization,"Credit union, mortgage company, or finance company",42,20556.02,345000,Preapproval not requested,360
LOAN-01090,Application denied,Credit application incomplete,,,,145000.0,240,,Conventional,Cash-out refinancing,Conventional:Subordinate Lien,Not applicable,No negative amortization,Not applicable,,,425000,Preapproval not requested,240
LOAN-01091,Loan originated,Not applicable,,,,145000.0,180,4.25,Conventional,Home purchase,Conventional:First Lien,Not a high-cost mortgage,No negative amortization,Fannie Mae,<20%,6030.36,605000,Preapproval not requested,180
LOAN-01092,Purchased loan,Not applicable,,,,55000.0,360,6.875,Conventional,Home purchase,Conventional:First Lien,Not a high-cost mortgage,No negative amortization,Freddie Mac,,3332.35,105000,Preapproval not requested,360
LOAN-01093,Loan originated,Not applicable,,,,235000.0,360,6.375,Conventional,Cash-out refinancing,Conventional:First Lien,Not a high-cost mortgage,No negative amortization,"Credit union, mortgage company, or finance company",50%-60%,15590.39,305000,Preapproval not requested,360
LOAN-01094,Loan originated,Not applicable,,,,415000.0,360,6.125,Conventional,Refinancing,Conventional:First Lien,Not a high-cost mortgage,No negative amortization,Freddie Mac,39,5366.14,545000,Preapproval not requested,360
LOAN-01095,Application denied,Collateral,,,,245000.0,360,,FHA,Cash-out refinancing,FHA:First Lien,Not applicable,No negative amortization,Not applicable,40,,275000,Preapproval not requested,360
LOAN-01096,Application denied,"Insufficient cash (downpayment, closing costs)",,,,175000.0,360,,FHA,Cash-out refinancing,FHA:First Lien,Not applicable,No negative amortization,Not applicable,50%-60%,,215000,Preapproval not requested,360
LOAN-01097,Loan originated,Not applicable,,,,65000.0,240,10.625,Conventional,Other purpose,Conventional:Subordinate Lien,Not a high-cost mortgage,No negative amortization,Private securitizer,42,2764.83,375000,Preapproval not requested,240
LOAN-01098,Loan originated,Not applicable,,,,725000.0,360,5.75,Conventional,Refinancing,Conventional:First Lien,Not applicable,No negative amortization,Not applicable,44,,1805000,Preapproval not requested,360
LOAN-01099,Purchased loan,Not applicable,,,,155000.0,360,7.375,FHA,Home purchase,FHA:First Lien,Not a high-cost mortgage,No negative amortization,Ginnie Mae,,8705.98,155000,Preapproval not requested,360
LOAN-01100,Application denied,1111,,,,185000.0,360,,Conventional,Home purchase,Conventional:First Lien,Not applicable,No negative amortization,Not applicable,,,,Preapproval not requested,360
LOAN-01101,Loan originated,Not applicable,,,,255000.0,360,5.775,Conventional,Home purchase,Conventional:First Lien,Not a high-cost mortgage,No negative amortization,Not applicable,40,5076.60,255000,Preapproval not requested,360
LOAN-01102,Application denied,Collateral,,,,65000.0,360,,Conventional,Cash-out refinancing,Conventional:Subordinate Lien,Not applicable,No negative amortization,Not applicable,30%-<36%,,335000,Preapproval not requested,360
LOAN-01103,Loan originated,Not applicable,,,,285000.0,12,11.49,Conventional,Refinancing,Conventional:First Lien,Not applicable,No negative amortization,Not applicable,,Exempt,325000,Preapproval not requested,12
LOAN-01104,Application denied,Credit application incomplete,,,,175000.0,360,,Conventional,Refinancing,Conventional:First Lien,Not applicable,No negative amortization,Not applicable,42,,,Preapproval not requested,360
LOAN-01105,Loan originated,Not applicable,,,,275000.0,360,6.625,Conventional,Cash-out refinancing,Conventional:First Lien,Not a high-cost mortgage,No negative amortization,"Credit union, mortgage company, or finance company",37,3870.95,455000,Preapproval not requested,360
LOAN-01106,Application denied,Credit application incomplete,,,,95000.0,360,,Conventional,Cash-out refinancing,Conventional:First Lien,Not applicable,No negative amortization,Not applicable,,,185000,Preapproval not requested,360
LOAN-01107,Application denied,Debt-to-income ratio,,,,105000.0,360,,Conventional,Home improvement,Conventional:Subordinate Lien,Not applicable,No negative amortization,Not applicable,>60%,,1085000,Preapproval not requested,360
LOAN-01108,Application denied,Debt-to-income ratio,,,,165000.0,180,,Conventional,Cash-out refinancing,Conventional:First Lien,Not applicable,No negative amortization,Not applicable,>60%,,315000,Preapproval not requested,180
LOAN-01109,Loan originated,Not applicable,,,,605000.0,360,6.250,FHA,Home purchase,FHA:First Lien,Not a high-cost mortgage,No negative amortization,Life insurance company,50%-60%,20332.61,625000,Preapproval not requested,360
LOAN-01110,Loan originated,Not applicable,,,,435000.0,360,6.625,FHA,Home purchase,FHA:First Lien,Not a high-cost mortgage,No negative amortization,Ginnie Mae,50%-60%,19100.93,445000,Preapproval requested,360
LOAN-01111,Loan originated,Not applicable,,,,345000.0,360,6.25,VA,Home purchase,VA:First Lien,Not a high-cost mortgage,No negative amortization,Ginnie Mae,50%-60%,15692.59,345000,Preapproval not requested,360
LOAN-01112,Application denied,Other,,,,105000.0,240,,Conventional,Other purpose,Conventional:First Lien,Not applicable,No negative amortization,Not applicable,30%-<36%,,155000,Preapproval not requested,240
LOAN-01113,Loan originated,Not applicable,,,,195000.0,360,6.625,FHA,Home purchase,FHA:First Lien,Not a high-cost mortgage,No negative amortization,"Credit union, mortgage company, or finance company",47,7995.62,205000,Preapproval not requested,360
LOAN-01114,Application denied,Credit history,,,,125000.0,30,,Conventional,Other purpose,Conventional:Subordinate Lien,Not applicable,No negative amortization,Not applicable,>60%,,605000,Preapproval not requested,30
LOAN-01115,Loan originated,Not applicable,,,,125000.0,360,6.490,Conventional,Home purchase,Conventional:First Lien,Not a high-cost mortgage,No negative amortization,"Credit union, mortgage company, or finance company",30%-<36%,,155000,Preapproval not requested,360
LOAN-01116,Application denied,Unverifiable information,,,,75000.0,240,,Conventional,Other purpose,Conventional:Subordinate Lien,Not applicable,No negative amortization,Not applicable,20%-<30%,,785000,Preapproval not requested,240
LOAN-01117,Application denied,Collateral,,,,405000.0,360,,Conventional,Home purchase,Conventional:First Lien,Not applicable,No negative amortization,Not applicable,46,,395000,Preapproval not requested,360
LOAN-01118,Application denied,Credit history,,,,55000.0,480,,Conventional,Other purpose,Conventional:First Lien,Not applicable,No negative amortization,Not applicable,,,,Preapproval not requested,480
LOAN-01119,Application denied,Credit history,Debt-to-income ratio,"Insufficient cash (downpayment, closing costs)",Other,75000.0,276,,Conventional,Home purchase,Conventional:First Lien,Not applicable,No negative amortization,Not applicable,>60%,,65000,Preapproval not requested,276
LOAN-01120,Application denied,Debt-to-income ratio,Other,,,115000.0,360,,Conventional,Other purpose,Conventional:Subordinate Lien,Not applicable,No negative amortization,Not applicable,43,,625000,Preapproval not requested,360
LOAN-01121,Loan originated,Not applicable,,,,155000.0,360,6.000,Conventional,Home purchase,Conventional:First Lien,Not a high-cost mortgage,No negative amortization,"Commercial bank, savings bank, or savings association",30%-<36%,2107.35,165000,Preapproval not requested,360
LOAN-01122,Application denied,Other,,,,25000.0,180,,Conventional,Home improvement,Conventional:Subordinate Lien,Not applicable,No negative amortization,Not applicable,,,,Preapproval not requested,180
LOAN-01123,Loan originated,Not applicable,,,,225000.0,180,6.990,Conventional,Home purchase,Conventional:First Lien,Not a high-cost mortgage,No negative amortization,Affiliate institution,37,6118.04,495000,Preapproval not requested,180
LOAN-01124,Loan originated,Not applicable,,,,505000.0,360,7.875,Conventional,Cash-out refinancing,Conventional:First Lien,Not a high-cost mortgage,No negative amortization,Not applicable,45,10075.00,725000,Preapproval not requested,360
LOAN-01125,Purchased loan,Not applicable,,,,205000.0,360,6.500,Conventional,Home purchase,Conventional:First Lien,Not applicable,No negative amortization,Fannie Mae,,5711.06,345000,Preapproval not requested,360
LOAN-01126,Loan originated,Not applicable,,,,315000.0,360,7.499,Conventional,Home purchase,Conventional:First Lien,Not a high-cost mortgage,No negative amortization,Freddie Mac,42,3890.45,325000,Preapproval not requested,360
LOAN-01127,Loan originated,Not applicable,,,,225000.0,360,9.375,Conventional,Cash-out refinancing,Conventional:First Lien,Not a high-cost mortgage,No negative amortization,"Credit union, mortgage company, or finance company",41,7121.50,345000,Preapproval not requested,360
LOAN-01128,Application denied,Credit application incomplete,,,,75000.0,360,,FHA,Cash-out refinancing,FHA:First Lien,Not applicable,No negative amortization,Not applicable,,,105000,Preapproval not requested,360
LOAN-01129,Loan originated,Not applicable,,,,105000.0,360,5.990,Conventional,Home purchase,Conventional:First Lien,Not a high-cost mortgage,No negative amortization,"Credit union, mortgage company, or finance company",20%-<30%,3695.00,555000,Preapproval not requested,360
LOAN-01130,Loan originated,Not applicable,,,,155000.0,360,8.250,Conventional,Other purpose,Conventional:First Lien,Not a high-cost mortgage,No negative amortization,Not applicable,44,,705000,Preapproval not requested,360
LOAN-01131,Loan originated,Not applicable,,,,275000.0,360,6.75,Conventional,Cash-out refinancing,Conventional:First Lien,Not a high-cost mortgage,No negative amortization,Fannie Mae,46,7504.94,465000,Preapproval not requested,360
LOAN-01132,Loan originated,Not applicable,,,,155000.0,360,8.500,Conventional,Home improvement,Conventional:Subordinate Lien,Not a high-cost mortgage,No negative amortization,Not applicable,20%-<30%,,1115000,Preapproval not requested,360
LOAN-01133,Loan originated,Not applicable,,,,65000.0,180,7.2000,Conventional,Home purchase,Conventional:First Lien,Not a high-cost mortgage,No negative amortization,Not applicable,38,,85000,Preapproval not requested,180
LOAN-01134,Loan originated,Not applicable,,,,235000.0,360,7.625,Conventional,Home purchase,Conventional:First Lien,Not applicable,No negative amortization,Not applicable,30%-<36%,,295000,Preapproval not requested,360
LOAN-01135,Loan originated,Not applicable,,,,245000.0,360,6.625,USDA RHS or FSA,Home purchase,FSA/RHS:First Lien,Not a high-cost mortgage,No negative amortization,Not applicable,30%-<36%,7540.34,245000,Preapproval not requested,360
LOAN-01136,Loan originated,Not applicable,,,,65000.0,240,6.490,Conventional,Home purchase,Conventional:Subordinate Lien,Not a high-cost mortgage,No negative amortization,Not applicable,20%-<30%,,285000,Preapproval not requested,240
LOAN-01137,Loan originated,Not applicable,,,,405000.0,360,5.99,FHA,Home purchase,FHA:First Lien,Not a high-cost mortgage,No negative amortization,Affiliate institution,50%-60%,24610.40,405000,Preapproval not requested,360
LOAN-01138,Loan originated,Not applicable,,,,55000.0,240,9.250,Conventional,Cash-out refinancing,Conventional:First Lien,Not a high-cost mortgage,No negative amortization,Not applicable,20%-<30%,,485000,Preapproval not requested,240
LOAN-01139,Loan originated,Not applicable,,,,435000.0,360,5.625,Conventional,Home purchase,Conventional:First Lien,Not a high-cost mortgage,No negative amortization,Freddie Mac,47,17377.71,1215000,Preapproval not requested,360
LOAN-01140,Application denied,Debt-to-income ratio,,,,75000.0,180,,Conventional,Refinancing,Conventional:First Lien,Not applicable,No negative amortization,Not applicable,>60%,,,Preapproval not requested,180
LOAN-01141,Loan originated,Not applicable,,,,275000.0,360,7.500,Conventional,Home purchase,Conventional:First Lien,Not applicable,No negative amortization,Freddie Mac,20%-<30%,,395000,Preapproval not requested,360
LOAN-01142,Application denied,Collateral,,,,695000.0,360,,FHA,Home purchase,FHA:First Lien,Not applicable,No negative amortization,Not applicable,50%-60%,,665000,Preapproval not requested,360
LOAN-01143,Application denied,Debt-to-income ratio,,,,65000.0,240,,Conventional,Home purchase,Conventional:First Lien,Not applicable,No negative amortization,Not applicable,>60%,,,Preapproval not requested,240
LOAN-01144,Application denied,Debt-to-income ratio,Credit history,,,105000.0,300,,Conventional,Home purchase,Conventional:First Lien,Not applicable,No negative amortization,Not applicable,40,,105000,Preapproval not requested,300
LOAN-01145,Loan originated,Not applicable,,,,985000.0,360,4.75,Conventional,Home purchase,Conventional:First Lien,Not a high-cost mortgage,No negative amortization,Not applicable,42,504.15,1335000,Preapproval not requested,360
LOAN-01146,Loan originated,Not applicable,,,,975000.0,360,6.125,Conventional,Home purchase,Conventional:First Lien,Not a high-cost mortgage,No negative amortization,Not applicable,<20%,4698.56,1385000,Preapproval not requested,360
LOAN-01147,Loan originated,Not applicable,,,,105000.0,360,11.875,Conventional,Other purpose,Conventional:First Lien,Not a high-cost mortgage,No negative amortization,Not applicable,41,6884.08,155000,Preapproval not requested,360
LOAN-01148,Application denied,Collateral,,,,185000.0,360,,Conventional,Home purchase,Conventional:First Lien,Not applicable,No negative amortization,Not applicable,37,,435000,Preapproval not requested,360
LOAN-01149,Application denied,Debt-to-income ratio,Credit history,,,105000.0,360,,Conventional,Home improvement,Conventional:Subordinate Lien,Not applicable,No negative amortization,Not applicable,>60%,,,Preapproval not requested,360
LOAN-01150,Loan originated,Not applicable,,,,145000.0,360,7.49,Conventional,Home purchase,Conventional:First Lien,Not applicable,No negative amortization,Freddie Mac,36,4484.6,195000,Preapproval not requested,360
LOAN-01151,Application denied,Debt-to-income ratio,"Insufficient cash (downpayment, closing costs)",Other,Credit history,275000.0,300,,Conventional,Home purchase,Conventional:First Lien,Not applicable,No negative amortization,Not applicable,>60%,,275000,Preapproval not requested,300
LOAN-01152,Application denied,Credit history,,,,195000.0,360,,FHA,Refinancing,FHA:First Lien,Not applicable,No negative amortization,Not applicable,39,,205000,Preapproval not requested,360
LOAN-01153,Loan originated,Not applicable,,,,575000.0,360,7.125,Conventional,Home purchase,Conventional:First Lien,Not a high-cost mortgage,No negative amortization,Affiliate institution,47,5045.14,645000,Preapproval not requested,360
LOAN-01154,Loan originated,Not applicable,,,,435000.0,360,6.625,Conventional,Home purchase,Conventional:First Lien,Not applicable,No negative amortization,Not applicable,41,,575000,Preapproval not requested,360
LOAN-01155,Loan originated,Not applicable,,,,475000.0,360,5.125,Conventional,Home purchase,Conventional:First Lien,Not a high-cost mortgage,No negative amortization,"Credit union, mortgage company, or finance company",37,20929.50,505000,Preapproval not requested,360
LOAN-01156,Loan originated,Not applicable,,,,15000.0,360,0.000,Conventional,Home purchase,Conventional:Subordinate Lien,Not a high-cost mortgage,No negative amortization,Other type of purchaser,48,175.00,335000,Preapproval not requested,360
LOAN-01157,Loan originated,Not applicable,,,,105000.0,360,8.500,Conventional,Home improvement,Conventional:Subordinate Lien,Not a high-cost mortgage,No negative amortization,Not applicable,47,,565000,Preapproval not requested,360
LOAN-01158,Application denied,Debt-to-income ratio,,,,45000.0,276,,Conventional,Home purchase,Conventional:First Lien,Not applicable,No negative amortization,Not applicable,50%-60%,,185000,Preapproval not requested,276
LOAN-01159,Application denied,Unverifiable information,,,,145000.0,360,,Conventional,Refinancing,Conventional:First Lien,Not applicable,No negative amortization,Not applicable,,,205000,Preapproval not requested,360
LOAN-01160,Loan originated,Not applicable,,,,105000.0,360,10.5,Conventional,Home purchase,Conventional:First Lien,Not applicable,No negative amortization,"Commercial bank, savings bank, or savings association",,,145000,Preapproval not requested,360
LOAN-01161,Loan originated,Not applicable,,,,285000.0,360,5.625,FHA,Home purchase,FHA:First Lien,Not a high-cost mortgage,No negative amortization,"Credit union, mortgage company, or finance company",39,11110.50,285000,Preapproval not requested,360
LOAN-01162,Application denied,Debt-to-income ratio,Other,,,55000.0,360,,Conventional,Other purpose,Conventional:Subordinate Lien,Not applicable,No negative amortization,Not applicable,50%-60%,,205000,Preapproval not requested,360
LOAN-01163,Application denied,Debt-to-income ratio,Credit history,,,125000.0,300,,Conventional,Home improvement,Conventional:First Lien,Not applicable,No negative amortization,Not applicable,>60%,,465000,Preapproval not requested,300
LOAN-01164,Loan originated,Not applicable,,,,45000.0,360,11.9,Conventional,Home improvement,Conventional:Subordinate Lien,Not a high-cost mortgage,No negative amortization,"Credit union, mortgage company, or finance company",38,,,Preapproval not requested,360
LOAN-01165,Application denied,Collateral,,,,125000.0,360,,Conventional,Refinancing,Conventional:Subordinate Lien,Not applicable,No negative amortization,Not applicable,30%-<36%,,355000,Preapproval not requested,360
LOAN-01166,Application denied,Credit application incomplete,,,,375000.0,360,,Conventional,Refinancing,Conventional:Subordinate Lien,Not applicable,No negative amortization,Not applicable,42,,1605000,Preapproval not requested,360
LOAN-01167,Purchased loan,Not applicable,,,,245000.0,276,7.125,Conventional,Cash-out refinancing,Conventional:First Lien,Not a high-cost mortgage,No negative amortization,Not applicable,,10206.3,345000,Preapproval not requested,276
LOAN-01168,Loan originated,Not applicable,,,,285000.0,,6.285,FHA,Refinancing,FHA:First Lien,Not applicable,Negative amortization,Ginnie Mae,,,655000,Preapproval not requested,
LOAN-01169,Loan originated,Not applicable,,,,75000.0,360,10.64,Conventional,Home purchase,Conventional:Subordinate Lien,Not a high-cost mortgage,No negative amortization,Not applicable,47,,645000,Preapproval not requested,360
LOAN-01170,Loan originated,Not applicable,,,,15000.0,360,0.000,Conventional,Home purchase,Conventional:Subordinate Lien,Not applicable,No negative amortization,"Commercial bank, savings bank, or savings association",30%-<36%,,135000,Preapproval not requested,360
LOAN-01171,Loan originated,Not applicable,,,,215000.0,360,6.625,Conventional,Home purchase,Conventional:First Lien,Not a high-cost mortgage,No negative amortization,Other type of purchaser,48,2250.05,235000,Preapproval not requested,360
LOAN-01172,Loan originated,Not applicable,,,,185000.0,360,6.990,Conventional,Home purchase,Conventional:First Lien,Not a high-cost mortgage,No negative amortization,Freddie Mac,49,8005.4,225000,Preapproval not requested,360
LOAN-01173,Loan originated,Not applicable,,,,45000.0,240,7.500,Conventional,Home improvement,Conventional:Subordinate Lien,Not a high-cost mortgage,No negative amortization,Not applicable,42,,185000,Preapproval not requested,240
LOAN-01174,Application denied,Debt-to-income ratio,Credit history,Collateral,,35000.0,180,,Conventional,Other purpose,Conventional:Subordinate Lien,Not applicable,No negative amortization,Not applicable,47,,505000,Preapproval not requested,180
LOAN-01175,Loan originated,Not applicable,,,,65000.0,,9.990,Conventional,Other purpose,Conventional:Subordinate Lien,Not applicable,Negative amortization,Private securitizer,,,465000,Preapproval not requested,
LOAN-01176,Loan originated,Not applicable,,,,835000.0,360,5.625,VA,Refinancing,VA:First Lien,Not a high-cost mortgage,No negative amortization,Ginnie Mae,,13490.83,825000,Preapproval not requested,360
LOAN-01177,Loan originated,Not applicable,,,,35000.0,300,9.500,Conventional,Home improvement,Conventional:Subordinate Lien,Not a high-cost mortgage,No negative amortization,Not applicable,30%-<36%,,195000,Preapproval not requested,300
LOAN-01178,Purchased loan,Not applicable,,,,645000.0,360,6.625,Conventional,Home purchase,Conventional:First Lien,Not a high-cost mortgage,No negative amortization,Fannie Mae,,15161,805000,Preapproval not requested,360
LOAN-01179,Application denied,Debt-to-income ratio,,,,115000.0,300,,Conventional,Home purchase,Conventional:First Lien,Not applicable,No negative amortization,Not applicable,>60%,,115000,Preapproval not requested,300
LOAN-01180,Application denied,Credit application incomplete,,,,75000.0,360,,Conventional,Other purpose,Conventional:Subordinate Lien,Not applicable,No negative amortization,Not applicable,30%-<36%,,,Preapproval not requested,360
LOAN-01181,Loan originated,Not applicable,,,,215000.0,360,6.125,Conventional,Home purchase,Conventional:First Lien,Not a high-cost mortgage,No negative amortization,"Credit union, mortgage company, or finance company",46,10297.85,235000,Preapproval not requested,360
LOAN-01182,Application denied,Credit history,,,,15000.0,360,,Conventional,Home improvement,Conventional:Subordinate Lien,Not applicable,No negative amortization,Not applicable,,,,Preapproval not requested,360
LOAN-01183,Loan originated,Not applicable,,,,75000.0,360,5.750,FHA,Other purpose,FHA:First Lien,Not a high-cost mortgage,No negative amortization,"Credit union, mortgage company, or finance company",20%-<30%,7822.09,315000,Preapproval not requested,360
LOAN-01184,Loan originated,Not applicable,,,,205000.0,360,7.125,Conventional,Home purchase,Conventional:First Lien,Not a high-cost mortgage,No negative amortization,Fannie Mae,42,3775.65,215000,Preapproval not requested,360
LOAN-01185,Purchased loan,Not applicable,,,,135000.0,360,7,FHA,Home purchase,FHA:First Lien,Not a high-cost mortgage,No negative amortization,Ginnie Mae,,6674.95,135000,Preapproval not requested,360
LOAN-01186,Application denied,Credit application incomplete,,,,305000.0,360,,Conventional,Home purchase,Conventional:First Lien,Not applicable,No negative amortization,Not applicable,44,,555000,Preapproval not requested,360
LOAN-01187,Loan originated,Not applicable,,,,65000.0,180,7.750,Conventional,Other purpose,Conventional:Subordinate Lien,Not a high-cost mortgage,No negative amortization,Not applicable,36,0.00,985000,Preapproval not requested,180
LOAN-01188,Loan originated,Not applicable,,,,175000.0,240,9.5,Conventional,Cash-out refinancing,Conventional:Subordinate Lien,Not a high-cost mortgage,No negative amortization,Private securitizer,20%-<30%,2273.95,825000,Preapproval not requested,240
LOAN-01189,Loan originated,Not applicable,,,,15000.0,360,0.000,Conventional,Home purchase,Conventional:Subordinate Lien,Not a high-cost mortgage,No negative amortization,"Commercial bank, savings bank, or savings association",41,0.00,205000,Preapproval not requested,360
LOAN-01190,Loan originated,Not applicable,,,,35000.0,240,9.500,Conventional,Home improvement,Conventional:Subordinate Lien,Not a high-cost mortgage,No negative amortization,Not applicable,42,,315000,Preapproval not requested,240
LOAN-01191,Application denied,Other,,,,25000.0,120,,Conventional,Other purpose,Conventional:First Lien,Not applicable,No negative amortization,Not applicable,<20%,,255000,Preapproval not requested,120
LOAN-01192,Loan originated,Not applicable,,,,175000.0,360,7.125,VA,Home purchase,VA:First Lien,Not a high-cost mortgage,No negative amortization,"Credit union, mortgage company, or finance company",43,3106.94,175000,Preapproval not requested,360
LOAN-01193,Purchased loan,Not applicable,,,,315000.0,180,7,Conventional,Home purchase,Conventional:First Lien,Not a high-cost mortgage,No negative amortization,Freddie Mac,,6645.45,395000,Preapproval not requested,180
LOAN-01194,Purchased loan,Not applicable,,,,215000.0,360,6.75,FHA,Home purchase,FHA:First Lien,Not applicable,No negative amortization,Ginnie Mae,,9112.01,215000,Preapproval not requested,360
LOAN-01195,Application denied,Credit history,Unverifiable information,,,95000.0,300,,Conventional,Home purchase,Conventional:First Lien,Not applicable,No negative amortization,Not applicable,<20%,,105000,Preapproval not requested,300
LOAN-01196,Loan originated,Not applicable,,,,85000.0,180,8,Conventional,Home improvement,Conventional:Subordinate Lien,Not a high-cost mortgage,No negative amortization,Not applicable,30%-<36%,2070.25,385000,Preapproval not requested,180
LOAN-01197,Purchased loan,Not applicable,,,,405000.0,360,4.990,FHA,Home purchase,FHA:First Lien,Not a high-cost mortgage,No negative amortization,Ginnie Mae,,16863.78,435000,Preapproval not requested,360
LOAN-01198,Loan originated,Not applicable,,,,105000.0,360,9.125,Conventional,Cash-out refinancing,Conventional:Subordinate Lien,Not a high-cost mortgage,No negative amortization,Private securitizer,20%-<30%,1735.5,475000,Preapproval not requested,360
LOAN-01199,Loan originated,Not applicable,,,,125000.0,180,5.49,Conventional,Cash-out refinancing,Conventional:First Lien,Not a high-cost mortgage,No negative amortization,Freddie Mac,37,9053.01,235000,Preapproval not requested,180
LOAN-01200,Loan originated,1111,,,,165000.0,360,8.89000000,Conventional,Other purpose,Conventional:First Lien,Not applicable,No negative amortization,Private securitizer,,,225000,Preapproval not requested,360
LOAN-01201,Application denied,Credit history,,,,95000.0,240,,Conventional,Home purchase,Conventional:First Lien,Not applicable,No negative amortization,Not applicable,>60%,,95000,Preapproval not requested,240
LOAN-01202,Application denied,Debt-to-income ratio,,,,25000.0,240,,Conventional,Home improvement,Conventional:Subordinate Lien,Not applicable,No negative amortization,Not applicable,46,,445000,Preapproval not requested,240
LOAN-01203,Loan originated,Not applicable,,,,205000.0,360,2.000,Conventional,Home purchase,Conventional:First Lien,Not a high-cost mortgage,No negative amortization,Not applicable,20%-<30%,4419.70,325000,Preapproval not requested,360
LOAN-01204,Loan originated,Not applicable,,,,355000.0,360,6.375,Conventional,Home purchase,Conventional:First Lien,Not a high-cost mortgage,No negative amortization,Freddie Mac,47,11383.54,475000,Preapproval requested,360
LOAN-01205,Application denied,Credit history,"Insufficient cash (downpayment, closing costs)",,,45000.0,276,,Conventional,Home purchase,Conventional:First Lien,Not applicable,No negative amortization,Not applicable,45,,45000,Preapproval not requested,276
LOAN-01206,Purchased loan,Not applicable,,,,155000.0,360,6.875,Conventional,Home purchase,Conventional:First Lien,Not a high-cost mortgage,No negative amortization,Not applicable,,4002.19,205000,Preapproval not requested,360
LOAN-01207,Loan originated,Not applicable,,,,55000.0,360,9.090,Conventional,Home improvement,Conventional:Subordinate Lien,Not a high-cost mortgage,No negative amortization,Not applicable,36,99.00,375000,Preapproval not requested,360
LOAN-01208,Loan originated,Not applicable,,,,505000.0,360,6.875,Conventional,Home purchase,Conventional:First Lien,Not a high-cost mortgage,No negative amortization,"Credit union, mortgage company, or finance company",46,10149.91,535000,Preapproval not requested,360
LOAN-01209,Loan originated,Not applicable,,,,205000.0,12,10.450,Conventional,Home purchase,Conventional:First Lien,Not applicable,No negative amortization,Private securitizer,,,315000,Preapproval not requested,12
LOAN-01210,Purchased loan,Not applicable,,,,675000.0,360,6.125,FHA,Home purchase,FHA:First Lien,Not a high-cost mortgage,No negative amortization,Ginnie Mae,,26726.69,685000,Preapproval not requested,360
LOAN-01211,Application denied,Credit application incomplete,,,,95000.0,360,,FHA,Cash-out refinancing,FHA:First Lien,Not applicable,No negative amortization,Not applicable,30%-<36%,,115000,Preapproval not requested,360
LOAN-01212,Loan originated,Not applicable,,,,205000.0,,7.5,Conventional,Home improvement,Conventional:First Lien,Not a high-cost mortgage,No negative amortization,Not applicable,30%-<36%,,305000,Preapproval not requested,
LOAN-01213,Loan originated,Not applicable,,,,85000.0,360,10.000,Conventional,Other purpose,Conventional:Subordinate Lien,Not a high-cost mortgage,No negative amortization,Not applicable,<20%,,425000,Preapproval not requested,360
LOAN-01214,Application denied,Debt-to-income ratio,Credit history,,,85000.0,300,,Conventional,Home purchase,Conventional:First Lien,Not applicable,No negative amortization,Not applicable,>60%,,85000,Preapproval not requested,300
LOAN-01215,Application denied,Debt-to-income ratio,,,,25000.0,360,,Conventional,Other purpose,Conventional:Subordinate Lien,Not applicable,No negative amortization,Not applicable,42,,385000,Preapproval not requested,360
LOAN-01216,Loan originated,Not applicable,,,,145000.0,360,6.625,Conventional,Home purchase,Conventional:First Lien,Not a high-cost mortgage,No negative amortization,Not applicable,<20%,2641.10,145000,Preapproval not requested,360
LOAN-01217,Loan originated,Not applicable,,,,605000.0,360,5.997,Conventional,Refinancing,Conventional:First Lien,Not a high-cost mortgage,No negative amortization,Freddie Mac,20%-<30%,7033.15,635000,Preapproval not requested,360
LOAN-01218,Loan originated,Not applicable,,,,65000.0,120,6.750,Conventional,Refinancing,Conventional:Subordinate Lien,Not a high-cost mortgage,No negative amortization,Not applicable,44,935.16,365000,Preapproval not requested,120
LOAN-01219,Loan originated,Not applicable,,,,1965000.0,360,6.875,Conventional,Cash-out refinancing,Conventional:First Lien,Not applicable,No negative amortization,"Credit union, mortgage company, or finance company",42,,2805000,Preapproval not requested,360
LOAN-01220,Loan originated,Not applicable,,,,375000.0,360,5.750,VA,Refinancing,VA:First Lien,Not a high-cost mortgage,No negative amortization,Ginnie Mae,,3750.95,385000,Preapproval not requested,360
LOAN-01221,Loan originated,Not applicable,,,,705000.0,360,6.125,Conventional,Home purchase,Conventional:First Lien,Not a high-cost mortgage,No negative amortization,Not applicable,46,2763.64,745000,Preapproval not requested,360
LOAN-01222,Loan originated,Not applicable,,,,805000.0,360,4.625,Conventional,Home purchase,Conventional:First Lien,Not a high-cost mortgage,No negative amortization,Life insurance company,40,7327.67,1105000,Preapproval not requested,360
LOAN-01223,Loan originated,Not applicable,,,,345000.0,360,5.250,VA,Refinancing,VA:First Lien,Not a high-cost mortgage,No negative amortization,Ginnie Mae,,2586.95,595000,Preapproval not requested,360
LOAN-01224,Loan originated,Not applicable,,,,405000.0,360,5.750,VA,Refinancing,VA:First Lien,Not a high-cost mortgage,No negative amortization,"Credit union, mortgage company, or finance company",,5267.72,455000,Preapproval not requested,360
LOAN-01225,Loan originated,Not applicable,,,,325000.0,360,6.875,Conventional,Home purchase,Conventional:First Lien,Not a high-cost mortgage,No negative amortization,Fannie Mae,<20%,2388.18,345000,Preapproval not requested,360
LOAN-01226,Loan originated,Not applicable,,,,425000.0,360,5,VA,Refinancing,VA:First Lien,Not a high-cost mortgage,No negative amortization,Ginnie Mae,,7153.96,505000,Preapproval not requested,360
LOAN-01227,Purchased loan,Not applicable,,,,505000.0,300,6.990,FHA,Cash-out refinancing,FHA:First Lien,Not a high-cost mortgage,No negative amortization,Ginnie Mae,,35323.87,745000,Preapproval not requested,300
LOAN-01228,Loan originated,Not applicable,,,,365000.0,360,7.000,FHA,Home purchase,FHA:First Lien,Not a high-cost mortgage,No negative amortization,"Credit union, mortgage company, or finance company",41,19889.47,365000,Preapproval not requested,360
LOAN-01229,Application denied,Credit history,Other,,,125000.0,360,,Conventional,Home purchase,Conventional:First Lien,Not applicable,No negative amortization,Not applicable,45,,125000,Preapproval not requested,360
LOAN-01230,Loan originated,Not applicable,,,,765000.0,360,7.125,Conventional,Home purchase,Conventional:First Lien,Not a high-cost mortgage,No negative amortization,Fannie Mae,44,15988.91,845000,Preapproval not requested,360
LOAN-01231,Loan originated,Not applicable,,,,385000.0,360,6.750,VA,Home purchase,VA:First Lien,Not a high-cost mortgage,No negative amortization,Ginnie Mae,50%-60%,12209.39,385000,Preapproval not requested,360
LOAN-01232,Loan originated,Not applicable,,,,105000.0,360,5.950,Conventional,Home purchase,Conventional:First Lien,Not a high-cost mortgage,No negative amortization,Not applicable,20%-<30%,,295000,Preapproval not requested,360
LOAN-01233,Loan originated,Not applicable,,,,205000.0,360,8.500,Conventional,Refinancing,Conventional:First Lien,Not applicable,No negative amortization,Private securitizer,,,265000,Preapproval not requested,360
LOAN-01234,Loan originated,Not applicable,,,,425000.0,360,6.875,Conventional,Home purchase,Conventional:First Lien,Not a high-cost mortgage,No negative amortization,Fannie Mae,30%-<36%,6397,505000,Preapproval not requested,360
LOAN-01235,Loan originated,Not applicable,,,,35000.0,180,10.610,Conventional,Other purpose,Conventional:Subordinate Lien,Not a high-cost mortgage,No negative amortization,Not applicable,40,0.00,295000,Preapproval not requested,180
LOAN-01236,Loan originated,Not applicable,,,,345000.0,360,5.500,FHA,Home purchase,FHA:First Lien,Not a high-cost mortgage,No negative amortization,"Credit union, mortgage company, or finance company",30%-<36%,26064.68,405000,Preapproval not requested,360
LOAN-01237,Purchased loan,Not applicable,,,,305000.0,360,6.12500,VA,Home purchase,VA:First Lien,Not a high-cost mortgage,No negative amortization,Ginnie Mae,,3843.23,305000,Preapproval not requested,360
LOAN-01238,Application denied,Collateral,Other,,,3005000.0,360,,Conventional,Home purchase,Conventional:First Lien,Not applicable,No negative amortization,Not applicable,40,,4875000,Preapproval not requested,360
LOAN-01239,Application denied,Collateral,,,,435000.0,300,,Conventional,Home improvement,Conventional:Subordinate Lien,Not applicable,No negative amortization,Not applicable,<20%,,4145000,Preapproval not requested,300
LOAN-01240,Loan originated,Not applicable,,,,975000.0,360,6.5,Conventional,Home purchase,Conventional:First Lien,Not a high-cost mortgage,No negative amortization,"Commercial bank, savings bank, or savings association",30%-<36%,6409.23,1225000,Preapproval not requested,360
LOAN-01241,Application denied,Collateral,Other,,,95000.0,360,,FHA,Home purchase,FHA:First Lien,Not applicable,No negative amortization,Not applicable,49,,135000,Preapproval not requested,360
LOAN-01242,Application denied,Collateral,,,,775000.0,180,,Conventional,Home purchase,Conventional:First Lien,Not applicable,No negative amortization,Not applicable,<20%,,1125000,Preapproval not requested,180
LOAN-01243,Application denied,Credit history,,,,5000.0,300,,Conventional,Other purpose,Conventional:First Lien,Not applicable,No negative amortization,Not applicable,<20%,,265000,Preapproval not requested,300
LOAN-01244,Loan originated,Not applicable,,,,245000.0,360,6.625,Conventional,Refinancing,Conventional:First Lien,Not applicable,No negative amortization,Freddie Mac,40,,325000,Preapproval not requested,360
LOAN-01245,Loan originated,Not applicable,,,,145000.0,240,6.125,Conventional,Refinancing,Conventional:First Lien,Not a high-cost mortgage,No negative amortization,Freddie Mac,49,6244,195000,Preapproval not requested,240
LOAN-01246,Loan originated,Not applicable,,,,135000.0,360,6.625,Conventional,Home purchase,Conventional:First Lien,Not a high-cost mortgage,No negative amortization,"Credit union, mortgage company, or finance company",36,6479.25,375000,Preapproval not requested,360
LOAN-01247,Loan originated,Not applicable,,,,175000.0,360,7.490,Conventional,Home purchase,Conventional:First Lien,Not a high-cost mortgage,No negative amortization,"Credit union, mortgage company, or finance company",20%-<30%,4670.28,185000,Preapproval not requested,360
LOAN-01248,Purchased loan,Not applicable,,,,345000.0,360,4.99,Conventional,Home purchase,Conventional:First Lien,Not a high-cost mortgage,No negative amortization,Fannie Mae,,0.00,435000,Preapproval not requested,360
LOAN-01249,Application denied,Credit history,,,,45000.0,360,,Conventional,Home improvement,Conventional:First Lien,Not applicable,No negative amortization,Not applicable,47,,255000,Preapproval not requested,360
LOAN-01250,Application denied,Collateral,,,,425000.0,360,,FHA,Home purchase,FHA:First Lien,Not applicable,No negative amortization,Not applicable,50%-60%,,365000,Preapproval not requested,360
LOAN-01251,Loan originated,Not applicable,,,,45000.0,360,6.875,USDA RHS or FSA,Home purchase,FSA/RHS:First Lien,Not a high-cost mortgage,No negative amortization,Other type of purchaser,36,2440.04,35000,Preapproval not requested,360
LOAN-01252,Loan originated,Not applicable,,,,235000.0,480,10.34,Conventional,Home improvement,Conventional:Subordinate Lien,Not a high-cost mortgage,No negative amortization,Not applicable,<20%,,675000,Preapproval not requested,480
LOAN-01253,Loan originated,Not applicable,,,,395000.0,360,6.625,VA,Home purchase,VA:First Lien,Not a high-cost mortgage,No negative amortization,"Credit union, mortgage company, or finance company",<20%,8492.97,505000,Preapproval not requested,360
LOAN-01254,Loan originated,Not applicable,,,,975000.0,360,7.125,Conventional,Home purchase,Conventional:First Lien,Not a high-cost mortgage,No negative amortization,Freddie Mac,37,9812.5,1425000,Preapproval not requested,360
LOAN-01255,Loan originated,Not applicable,,,,55000.0,360,6.500,Conventional,Home purchase,Conventional:First Lien,Not a high-cost mortgage,No negative amortization,Freddie Mac,20%-<30%,2988.82,345000,Preapproval not requested,360
LOAN-01256,Loan originated,1111,,,,115000.0,Exempt,Exempt,Conventional,Refinancing,Conventional:First Lien,Not a high-cost mortgage,Exempt,Not applicable,Exempt,Exempt,Exempt,Preapproval not requested,Exempt
LOAN-01257,Loan originated,Not applicable,,,,565000.0,360,5.625,FHA,Home purchase,FHA:First Lien,Not a high-cost mortgage,No negative amortization,Ginnie Mae,50%-60%,27293.11,585000,Preapproval not requested,360
LOAN-01258,Loan originated,Not applicable,,,,285000.0,360,6.875,Conventional,Home purchase,Conventional:First Lien,Not a high-cost mortgage,No negative amortization,Fannie Mae,42,10422.30,305000,Preapproval not requested,360
LOAN-01259,Loan originated,Not applicable,,,,255000.0,360,6.500,USDA RHS or FSA,Home purchase,FSA/RHS:First Lien,Not a high-cost mortgage,No negative amortization,"Credit union, mortgage company, or finance company",20%-<30%,3608.27,255000,Preapproval not requested,360
LOAN-01260,Loan originated,Not applicable,,,,405000.0,360,7.625,Conventional,Home purchase,Conventional:First Lien,Not a high-cost mortgage,No negative amortization,Other type of purchaser,48,6176.55,425000,Preapproval not requested,360
LOAN-01261,Loan originated,Not applicable,,,,265000.0,360,6.999,Conventional,Home purchase,Conventional:First Lien,Not a high-cost mortgage,No negative amortization,Freddie Mac,44,5024.25,285000,Preapproval not requested,360
LOAN-01262,Loan originated,Not applicable,,,,105000.0,300,4.990,Conventional,Other purpose,Conventional:Subordinate Lien,Not a high-cost mortgage,No negative amortization,Not applicable,30%-<36%,,1115000,Preapproval not requested,300
LOAN-01263,Purchased loan,Not applicable,,,,445000.0,360,6.5,FHA,Home purchase,FHA:First Lien,Not a high-cost mortgage,No negative amortization,Ginnie Mae,,7663.72,735000,Preapproval not requested,360
LOAN-01264,Preapproval request denied,Unverifiable information,,,,515000.0,360,,Conventional,Home purchase,Conventional:First Lien,Not applicable,No negative amortization,Not applicable,48,,,Preapproval requested,360
LOAN-01265,Purchased loan,Not applicable,,,,395000.0,360,5.990,Conventional,Refinancing,Conventional:First Lien,Not a high-cost mortgage,No negative amortization,Freddie Mac,,16727.57,535000,Preapproval not requested,360
LOAN-01266,Loan originated,1111,,,,105000.0,Exempt,Exempt,Conventional,Home purchase,Conventional:First Lien,Not applicable,Exempt,Not applicable,Exempt,Exempt,Exempt,Preapproval not requested,Exempt
LOAN-01267,Loan originated,1111,,,,185000.0,Exempt,Exempt,Conventional,Cash-out refinancing,Conventional:First Lien,Not applicable,Exempt,Freddie Mac,Exempt,Exempt,Exempt,Preapproval not requested,Exempt
LOAN-01268,Application denied,Debt-to-income ratio,,,,175000.0,300,,Conventional,Home improvement,Conventional:Subordinate Lien,Not applicable,No negative amortization,Not applicable,>60%,,315000,Preapproval not requested,300
LOAN-01269,Loan originated,1111,,,,205000.0,Exempt,Exempt,Conventional,Refinancing,Conventional:Subordinate Lien,Not applicable,Exempt,"Credit union, mortgage company, or finance company",Exempt,Exempt,Exempt,Preapproval not requested,Exempt
LOAN-01270,Application denied,Credit application incomplete,,,,65000.0,360,,FHA,Cash-out refinancing,FHA:First Lien,Not applicable,No negative amortization,Not applicable,<20%,,85000,Preapproval not requested,360
LOAN-01271,Loan originated,Not applicable,,,,145000.0,360,6.8750,Conventional,Home purchase,Conventional:First Lien,Not a high-cost mortgage,No negative amortization,"Commercial bank, savings bank, or savings association",30%-<36%,2775.94,145000,Preapproval not requested,360
LOAN-01272,Preapproval request denied,Credit history,,,,1755000.0,360,,Conventional,Home purchase,Conventional:First Lien,Not applicable,No negative amortization,Not applicable,30%-<36%,,2505000,Preapproval requested,360
LOAN-01273,Loan originated,Not applicable,,,,135000.0,Exempt,Exempt,Conventional,Home purchase,Conventional:First Lien,Not a high-cost mortgage,Exempt,Not applicable,Exempt,Exempt,Exempt,Preapproval not requested,Exempt
LOAN-01274,Application denied,Credit history,,,,55000.0,,,Conventional,Home improvement,Conventional:Subordinate Lien,Not applicable,No negative amortization,Not applicable,>60%,,655000,Preapproval not requested,
LOAN-01275,Loan originated,Not applicable,,,,835000.0,360,7.000,Conventional,Home purchase,Conventional:First Lien,Not a high-cost mortgage,No negative amortization,Not applicable,50%-60%,5815.32,875000,Preapproval not requested,360
LOAN-01276,Purchased loan,Not applicable,,,,545000.0,360,7.25,Conventional,Home purchase,Conventional:First Lien,Not a high-cost mortgage,No negative amortization,Freddie Mac,,6003.00,575000,Preapproval not requested,360
LOAN-01277,Purchased loan,Not applicable,,,,495000.0,360,7.375,Conventional,Home purchase,Conventional:First Lien,Not applicable,No negative amortization,Life insurance company,,13088.1,625000,Preapproval not requested,360
LOAN-01278,Loan originated,Not applicable,,,,315000.0,360,5.875,FHA,Home purchase,FHA:First Lien,Not a high-cost mortgage,No negative amortization,Ginnie Mae,50%-60%,18647.77,335000,Preapproval not requested,360
LOAN-01279,Loan originated,Not applicable,,,,325000.0,360,5.500,FHA,Home purchase,FHA:First Lien,Not a high-cost mortgage,No negative amortization,"Credit union, mortgage company, or finance company",30%-<36%,11371.41,335000,Preapproval not requested,360
LOAN-01280,Loan originated,Not applicable,,,,305000.0,360,7.75,Conventional,Other purpose,Conventional:First Lien,Not a high-cost mortgage,No negative amortization,Not applicable,48,805,465000,Preapproval not requested,360
LOAN-01281,Application denied,Collateral,,,,135000.0,360,,Conventional,Home purchase,Conventional:First Lien,Not applicable,No negative amortization,Not applicable,39,,135000,Preapproval not requested,360
LOAN-01282,Purchased loan,Not applicable,,,,325000.0,360,6.75,FHA,Home purchase,FHA:First Lien,Not a high-cost mortgage,No negative amortization,Ginnie Mae,,12414.07,335000,Preapproval not requested,360
LOAN-01283,Application denied,Other,,,,415000.0,360,,VA,Refinancing,VA:First Lien,Not applicable,No negative amortization,Not applicable,,,435000,Preapproval not requested,360
LOAN-01284,Loan originated,Not applicable,,,,455000.0,360,6.500,Conventional,Home purchase,Conventional:First Lien,Not a high-cost mortgage,No negative amortization,Freddie Mac,38,5608.23,765000,Preapproval not requested,360
LOAN-01285,Application denied,Debt-to-income ratio,,,,375000.0,360,,FHA,Home purchase,FHA:First Lien,Not applicable,No negative amortization,Not applicable,>60%,,385000,Preapproval not requested,360
LOAN-01286,Purchased loan,Not applicable,,,,275000.0,360,5.990,FHA,Home purchase,FHA:First Lien,Not a high-cost mortgage,No negative amortization,Ginnie Mae,,12834.41,285000,Preapproval not requested,360
LOAN-01287,Loan originated,Not applicable,,,,5000.0,120,1.000,Conventional,Home purchase,Conventional:Subordinate Lien,Not a high-cost mortgage,No negative amortization,"Commercial bank, savings bank, or savings association",44,0.00,175000,Preapproval not requested,120
LOAN-01288,Loan originated,Not applicable,,,,305000.0,360,6.625,Conventional,Home purchase,Conventional:First Lien,Not a high-cost mortgage,No negative amortization,Affiliate institution,<20%,4750,515000,Preapproval not requested,360
LOAN-01289,Loan originated,Not applicable,,,,85000.0,240,7.250,Conventional,Home improvement,Conventional:Subordinate Lien,Not a high-cost mortgage,No negative amortization,Not applicable,38,,215000,Preapproval not requested,240
LOAN-01290,Purchased loan,Not applicable,,,,335000.0,360,4.25,FHA,Home purchase,FHA:First Lien,Not a high-cost mortgage,No negative amortization,Not applicable,,11879.61,345000,Preapproval not requested,360
LOAN-01291,Loan originated,Not applicable,,,,125000.0,360,10.875,Conventional,Cash-out refinancing,Conventional:First Lien,Not applicable,No negative amortization,Private securitizer,,,185000,Preapproval not requested,360
LOAN-01292,Loan originated,1111,,,,535000.0,Exempt,Exempt,Conventional,Home purchase,Conventional:First Lien,Not applicable,Exempt,Not applicable,Exempt,Exempt,Exempt,Preapproval not requested,Exempt
LOAN-01293,Application denied,Credit application incomplete,Unverifiable information,,,35000.0,480,,Conventional,Other purpose,Conventional:Subordinate Lien,Not applicable,No negative amortization,Not applicable,20%-<30%,,355000,Preapproval not requested,480
LOAN-01294,Loan originated,Not applicable,,,,375000.0,360,7.75,Conventional,Cash-out refinancing,Conventional:First Lien,Not applicable,No negative amortization,Fannie Mae,43,11945.96,495000,Preapproval not requested,360
LOAN-01295,Loan originated,Not applicable,,,,235000.0,360,7.25,Conventional,Home purchase,Conventional:First Lien,Not a high-cost mortgage,No negative amortization,Fannie Mae,43,6142.09,245000,Preapproval not requested,360
LOAN-01296,Loan originated,Not applicable,,,,135000.0,360,8.375,Conventional,Home purchase,Conventional:First Lien,Not a high-cost mortgage,No negative amortization,Not applicable,47,2936.23,145000,Preapproval not requested,360
LOAN-01297,Purchased loan,Not applicable,,,,335000.0,300,5.875,FHA,Cash-out refinancing,FHA:First Lien,Not a high-cost mortgage,No negative amortization,Ginnie Mae,,16917.74,455000,Preapproval not requested,300
LOAN-01298,Purchased loan,Not applicable,,,,415000.0,360,6.125,Conventional,Home purchase,Conventional:First Lien,Not a high-cost mortgage,No negative amortization,Freddie Mac,,5950.76,455000,Preapproval not requested,360
LOAN-01299,Application denied,Debt-to-income ratio,Credit history,,,305000.0,360,,Conventional,Cash-out refinancing,Conventional:First Lien,Not applicable,No negative amortization,Not applicable,50%-60%,,,Preapproval not requested,360
LOAN-01300,Application denied,Credit history,,,,315000.0,360,,VA,Cash-out refinancing,VA:First Lien,Not applicable,No negative amortization,Not applicable,>60%,,395000,Preapproval not requested,360
LOAN-01301,Application denied,Credit application incomplete,,,,285000.0,360,,Conventional,Cash-out refinancing,Conventional:First Lien,Not applicable,No negative amortization,Not applicable,,,365000,Preapproval not requested,360
LOAN-01302,Loan originated,Not applicable,,,,485000.0,360,7,Conventional,Home purchase,Conventional:First Lien,Not a high-cost mortgage,No negative amortization,Fannie Mae,48,3883.88,665000,Preapproval not requested,360
LOAN-01303,Loan originated,Not applicable,,,,315000.0,360,7.5,Conventional,Home purchase,Conventional:First Lien,Not a high-cost mortgage,No negative amortization,"Credit union, mortgage company, or finance company",49,9033.87,355000,Preapproval not requested,360
LOAN-01304,Purchased loan,Not applicable,,,,225000.0,360,5.5,FHA,Home purchase,FHA:First Lien,Not a high-cost mortgage,No negative amortization,Ginnie Mae,,6868.61,225000,Preapproval not requested,360
LOAN-01305,Loan originated,Not applicable,,,,285000.0,360,6.250,FHA,Home purchase,FHA:First Lien,Not a high-cost mortgage,No negative amortization,Life insurance company,<20%,12505.60,295000,Preapproval not requested,360
LOAN-01306,Loan originated,Not applicable,,,,145000.0,84,6.490,Conventional,Other purpose,Conventional:First Lien,Not a high-cost mortgage,No negative amortization,Not applicable,<20%,140.00,515000,Preapproval not requested,84
LOAN-01307,Loan originated,Not applicable,,,,615000.0,360,6,FHA,Home purchase,FHA:First Lien,Not a high-cost mortgage,No negative amortization,"Credit union, mortgage company, or finance company",50%-60%,12880.90,655000,Preapproval not requested,360
LOAN-01308,Loan originated,Not applicable,,,,285000.0,360,6.250,USDA RHS or FSA,Home purchase,FSA/RHS:First Lien,Not a high-cost mortgage,No negative amortization,Ginnie Mae,30%-<36%,9674.46,285000,Preapproval not requested,360
LOAN-01309,Application denied,Other,,,,285000.0,360,,Conventional,Cash-out refinancing,Conventional:First Lien,Not applicable,No negative amortization,Not applicable,42,,415000,Preapproval not requested,360
LOAN-01310,Application denied,Credit history,Debt-to-income ratio,,,155000.0,360,,Conventional,Home improvement,Conventional:First Lien,Not applicable,No negative amortization,Not applicable,50%-60%,,385000,Preapproval not requested,360
LOAN-01311,Application denied,Credit history,,,,55000.0,360,,Conventional,Other purpose,Conventional:Subordinate Lien,Not applicable,No negative amortization,Not applicable,38,,215000,Preapproval not requested,360
LOAN-01312,Loan originated,Not applicable,,,,265000.0,360,7.250,Conventional,Home purchase,Conventional:First Lien,Not a high-cost mortgage,No negative amortization,Freddie Mac,20%-<30%,6682.18,285000,Preapproval not requested,360
LOAN-01313,Application denied,"Insufficient cash (downpayment, closing costs)",Debt-to-income ratio,,,465000.0,360,,FHA,Home purchase,FHA:First Lien,Not applicable,No negative amortization,Not applicable,50%-60%,,465000,Preapproval not requested,360
LOAN-01314,Loan originated,Not applicable,,,,105000.0,360,6.375,Conventional,Home purchase,Conventional:First Lien,Not a high-cost mortgage,No negative amortization,Fannie Mae,45,5553.29,295000,Preapproval requested,360
LOAN-01315,Loan originated,Not applicable,,,,85000.0,240,8.5,Conventional,Cash-out refinancing,Conventional:Subordinate Lien,Not a high-cost mortgage,No negative amortization,Private securitizer,20%-<30%,1593.95,365000,Preapproval not requested,240
LOAN-01316,Purchased loan,Not applicable,,,,125000.0,360,6.99,Conventional,Home purchase,Conventional:First Lien,Not a high-cost mortgage,No negative amortization,Fannie Mae,,4039.29,175000,Preapproval not requested,360
LOAN-01317,Loan originated,Not applicable,,,,615000.0,360,6.625,Conventional,Home purchase,Conventional:First Lien,Not a high-cost mortgage,No negative amortization,"Credit union, mortgage company, or finance company",20%-<30%,5898.5,655000,Preapproval not requested,360
LOAN-01318,Loan originated,Not applicable,,,,165000.0,360,7.250,FHA,Cash-out refinancing,FHA:First Lien,Not a high-cost mortgage,No negative amortization,"Credit union, mortgage company, or finance company",39,12808.31,255000,Preapproval not requested,360
LOAN-01319,Loan originated,Not applicable,,,,925000.0,360,5.990,VA,Home purchase,VA:First Lien,Not a high-cost mortgage,No negative amortization,"Credit union, mortgage company, or finance company",45,31411.59,915000,Preapproval not requested,360
LOAN-01320,Loan originated,Not applicable,,,,705000.0,360,6.75,Conventional,Home purchase,Conventional:First Lien,Not a high-cost mortgage,No negative amortization,Fannie Mae,42,4253.97,885000,Preapproval not requested,360
LOAN-01321,Loan originated,Not applicable,,,,315000.0,360,6.000,Conventional,Home purchase,Conventional:First Lien,Not a high-cost mortgage,No negative amortization,Not applicable,46,350.00,395000,Preapproval not requested,360
LOAN-01322,Loan originated,Not applicable,,,,565000.0,360,7.625,Conventional,Home purchase,Conventional:First Lien,Not a high-cost mortgage,No negative amortization,Other type of purchaser,39,20119.50,805000,Preapproval not requested,360
LOAN-01323,Purchased loan,Not applicable,,,,195000.0,360,6.5,USDA RHS or FSA,Home purchase,FSA/RHS:First Lien,Not a high-cost mortgage,No negative amortization,Ginnie Mae,,5978.35,195000,Preapproval not requested,360
LOAN-01324,Loan originated,Not applicable,,,,65000.0,300,3.5,Conventional,Refinancing,Conventional:First Lien,Not a high-cost mortgage,No negative amortization,Not applicable,20%-<30%,,135000,Preapproval not requested,300
LOAN-01325,Application denied,Debt-to-income ratio,,,,355000.0,360,,Conventional,Cash-out refinancing,Conventional:First Lien,Not applicable,No negative amortization,Not applicable,>60%,,485000,Preapproval not requested,360
LOAN-01326,Application denied,Unverifiable information,,,,65000.0,276,,Conventional,Home purchase,Conventional:First Lien,Not applicable,No negative amortization,Not applicable,30%-<36%,,55000,Preapproval not requested,276
LOAN-01327,Purchased loan,Not applicable,,,,355000.0,360,6.62500,VA,Home purchase,VA:First Lien,Not a high-cost mortgage,No negative amortization,Ginnie Mae,,1814.00,355000,Preapproval not requested,360
LOAN-01328,Loan originated,Not applicable,,,,145000.0,360,7.25,USDA RHS or FSA,Home purchase,FSA/RHS:First Lien,Not a high-cost mortgage,No negative amortization,Ginnie Mae,36,4893.52,145000,Preapproval not requested,360
LOAN-01329,Loan originated,Not applicable,,,,285000.0,360,6.625,VA,Home purchase,VA:First Lien,Not a high-cost mortgage,No negative amortization,Ginnie Mae,50%-60%,11254.12,275000,Preapproval not requested,360
LOAN-01330,Purchased loan,Not applicable,,,,365000.0,360,6.625,Conventional,Home purchase,Conventional:First Lien,Not a high-cost mortgage,No negative amortization,Fannie Mae,,9114.3,465000,Preapproval not requested,360
LOAN-01331,Loan originated,Not applicable,,,,55000.0,360,9.240,Conventional,Refinancing,Conventional:Subordinate Lien,Not a high-cost mortgage,No negative amortization,Not applicable,20%-<30%,,505000,Preapproval not requested,360
LOAN-01332,Loan originated,Not applicable,,,,955000.0,360,6.75,VA,Home purchase,VA:First Lien,Not a high-cost mortgage,No negative amortization,Ginnie Mae,50%-60%,6114,955000,Preapproval not requested,360
LOAN-01333,Loan originated,Not applicable,,,,55000.0,240,7.375,Conventional,Other purpose,Conventional:Subordinate Lien,Not a high-cost mortgage,No negative amortization,Not applicable,30%-<36%,970.71,225000,Preapproval not requested,240
LOAN-01334,Application denied,Debt-to-income ratio,,,,1085000.0,360,,Conventional,Home purchase,Conventional:First Lien,Not applicable,No negative amortization,Not applicable,,,1355000,Preapproval not requested,360
LOAN-01335,Application denied,Debt-to-income ratio,,,,355000.0,360,,Conventional,Refinancing,Conventional:First Lien,Not applicable,No negative amortization,Not applicable,,,505000,Preapproval not requested,360
LOAN-01336,Loan originated,Not applicable,,,,255000.0,360,7.375,Conventional,Home purchase,Conventional:First Lien,Not a high-cost mortgage,No negative amortization,Not applicable,49,8879.2,265000,Preapproval not requested,360
LOAN-01337,Loan originated,Not applicable,,,,215000.0,324,6.75,Conventional,Refinancing,Conventional:First Lien,Not applicable,No negative amortization,Fannie Mae,45,7758.18,545000,Preapproval not requested,324
LOAN-01338,Loan originated,Not applicable,,,,115000.0,12,10.750,Conventional,Home purchase,Conventional:First Lien,Not applicable,No negative amortization,Private securitizer,,,185000,Preapproval not requested,12
LOAN-01339,Loan originated,Not applicable,,,,235000.0,360,5.5,VA,Home purchase,VA:First Lien,Not a high-cost mortgage,No negative amortization,Ginnie Mae,41,2997.20,235000,Preapproval not requested,360
LOAN-01340,Loan originated,Not applicable,,,,85000.0,180,7.25,Conventional,Other purpose,Conventional:Subordinate Lien,Not a high-cost mortgage,No negative amortization,Not applicable,43,298,275000,Preapproval not requested,180
LOAN-01341,Loan originated,Not applicable,,,,335000.0,360,6.375,VA,Home purchase,VA:First Lien,Not a high-cost mortgage,No negative amortization,Ginnie Mae,49,4726.36,335000,Preapproval not requested,360
LOAN-01342,Application denied,Collateral,,,,165000.0,360,,Conventional,Home improvement,Conventional:First Lien,Not applicable,No negative amortization,Not applicable,<20%,,255000,Preapproval not requested,360
LOAN-01343,Loan originated,Not applicable,,,,25000.0,360,12.4,Conventional,Other purpose,Conventional:Subordinate Lien,Not a high-cost mortgage,No negative amortization,Not applicable,42,,195000,Preapproval not requested,360
LOAN-01344,Loan originated,Not applicable,,,,535000.0,360,7.125,Conventional,Home purchase,Conventional:First Lien,Not applicable,No negative amortization,Fannie Mae,20%-<30%,743.00,715000,Preapproval not requested,360
LOAN-01345,Loan originated,Not applicable,,,,125000.0,300,6.990,Conventional,Home improvement,Conventional:Subordinate Lien,Not a high-cost mortgage,No negative amortization,Not applicable,>60%,,2115000,Preapproval not requested,300
LOAN-01346,Application denied,Collateral,Debt-to-income ratio,Credit history,,155000.0,180,,Conventional,Other purpose,Conventional:Subordinate Lien,Not applicable,No negative amortization,Not applicable,>60%,,825000,Preapproval not requested,180
LOAN-01347,Loan originated,Not applicable,,,,335000.0,360,6.500,Conventional,Home purchase,Conventional:First Lien,Not a high-cost mortgage,No negative amortization,Freddie Mac,39,1002.70,355000,Preapproval not requested,360
LOAN-01348,Loan originated,Not applicable,,,,255000.0,300,7.950,Conventional,Home improvement,Conventional:First Lien,Not applicable,No negative amortization,Not applicable,,,5645000,Preapproval not requested,300
LOAN-01349,Application denied,Debt-to-income ratio,,,,255000.0,120,,Conventional,Other purpose,Conventional:Subordinate Lien,Not applicable,No negative amortization,Not applicable,>60%,,1255000,Preapproval not requested,120
LOAN-01350,Loan originated,Not applicable,,,,35000.0,120,7.310,Conventional,Other purpose,Conventional:First Lien,Not a high-cost mortgage,No negative amortization,Not applicable,20%-<30%,0.00,225000,Preapproval not requested,120
LOAN-01351,Loan originated,Not applicable,,,,465000.0,240,6.500,Conventional,Cash-out refinancing,Conventional:First Lien,Not a high-cost mortgage,No negative amortization,Not applicable,20%-<30%,11001.35,655000,Preapproval not requested,240
LOAN-01352,Loan originated,Not applicable,,,,255000.0,360,6.125,VA,Home purchase,VA:First Lien,Not a high-cost mortgage,No negative amortization,Ginnie Mae,50%-60%,600.00,255000,Preapproval not requested,360
LOAN-01353,Loan originated,Not applicable,,,,1125000.0,360,6.125,FHA,Home purchase,FHA:First Lien,Not a high-cost mortgage,No negative amortization,Ginnie Mae,46,43705.84,1145000,Preapproval not requested,360
LOAN-01354,Loan originated,Not applicable,,,,55000.0,180,6.5,Conventional,Other purpose,Conventional:First Lien,Not applicable,No negative amortization,Fannie Mae,20%-<30%,4096.76,285000,Preapproval not requested,180
LOAN-01355,Application denied,"Insufficient cash (downpayment, closing costs)",,,,175000.0,360,,Conventional,Home purchase,Conventional:First Lien,Not applicable,No negative amortization,Not applicable,45,,195000,Preapproval not requested,360
LOAN-01356,Loan originated,Not applicable,,,,65000.0,240,9.25,Conventional,Cash-out refinancing,Conventional:Subordinate Lien,Not a high-cost mortgage,No negative amortization,Private securitizer,40,3096,775000,Preapproval not requested,240
LOAN-01357,Preapproval request denied,Credit history,,,,95000.0,360,,FHA,Home purchase,FHA:First Lien,Not applicable,No negative amortization,Not applicable,42,,105000,Preapproval requested,360
LOAN-01358,Purchased loan,Not applicable,,,,245000.0,360,7.000,VA,Home purchase,VA:First Lien,Not a high-cost mortgage,No negative amortization,Ginnie Mae,,3985.00,265000,Preapproval not requested,360
LOAN-01359,Application denied,Credit application incomplete,,,,35000.0,360,,Conventional,Other purpose,Conventional:Subordinate Lien,Not applicable,No negative amortization,Not applicable,49,,445000,Preapproval not requested,360
LOAN-01360,Purchased loan,Not applicable,,,,795000.0,360,6.625,VA,Home purchase,VA:First Lien,Not a high-cost mortgage,No negative amortization,Ginnie Mae,,29616.70,905000,Preapproval not requested,360
LOAN-01361,Loan originated,Not applicable,,,,285000.0,328,2.874,Conventional,Home purchase,Conventional:First Lien,Not a high-cost mortgage,No negative amortization,Not applicable,43,1775.25,,Preapproval not requested,328
LOAN-01362,Loan originated,Not applicable,,,,95000.0,360,6.375,FHA,Home purchase,FHA:First Lien,Not a high-cost mortgage,No negative amortization,Not applicable,43,5041.50,105000,Preapproval not requested,360
LOAN-01363,Loan originated,Not applicable,,,,115000.0,360,7.000,Conventional,Home purchase,Conventional:First Lien,Not applicable,No negative amortization,Freddie Mac,30%-<36%,,205000,Preapproval not requested,360
LOAN-01364,Loan originated,Not applicable,,,,345000.0,240,7.625,Conventional,Cash-out refinancing,Conventional:First Lien,Not a high-cost mortgage,No negative amortization,Freddie Mac,42,12699.79,555000,Preapproval not requested,240
LOAN-01365,Purchased loan,Not applicable,,,,395000.0,360,7.62500,Conventional,Home purchase,Conventional:First Lien,Not a high-cost mortgage,No negative amortization,Freddie Mac,,13988.66,425000,Preapproval not requested,360
LOAN-01366,Purchased loan,Not applicable,,,,135000.0,360,7.12500,Conventional,Home purchase,Conventional:First Lien,Not applicable,No negative amortization,Freddie Mac,,6366.66,165000,Preapproval not requested,360
LOAN-01367,Application denied,Credit history,,,,55000.0,480,,Conventional,Home improvement,Conventional:Subordinate Lien,Not applicable,No negative amortization,Not applicable,,,,Preapproval not requested,480
LOAN-01368,Loan originated,Not applicable,,,,195000.0,360,6.625,Conventional,Home purchase,Conventional:First Lien,Not a high-cost mortgage,No negative amortization,Freddie Mac,20%-<30%,4312.55,595000,Preapproval not requested,360
LOAN-01369,Loan originated,Not applicable,,,,165000.0,360,7.125,Conventional,Cash-out refinancing,Conventional:First Lien,Not a high-cost mortgage,No negative amortization,Not applicable,20%-<30%,4477.31,265000,Preapproval not requested,360
LOAN-01370,Loan originated,Not applicable,,,,615000.0,360,7.375,Conventional,Home purchase,Conventional:First Lien,Not a high-cost mortgage,No negative amortization,"Commercial bank, savings bank, or savings association",47,15329.75,655000,Preapproval not requested,360
LOAN-01371,Purchased loan,Not applicable,,,,425000.0,360,5.500,FHA,Cash-out refinancing,FHA:First Lien,Not a high-cost mortgage,No negative amortization,Ginnie Mae,,18598.40,585000,Preapproval not requested,360
LOAN-01372,Loan originated,1111,,,,85000.0,Exempt,Exempt,Conventional,Other purpose,Conventional:First Lien,Not a high-cost mortgage,Exempt,Not applicable,Exempt,Exempt,Exempt,Preapproval not requested,Exempt
LOAN-01373,Loan originated,Not applicable,,,,405000.0,360,5.25,VA,Refinancing,VA:First Lien,Not a high-cost mortgage,No negative amortization,Ginnie Mae,,0,455000,Preapproval not requested,360
LOAN-01374,Loan originated,Not applicable,,,,255000.0,180,8.250,Conventional,Cash-out refinancing,Conventional:Subordinate Lien,Not applicable,No negative amortization,Not applicable,40,,1115000,Preapproval not requested,180
LOAN-01375,Application denied,Credit application incomplete,,,,105000.0,360,,Conventional,Other purpose,Conventional:Subordinate Lien,Not applicable,No negative amortization,Not applicable,39,,565000,Preapproval not requested,360
LOAN-01376,Application denied,Credit history,,,,95000.0,120,,Conventional,Home improvement,Conventional:Subordinate Lien,Not applicable,No negative amortization,Not applicable,30%-<36%,,375000,Preapproval not requested,120
LOAN-01377,Loan originated,Not applicable,,,,415000.0,180,4.990,Conventional,Home purchase,Conventional:First Lien,Not a high-cost mortgage,No negative amortization,"Credit union, mortgage company, or finance company",47,16566.73,605000,Preapproval not requested,180
LOAN-01378,Application denied,Debt-to-income ratio,,,,155000.0,360,,Conventional,Home improvement,Conventional:Subordinate Lien,Not applicable,No negative amortization,Not applicable,>60%,,1255000,Preapproval not requested,360
LOAN-01379,Loan originated,Not applicable,,,,265000.0,360,6.575,Conventional,Home purchase,Conventional:First Lien,Not a high-cost mortgage,No negative amortization,Affiliate institution,43,9284,445000,Preapproval requested,360
LOAN-01380,Loan originated,Not applicable,,,,185000.0,360,6.750,FHA,Home purchase,FHA:First Lien,Not a high-cost mortgage,No negative amortization,Ginnie Mae,<20%,11027.35,185000,Preapproval not requested,360
LOAN-01381,Application denied,Collateral,,,,605000.0,360,,VA,Cash-out refinancing,VA:First Lien,Not applicable,No negative amortization,Not applicable,50%-60%,,565000,Preapproval not requested,360
LOAN-01382,Application denied,"Insufficient cash (downpayment, closing costs)",,,,75000.0,300,,Conventional,Home purchase,Conventional:First Lien,Not applicable,No negative amortization,Not applicable,50%-60%,,145000,Preapproval not requested,300
LOAN-01383,Loan originated,Not applicable,,,,75000.0,240,8.250,Conventional,Refinancing,Conventional:Subordinate Lien,Not a high-cost mortgage,No negative amortization,Not applicable,<20%,3216.20,355000,Preapproval not requested,240
LOAN-01384,Loan originated,Not applicable,,,,325000.0,360,6.125,Conventional,Home purchase,Conventional:First Lien,Not a high-cost mortgage,No negative amortization,Fannie Mae,30%-<36%,6770.41,335000,Preapproval not requested,360
LOAN-01385,Loan originated,Not applicable,,,,255000.0,360,7.375,FHA,Home purchase,FHA:First Lien,Not a high-cost mortgage,No negative amortization,Not applicable,41,10216.55,265000,Preapproval not requested,360
LOAN-01386,Loan originated,Not applicable,,,,255000.0,360,6.625,Conventional,Home purchase,Conventional:First Lien,Not a high-cost mortgage,No negative amortization,Fannie Mae,41,5011.75,325000,Preapproval not requested,360
LOAN-01387,Application denied,Unverifiable information,,,,225000.0,360,,FHA,Cash-out refinancing,FHA:First Lien,Not applicable,No negative amortization,Not applicable,48,,295000,Preapproval not requested,360
LOAN-01388,Loan originated,Not applicable,,,,155000.0,360,6.625,FHA,Cash-out refinancing,FHA:First Lien,Not a high-cost mortgage,No negative amortization,Ginnie Mae,20%-<30%,9509.99,255000,Preapproval not requested,360
LOAN-01389,Application denied,Credit history,,,,75000.0,360,,Conventional,Home improvement,Conventional:Subordinate Lien,Not applicable,No negative amortization,Not applicable,20%-<30%,,615000,Preapproval not requested,360
LOAN-01390,Loan originated,Not applicable,,,,155000.0,360,7.250,FHA,Cash-out refinancing,FHA:First Lien,Not a high-cost mortgage,No negative amortization,Ginnie Mae,41,10235.64,265000,Preapproval not requested,360
LOAN-01391,Loan originated,Not applicable,,,,195000.0,360,6.625,Conventional,Refinancing,Conventional:First Lien,Not a high-cost mortgage,No negative amortization,Freddie Mac,20%-<30%,1124.50,225000,Preapproval not requested,360
LOAN-01392,Application denied,Collateral,,,,195000.0,360,,Conventional,Cash-out refinancing,Conventional:First Lien,Not applicable,No negative amortization,Not applicable,30%-<36%,,245000,Preapproval not requested,360
LOAN-01393,Loan originated,Not applicable,,,,305000.0,360,7.750,Conventional,Home purchase,Conventional:First Lien,Not a high-cost mortgage,No negative amortization,Not applicable,45,2852.20,555000,Preapproval not requested,360
LOAN-01394,Loan originated,Not applicable,,,,155000.0,180,7.490,Conventional,Cash-out refinancing,Conventional:Subordinate Lien,Not a high-cost mortgage,No negative amortization,Not applicable,20%-<30%,441.80,545000,Preapproval not requested,180
LOAN-01395,Loan originated,Not applicable,,,,365000.0,360,5.740,VA,Refinancing,VA:First Lien,Not a high-cost mortgage,No negative amortization,Ginnie Mae,,3794.55,375000,Preapproval not requested,360
LOAN-01396,Loan originated,Not applicable,,,,115000.0,360,8.560,Conventional,Home improvement,Conventional:Subordinate Lien,Not a high-cost mortgage,No negative amortization,Not applicable,37,0.00,725000,Preapproval not requested,360
LOAN-01397,Application denied,Debt-to-income ratio,,,,525000.0,360,,FHA,Home purchase,FHA:First Lien,Not applicable,No negative amortization,Not applicable,50%-60%,,535000,Preapproval not requested,360
LOAN-01398,Purchased loan,Not applicable,,,,485000.0,360,6.375,VA,Home purchase,VA:First Lien,Not a high-cost mortgage,No negative amortization,Ginnie Mae,,3117.2,505000,Preapproval not requested,360
LOAN-01399,Loan originated,Not applicable,,,,375000.0,360,6.375,Conventional,Home purchase,Conventional:First Lien,Not a high-cost mortgage,No negative amortization,Not applicable,20%-<30%,3554.11,635000,Preapproval not requested,360
LOAN-01400,Loan originated,Not applicable,,,,485000.0,360,6.5,Conventional,Home purchase,Conventional:First Lien,Not a high-cost mortgage,No negative amortization,Freddie Mac,49,5511.00,615000,Preapproval not requested,360
LOAN-01401,Loan originated,Not applicable,,,,355000.0,360,6.625,Conventional,Cash-out refinancing,Conventional:First Lien,Not a high-cost mortgage,No negative amortization,"Commercial bank, savings bank, or savings association",44,17300.79,445000,Preapproval not requested,360
LOAN-01402,Application denied,Collateral,,,,85000.0,240,,Conventional,Cash-out refinancing,Conventional:Subordinate Lien,Not applicable,No negative amortization,Not applicable,39,,595000,Preapproval not requested,240
LOAN-01403,Purchased loan,Not applicable,,,,485000.0,360,7.250,FHA,Cash-out refinancing,FHA:First Lien,Not a high-cost mortgage,No negative amortization,Ginnie Mae,,24552.64,805000,Preapproval not requested,360
LOAN-01404,Loan originated,Not applicable,,,,195000.0,360,5.750,FHA,Home purchase,FHA:First Lien,Not a high-cost mortgage,No negative amortization,Ginnie Mae,46,13150.72,205000,Preapproval not requested,360
LOAN-01405,Application denied,Credit application incomplete,,,,255000.0,276,,Conventional,Home purchase,Conventional:First Lien,Not applicable,No negative amortization,Not applicable,,,,Preapproval not requested,276
LOAN-01406,Loan originated,1111,,,,485000.0,Exempt,Exempt,Conventional,Refinancing,Conventional:First Lien,Not applicable,Exempt,Not applicable,Exempt,Exempt,Exempt,Preapproval not requested,Exempt
LOAN-01407,Loan originated,Not applicable,,,,105000.0,360,8.500,Conventional,Home improvement,Conventional:Subordinate Lien,Not a high-cost mortgage,No negative amortization,Not applicable,49,,1005000,Preapproval not requested,360
LOAN-01408,Loan originated,Not applicable,,,,255000.0,360,4.75,Conventional,Home purchase,Conventional:First Lien,Not a high-cost mortgage,No negative amortization,Fannie Mae,44,6624.88,315000,Preapproval not requested,360
LOAN-01409,Application denied,Other,,,,155000.0,,,Conventional,Home purchase,Conventional:Subordinate Lien,Not applicable,No negative amortization,Not applicable,45,,475000,Preapproval not requested,
LOAN-01410,Application denied,Credit history,"Insufficient cash (downpayment, closing costs)",,,205000.0,360,,Conventional,Cash-out refinancing,Conventional:First Lien,Not applicable,No negative amortization,Not applicable,30%-<36%,,295000,Preapproval not requested,360
LOAN-01411,Purchased loan,Not applicable,,,,155000.0,360,7.750,Conventional,Home purchase,Conventional:First Lien,Not a high-cost mortgage,No negative amortization,Fannie Mae,,3093.75,165000,Preapproval not requested,360
LOAN-01412,Loan originated,Not applicable,,,,105000.0,240,7.990,Conventional,Home improvement,Conventional:Subordinate Lien,Not a high-cost mortgage,No negative amortization,Not applicable,20%-<30%,0.00,625000,Preapproval not requested,240
LOAN-01413,Loan originated,Not applicable,,,,155000.0,360,7.375,Conventional,Refinancing,Conventional:First Lien,Not a high-cost mortgage,No negative amortization,Life insurance company,41,8882.20,225000,Preapproval not requested,360
LOAN-01414,Purchased loan,Not applicable,,,,405000.0,360,6.99,Conventional,Home purchase,Conventional:First Lien,Not a high-cost mortgage,No negative amortization,Freddie Mac,,5389.69,1295000,Preapproval not requested,360
LOAN-01415,Loan originated,Not applicable,,,,175000.0,360,11.470,Conventional,Home improvement,Conventional:Subordinate Lien,Not a high-cost mortgage,No negative amortization,Not applicable,46,,875000,Preapproval not requested,360
LOAN-01416,Loan originated,Not applicable,,,,255000.0,180,8.990,Conventional,Refinancing,Conventional:First Lien,Not a high-cost mortgage,No negative amortization,Not applicable,>60%,,665000,Preapproval not requested,180
LOAN-01417,Application denied,Collateral,Other,,,605000.0,360,,Conventional,Home purchase,Conventional:First Lien,Not applicable,No negative amortization,Not applicable,30%-<36%,,875000,Preapproval not requested,360
LOAN-01418,Loan originated,Not applicable,,,,75000.0,300,8.500,Conventional,Refinancing,Conventional:Subordinate Lien,Not a high-cost mortgage,No negative amortization,Not applicable,36,,645000,Preapproval not requested,300
LOAN-01419,Application denied,Debt-to-income ratio,,,,255000.0,360,,Conventional,Cash-out refinancing,Conventional:Subordinate Lien,Not applicable,No negative amortization,Not applicable,46,,965000,Preapproval not requested,360
LOAN-01420,Loan originated,Not applicable,,,,145000.0,360,6.250,Conventional,Home purchase,Conventional:First Lien,Not a high-cost mortgage,No negative amortization,Not applicable,<20%,4678,295000,Preapproval not requested,360
LOAN-01421,Loan originated,Not applicable,,,,275000.0,360,6.500,Conventional,Home purchase,Conventional:First Lien,Not a high-cost mortgage,No negative amortization,Fannie Mae,41,9720.22,285000,Preapproval not requested,360
LOAN-01422,Loan originated,Not applicable,,,,735000.0,360,6.250,VA,Home purchase,VA:First Lien,Not a high-cost mortgage,No negative amortization,Not applicable,47,10151.90,735000,Preapproval not requested,360
LOAN-01423,Loan originated,Not applicable,,,,265000.0,360,6.5,Conventional,Home purchase,Conventional:First Lien,Not a high-cost mortgage,No negative amortization,"Commercial bank, savings bank, or savings association",40,6101,335000,Preapproval not requested,360
LOAN-01424,Loan originated,Not applicable,,,,155000.0,360,9.450,Conventional,Cash-out refinancing,Conventional:First Lien,Not a high-cost mortgage,No negative amortization,Not applicable,30%-<36%,,375000,Preapproval not requested,360
LOAN-01425,Loan originated,Not applicable,,,,295000.0,360,9.75,Conventional,Home improvement,Conventional:Subordinate Lien,Not a high-cost mortgage,No negative amortization,Not applicable,30%-<36%,,655000,Preapproval not requested,360
LOAN-01426,Loan originated,Not applicable,,,,405000.0,360,7.375,Conventional,Home purchase,Conventional:First Lien,Not a high-cost mortgage,No negative amortization,Freddie Mac,43,4472.36,505000,Preapproval not requested,360
LOAN-01427,Loan originated,Not applicable,,,,355000.0,360,5.750,VA,Home purchase,VA:First Lien,Not a high-cost mortgage,No negative amortization,Not applicable,36,18394.75,355000,Preapproval not requested,360
LOAN-01428,Loan originated,Not applicable,,,,15000.0,84,4.750,Conventional,Home purchase,Conventional:Subordinate Lien,Not a high-cost mortgage,No negative amortization,Not applicable,,,475000,Preapproval not requested,84
LOAN-01429,Loan originated,Not applicable,,,,95000.0,240,11.25,Conventional,Cash-out refinancing,Conventional:Subordinate Lien,Not a high-cost mortgage,No negative amortization,Private securitizer,30%-<36%,,195000,Preapproval not requested,240
LOAN-01430,Application denied,Credit history,,,,45000.0,480,,Conventional,Other purpose,Conventional:Subordinate Lien,Not applicable,No negative amortization,Not applicable,,,,Preapproval not requested,480
LOAN-01431,Loan originated,Not applicable,,,,25015000.0,120,5.890000,Conventional,Refinancing,Conventional:First Lien,Not applicable,No negative amortization,Fannie Mae,,,39505000,Preapproval not requested,120
LOAN-01432,Loan originated,Not applicable,,,,355000.0,360,7.125,Conventional,Home purchase,Conventional:First Lien,Not a high-cost mortgage,No negative amortization,"Credit union, mortgage company, or finance company",37,9371.44,445000,Preapproval not requested,360
LOAN-01433,Application denied,Credit history,,,,465000.0,360,,Conventional,Cash-out refinancing,Conventional:First Lien,Not applicable,No negative amortization,Not applicable,20%-<30%,,625000,Preapproval not requested,360
LOAN-01434,Loan originated,Not applicable,,,,135000.0,360,7.125,Conventional,Cash-out refinancing,Conventional:First Lien,Not a high-cost mortgage,No negative amortization,Not applicable,38,2160.51,195000,Preapproval not requested,360
LOAN-01435,Application denied,Other,,,,135000.0,240,,Conventional,Cash-out refinancing,Conventional:First Lien,Not applicable,No negative amortization,Not applicable,20%-<30%,,175000,Preapproval not requested,240
LOAN-01436,Loan originated,Not applicable,,,,245000.0,360,7.375,Conventional,Home purchase,Conventional:First Lien,Not a high-cost mortgage,No negative amortization,Fannie Mae,20%-<30%,8216.78,285000,Preapproval not requested,360
LOAN-01437,Application denied,Other,,,,105000.0,360,,Conventional,Home improvement,Conventional:Subordinate Lien,Not applicable,No negative amortization,Not applicable,<20%,,1405000,Preapproval not requested,360
LOAN-01438,Application denied,Debt-to-income ratio,,,,65000.0,300,,Conventional,Other purpose,Conventional:Subordinate Lien,Not applicable,No negative amortization,Not applicable,>60%,,475000,Preapproval not requested,300
LOAN-01439,Purchased loan,Not applicable,,,,455000.0,360,7.75,Conventional,Home purchase,Conventional:First Lien,Not applicable,No negative amortization,"Credit union, mortgage company, or finance company",,5421,575000,Preapproval not requested,360
LOAN-01440,Loan originated,Not applicable,,,,55000.0,360,7.49,Conventional,Home improvement,Conventional:Subordinate Lien,Not a high-cost mortgage,No negative amortization,Not applicable,38,,705000,Preapproval not requested,360
LOAN-01441,Application denied,Collateral,Other,,,105000.0,180,,Conventional,Other purpose,Conventional:Subordinate Lien,Not applicable,No negative amortization,Not applicable,39,,415000,Preapproval not requested,180
LOAN-01442,Loan originated,Not applicable,,,,315000.0,360,6.625,Conventional,Home purchase,Conventional:First Lien,Not a high-cost mortgage,No negative amortization,Life insurance company,20%-<30%,9094.70,395000,Preapproval requested,360
LOAN-01443,Purchased loan,Not applicable,,,,305000.0,360,10.625,Conventional,Home purchase,Conventional:First Lien,Not a high-cost mortgage,No negative amortization,Other type of purchaser,,16103.27,375000,Preapproval not requested,360
LOAN-01444,Loan originated,Not applicable,,,,35000.0,240,11.5,Conventional,Home improvement,Conventional:Subordinate Lien,Not a high-cost mortgage,No negative amortization,Not applicable,43,0.00,315000,Preapproval not requested,240
LOAN-01445,Loan originated,Not applicable,,,,525000.0,360,7.375,Conventional,Cash-out refinancing,Conventional:First Lien,Not applicable,No negative amortization,Affiliate institution,,,815000,Preapproval not requested,360
LOAN-01446,Loan originated,Not applicable,,,,265000.0,360,7.78,Conventional,Cash-out refinancing,Conventional:First Lien,Not a high-cost mortgage,No negative amortization,Not applicable,42,,335000,Preapproval not requested,360
LOAN-01447,Loan originated,Not applicable,,,,65000.0,180,11.66,Conventional,Other purpose,Conventional:Subordinate Lien,Not a high-cost mortgage,No negative amortization,Not applicable,50%-60%,0.00,385000,Preapproval not requested,180
LOAN-01448,Purchased loan,Not applicable,,,,295000.0,360,7.125,VA,Home purchase,VA:First Lien,Not a high-cost mortgage,No negative amortization,Ginnie Mae,,3968.00,295000,Preapproval not requested,360
LOAN-01449,Application denied,Credit history,Unverifiable information,Debt-to-income ratio,Other,455000.0,360,,Conventional,Other purpose,Conventional:Subordinate Lien,Not applicable,No negative amortization,Not applicable,>60%,,1605000,Preapproval not requested,360
LOAN-01450,Application denied,Other,Credit history,,,55000.0,180,,Conventional,Other purpose,Conventional:First Lien,Not applicable,No negative amortization,Not applicable,20%-<30%,,205000,Preapproval not requested,180
LOAN-01451,Application denied,Credit history,,,,135000.0,300,,Conventional,Home purchase,Conventional:First Lien,Not applicable,No negative amortization,Not applicable,<20%,,145000,Preapproval not requested,300
LOAN-01452,Loan originated,Not applicable,,,,165000.0,360,6.5,Conventional,Cash-out refinancing,Conventional:First Lien,Not a high-cost mortgage,No negative amortization,Fannie Mae,44,6847.3,275000,Preapproval not requested,360
LOAN-01453,Application denied,Collateral,,,,25000.0,360,,Conventional,Home improvement,Conventional:Subordinate Lien,Not applicable,No negative amortization,Not applicable,20%-<30%,,345000,Preapproval not requested,360
LOAN-01454,Loan originated,Not applicable,,,,425000.0,360,6.375,Conventional,Home purchase,Conventional:First Lien,Not a high-cost mortgage,No negative amortization,Not applicable,30%-<36%,3227.19,715000,Preapproval not requested,360
LOAN-01455,Application denied,Unverifiable information,Collateral,,,765000.0,360,,Conventional,Refinancing,Conventional:First Lien,Not applicable,No negative amortization,Not applicable,45,,1335000,Preapproval not requested,360
LOAN-01456,Loan originated,Not applicable,,,,335000.0,360,6.625,VA,Refinancing,VA:First Lien,Not a high-cost mortgage,No negative amortization,Ginnie Mae,,4793.24,,Preapproval not requested,360
LOAN-01457,Loan originated,Not applicable,,,,235000.0,360,8.250,Conventional,Home improvement,Conventional:Subordinate Lien,Not a high-cost mortgage,No negative amortization,Not applicable,<20%,,525000,Preapproval not requested,360
LOAN-01458,Application denied,Other,,,,185000.0,,,FHA,Other purpose,FHA:First Lien,Not applicable,No negative amortization,Not applicable,,,515000,Preapproval not requested,
LOAN-01459,Loan originated,Not applicable,,,,125000.0,360,6.250,Conventional,Cash-out refinancing,Conventional:First Lien,Not applicable,No negative amortization,"Credit union, mortgage company, or finance company",20%-<30%,,255000,Preapproval not requested,360
LOAN-01460,Loan originated,Not applicable,,,,1005000.0,360,6.875,Conventional,Home purchase,Conventional:First Lien,Not a high-cost mortgage,No negative amortization,Private securitizer,41,15972.05,1265000,Preapproval not requested,360
LOAN-01461,Application denied,Collateral,,,,135000.0,360,,FHA,Cash-out refinancing,FHA:First Lien,Not applicable,No negative amortization,Not applicable,47,,185000,Preapproval not requested,360
LOAN-01462,Application denied,Credit application incomplete,,,,255000.0,360,,Conventional,Cash-out refinancing,Conventional:First Lien,Not applicable,No negative amortization,Not applicable,41,,355000,Preapproval not requested,360
LOAN-01463,Loan originated,Not applicable,,,,255000.0,360,6.75,VA,Home purchase,VA:First Lien,Not a high-cost mortgage,No negative amortization,Ginnie Mae,41,695.00,255000,Preapproval not requested,360
LOAN-01464,Loan originated,Not applicable,,,,345000.0,360,5.750,FHA,Home purchase,FHA:First Lien,Not a high-cost mortgage,No negative amortization,"Credit union, mortgage company, or finance company",30%-<36%,10937.46,345000,Preapproval not requested,360
LOAN-01465,Loan originated,Not applicable,,,,135000.0,360,6.875,Conventional,Home purchase,Conventional:First Lien,Not a high-cost mortgage,No negative amortization,Freddie Mac,41,4894.01,145000,Preapproval not requested,360
LOAN-01466,Purchased loan,Not applicable,,,,495000.0,360,6.500,Conventional,Home purchase,Conventional:First Lien,Not a high-cost mortgage,No negative amortization,Freddie Mac,,11144.85,795000,Preapproval not requested,360
LOAN-01467,Loan originated,Not applicable,,,,135000.0,120,5.490,Conventional,Home improvement,Conventional:First Lien,Not a high-cost mortgage,No negative amortization,Not applicable,49,,255000,Preapproval not requested,120
LOAN-01468,Application denied,Debt-to-income ratio,,,,155000.0,360,,Conventional,Other purpose,Conventional:First Lien,Not applicable,No negative amortization,Not applicable,<20%,,275000,Preapproval not requested,360
LOAN-01469,Application denied,Credit application incomplete,,,,415000.0,360,,FHA,Home purchase,FHA:First Lien,Not applicable,No negative amortization,Not applicable,49,,425000,Preapproval not requested,360
LOAN-01470,Loan originated,Not applicable,,,,165000.0,360,6.625,Conventional,Refinancing,Conventional:First Lien,Not a high-cost mortgage,No negative amortization,Not applicable,30%-<36%,9010.88,225000,Preapproval not requested,360
LOAN-01471,Loan originated,Not applicable,,,,75000.0,60,6.240,Conventional,Home improvement,Conventional:Subordinate Lien,Not a high-cost mortgage,No negative amortization,Not applicable,45,,495000,Preapproval not requested,60
LOAN-01472,Purchased loan,Not applicable,,,,185000.0,360,5.99000,Conventional,Home purchase,Conventional:First Lien,Not a high-cost mortgage,No negative amortization,Freddie Mac,,3041.00,365000,Preapproval not requested,360
LOAN-01473,Loan originated,Not applicable,,,,365000.0,360,4.99,FHA,Home purchase,FHA:First Lien,Not a high-cost mortgage,No negative amortization,Affiliate institution,30%-<36%,11964.14,395000,Preapproval not requested,360
LOAN-01474,Loan originated,Not applicable,,,,1545000.0,360,6.625,Conventional,Home purchase,Conventional:First Lien,Not a high-cost mortgage,No negative amortization,Not applicable,41,5710.8,1925000,Preapproval not requested,360
LOAN-01475,Loan originated,1111,,,,35000.0,Exempt,Exempt,Conventional,Other purpose,Conventional:Subordinate Lien,Not applicable,Exempt,Not applicable,Exempt,Exempt,Exempt,Preapproval not requested,Exempt
LOAN-01476,Application denied,Other,,,,75000.0,240,,FHA,Cash-out refinancing,FHA:First Lien,Not applicable,No negative amortization,Not applicable,30%-<36%,,185000,Preapproval not requested,240
LOAN-01477,Application denied,Debt-to-income ratio,,,,405000.0,360,,Conventional,Home improvement,Conventional:Subordinate Lien,Not applicable,No negative amortization,Not applicable,>60%,,3055000,Preapproval not requested,360
LOAN-01478,Purchased loan,Not applicable,,,,245000.0,360,5.5,VA,Home purchase,VA:First Lien,Not a high-cost mortgage,No negative amortization,Ginnie Mae,,3561.05,245000,Preapproval not requested,360
LOAN-01479,Loan originated,Not applicable,,,,75000.0,240,8.000,Conventional,Other purpose,Conventional:Subordinate Lien,Not a high-cost mortgage,No negative amortization,Not applicable,49,3124.95,485000,Preapproval not requested,240
LOAN-01480,Loan originated,Not applicable,,,,45000.0,120,6.990,Conventional,Other purpose,Conventional:Subordinate Lien,Not a high-cost mortgage,No negative amortization,Not applicable,39,,305000,Preapproval not requested,120
LOAN-01481,Loan originated,Not applicable,,,,805000.0,360,6.25,Conventional,Home purchase,Conventional:First Lien,Not a high-cost mortgage,No negative amortization,Not applicable,30%-<36%,7878.18,1995000,Preapproval not requested,360
LOAN-01482,Purchased loan,Not applicable,,,,255000.0,360,6.5,Conventional,Home purchase,Conventional:First Lien,Not a high-cost mortgage,No negative amortization,Freddie Mac,,3414.48,325000,Preapproval not requested,360
LOAN-01483,Loan originated,Not applicable,,,,55000.0,360,9.125,Conventional,Cash-out refinancing,Conventional:Subordinate Lien,Not a high-cost mortgage,No negative amortization,Not applicable,30%-<36%,,225000,Preapproval not requested,360
LOAN-01484,Application denied,Employment history,,,,155000.0,360,,FHA,Home purchase,FHA:First Lien,Not applicable,No negative amortization,Not applicable,37,,155000,Preapproval not requested,360
LOAN-01485,Loan originated,Not applicable,,,,355000.0,360,5.624,Conventional,Home purchase,Conventional:First Lien,Not a high-cost mortgage,No negative amortization,Fannie Mae,44,14410.45,385000,Preapproval not requested,360
LOAN-01486,Purchased loan,Not applicable,,,,505000.0,360,6.624,Conventional,Home purchase,Conventional:First Lien,Not a high-cost mortgage,No negative amortization,Freddie Mac,,7308.5,725000,Preapproval not requested,360
LOAN-01487,Loan originated,Not applicable,,,,155000.0,60,7.240,Conventional,Refinancing,Conventional:Subordinate Lien,Not a high-cost mortgage,No negative amortization,Not applicable,37,,955000,Preapproval not requested,60
LOAN-01488,Application denied,Credit history,,,,55000.0,240,,Conventional,Other purpose,Conventional:Subordinate Lien,Not applicable,No negative amortization,Not applicable,46,,595000,Preapproval not requested,240
LOAN-01489,Application denied,Debt-to-income ratio,,,,125000.0,240,,Conventional,Refinancing,Conventional:First Lien,Not applicable,No negative amortization,Not applicable,>60%,,195000,Preapproval not requested,240
LOAN-01490,Loan originated,Not applicable,,,,5000.0,60,8,Conventional,Other purpose,Conventional:Subordinate Lien,Not a high-cost mortgage,No negative amortization,Not applicable,20%-<30%,0.00,145000,Preapproval not requested,60
LOAN-01491,Loan originated,Not applicable,,,,655000.0,360,7.500,Conventional,Home purchase,Conventional:First Lien,Not a high-cost mortgage,No negative amortization,Not applicable,48,15866.20,935000,Preapproval not requested,360
LOAN-01492,Loan originated,Not applicable,,,,105000.0,360,5.99,Conventional,Refinancing,Conventional:First Lien,Not a high-cost mortgage,No negative amortization,Fannie Mae,49,3094.45,185000,Preapproval not requested,360
LOAN-01493,Application denied,Credit history,,,,55000.0,360,,Conventional,Home improvement,Conventional:First Lien,Not applicable,No negative amortization,Not applicable,43,,185000,Preapproval not requested,360
LOAN-01494,Loan originated,Not applicable,,,,2075000.0,360,5.5,Conventional,Refinancing,Conventional:First Lien,Not a high-cost mortgage,No negative amortization,Not applicable,46,2030.35,2605000,Preapproval not requested,360
LOAN-01495,Loan originated,Not applicable,,,,125000.0,360,8.250,Conventional,Refinancing,Conventional:First Lien,Not a high-cost mortgage,No negative amortization,Not applicable,30%-<36%,,275000,Preapproval not requested,360
LOAN-01496,Purchased loan,Not applicable,,,,265000.0,360,6.125,FHA,Home purchase,FHA:First Lien,Not a high-cost mortgage,No negative amortization,Ginnie Mae,,16828.4,265000,Preapproval not requested,360
LOAN-01497,Application denied,Collateral,,,,55000.0,180,,Conventional,Other purpose,Conventional:Subordinate Lien,Not applicable,No negative amortization,Not applicable,30%-<36%,,605000,Preapproval not requested,180
LOAN-01498,Application denied,Collateral,,,,175000.0,180,,Conventional,Cash-out refinancing,Conventional:First Lien,Not applicable,No negative amortization,Not applicable,39,,395000,Preapproval not requested,180
LOAN-01499,Purchased loan,Not applicable,,,,245000.0,360,6.75,VA,Home purchase,VA:First Lien,Not a high-cost mortgage,No negative amortization,Ginnie Mae,,5719.36,245000,Preapproval not requested,360
LOAN-01500,Preapproval request denied,Credit history,,,,305000.0,360,,Conventional,Home purchase,Conventional:First Lien,Not applicable,No negative amortization,Not applicable,,,305000,Preapproval requested,360
LOAN-01501,Purchased loan,Not applicable,,,,105000.0,360,10.100,Conventional,Other purpose,Conventional:Subordinate Lien,Not a high-cost mortgage,No negative amortization,Not applicable,,,355000,Preapproval not requested,360
LOAN-01502,Application denied,Credit application incomplete,,,,505000.0,360,,Conventional,Home purchase,Conventional:First Lien,Not applicable,No negative amortization,Not applicable,20%-<30%,,755000,Preapproval not requested,360
LOAN-01503,Application denied,Credit history,,,,55000.0,360,,Conventional,Home improvement,Conventional:First Lien,Not applicable,No negative amortization,Not applicable,>60%,,205000,Preapproval not requested,360
LOAN-01504,Loan originated,Not applicable,,,,755000.0,360,6.125,Conventional,Home purchase,Conventional:First Lien,Not a high-cost mortgage,No negative amortization,Freddie Mac,43,20387.78,1335000,Preapproval requested,360
LOAN-01505,Loan originated,Not applicable,,,,55000.0,180,13.740,Conventional,Other purpose,Conventional:Subordinate Lien,Not a high-cost mortgage,No negative amortization,Not applicable,20%-<30%,,175000,Preapproval not requested,180
LOAN-01506,Loan originated,Not applicable,,,,165000.0,360,6.375,Conventional,Home purchase,Conventional:First Lien,Not a high-cost mortgage,No negative amortization,Fannie Mae,20%-<30%,5756.24,175000,Preapproval not requested,360
LOAN-01507,Loan originated,Not applicable,,,,215000.0,360,10.000,Conventional,Refinancing,Conventional:Subordinate Lien,Not a high-cost mortgage,No negative amortization,Not applicable,45,,1515000,Preapproval not requested,360
LOAN-01508,Loan originated,Not applicable,,,,585000.0,360,5.875,Conventional,Home purchase,Conventional:First Lien,Not a high-cost mortgage,No negative amortization,"Credit union, mortgage company, or finance company",30%-<36%,16420.38,735000,Preapproval not requested,360
LOAN-01509,Loan originated,Not applicable,,,,515000.0,360,5.99,Conventional,Home purchase,Conventional:First Lien,Not a high-cost mortgage,No negative amortization,Freddie Mac,30%-<36%,15099.36,575000,Preapproval not requested,360
LOAN-01510,Loan originated,Not applicable,,,,255000.0,360,5.74,VA,Refinancing,VA:First Lien,Not a high-cost mortgage,No negative amortization,Ginnie Mae,,3397.62,355000,Preapproval not requested,360
LOAN-01511,Loan originated,Not applicable,,,,215000.0,60,7.990,Conventional,Refinancing,Conventional:Subordinate Lien,Not a high-cost mortgage,No negative amortization,Not applicable,20%-<30%,,615000,Preapproval not requested,60
LOAN-01512,Application denied,Credit application incomplete,,,,285000.0,360,,VA,Refinancing,VA:First Lien,Not applicable,No negative amortization,Not applicable,,,285000,Preapproval not requested,360
LOAN-01513,Application denied,Credit application incomplete,,,,305000.0,360,,Conventional,Refinancing,Conventional:First Lien,Not applicable,No negative amortization,Not applicable,,,755000,Preapproval not requested,360
LOAN-01514,Purchased loan,Not applicable,,,,485000.0,360,6.99000,Conventional,Home purchase,Conventional:First Lien,Not a high-cost mortgage,No negative amortization,Fannie Mae,,7058.64,515000,Preapproval not requested,360
LOAN-01515,Purchased loan,Not applicable,,,,325000.0,360,7.25,FHA,Home purchase,FHA:First Lien,Not a high-cost mortgage,No negative amortization,Ginnie Mae,,14156.32,335000,Preapproval not requested,360
LOAN-01516,Application denied,Credit history,,,,305000.0,36,,Conventional,Other purpose,Conventional:Subordinate Lien,Not applicable,No negative amortization,Not applicable,<20%,,565000,Preapproval not requested,36
LOAN-01517,Loan originated,Not applicable,,,,85000.0,360,8.860,Conventional,Refinancing,Conventional:Subordinate Lien,Not a high-cost mortgage,No negative amortization,Not applicable,30%-<36%,0.00,435000,Preapproval not requested,360
LOAN-01518,Purchased loan,Not applicable,,,,245000.0,360,5.990,VA,Refinancing,VA:First Lien,Not a high-cost mortgage,No negative amortization,Ginnie Mae,,2140.58,,Preapproval not requested,360
LOAN-01519,Loan originated,Not applicable,,,,205000.0,360,10.75,Conventional,Cash-out refinancing,Conventional:Subordinate Lien,Not a high-cost mortgage,No negative amortization,Private securitizer,30%-<36%,,2325000,Preapproval not requested,360
LOAN-01520,Application denied,Credit history,,,,45000.0,360,,Conventional,Other purpose,Conventional:Subordinate Lien,Not applicable,No negative amortization,Not applicable,30%-<36%,,325000,Preapproval not requested,360
LOAN-01521,Loan originated,Not applicable,,,,325000.0,360,12.500,Conventional,Other purpose,Conventional:Subordinate Lien,Not a high-cost mortgage,No negative amortization,Not applicable,38,,575000,Preapproval not requested,360
LOAN-01522,Application denied,Credit application incomplete,,,,45000.0,360,,Conventional,Other purpose,Conventional:First Lien,Not applicable,No negative amortization,Not applicable,42,,2805000,Preapproval not requested,360
LOAN-01523,Purchased loan,Not applicable,,,,295000.0,360,6.5,FHA,Home purchase,FHA:First Lien,Not applicable,No negative amortization,Ginnie Mae,,11384.9,305000,Preapproval not requested,360
LOAN-01524,Application denied,Debt-to-income ratio,Collateral,Other,,455000.0,360,,Conventional,Home improvement,Conventional:First Lien,Not applicable,No negative amortization,Not applicable,44,,1205000,Preapproval not requested,360
LOAN-01525,Loan originated,Not applicable,,,,475000.0,360,5.5,Conventional,Home purchase,Conventional:First Lien,Not a high-cost mortgage,No negative amortization,Freddie Mac,44,2284.00,495000,Preapproval not requested,360
LOAN-01526,Loan originated,Not applicable,,,,95000.0,360,9.125,Conventional,Other purpose,Conventional:Subordinate Lien,Not a high-cost mortgage,No negative amortization,"Credit union, mortgage company, or finance company",47,3055.25,435000,Preapproval not requested,360
LOAN-01527,Application denied,Debt-to-income ratio,,,,35000.0,240,,Conventional,Home improvement,Conventional:Subordinate Lien,Not applicable,No negative amortization,Not applicable,50%-60%,,1005000,Preapproval not requested,240
LOAN-01528,Loan originated,Not applicable,,,,405000.0,360,7.490,Conventional,Home purchase,Conventional:First Lien,Not applicable,No negative amortization,Not applicable,,,545000,Preapproval not requested,360
LOAN-01529,Application denied,Credit history,,,,95000.0,360,,FHA,Home purchase,FHA:First Lien,Not applicable,No negative amortization,Not applicable,<20%,,95000,Preapproval not requested,360
LOAN-01530,Loan originated,Not applicable,,,,745000.0,360,7.000,Conventional,Home purchase,Conventional:First Lien,Not a high-cost mortgage,No negative amortization,Not applicable,42,5461.00,935000,Preapproval not requested,360
LOAN-01531,Loan originated,Not applicable,,,,305000.0,360,6.125,Conventional,Home purchase,Conventional:First Lien,Not a high-cost mortgage,No negative amortization,Fannie Mae,20%-<30%,0.00,335000,Preapproval not requested,360
LOAN-01532,Loan originated,Not applicable,,,,185000.0,360,7.59,Conventional,Refinancing,Conventional:Subordinate Lien,Not a high-cost mortgage,No negative amortization,Not applicable,30%-<36%,,575000,Preapproval not requested,360
LOAN-01533,Loan originated,Not applicable,,,,255000.0,360,7.500,Conventional,Cash-out refinancing,Conventional:First Lien,Not a high-cost mortgage,No negative amortization,Fannie Mae,39,9332.92,,Preapproval not requested,360
LOAN-01534,Loan originated,Not applicable,,,,255000.0,360,5.25,VA,Home purchase,VA:First Lien,Not a high-cost mortgage,No negative amortization,Affiliate institution,50%-60%,0,255000,Preapproval not requested,360
LOAN-01535,Loan originated,Not applicable,,,,185000.0,363,6.875,FHA,Home purchase,FHA:First Lien,Not a high-cost mortgage,No negative amortization,Ginnie Mae,50%-60%,4439.60,195000,Preapproval not requested,363
LOAN-01536,Application denied,Credit history,,,,165000.0,,,Conventional,Refinancing,Conventional:Subordinate Lien,Not applicable,No negative amortization,Not applicable,36,,625000,Preapproval not requested,
LOAN-01537,Loan originated,Not applicable,,,,575000.0,360,7.025,Conventional,Home purchase,Conventional:First Lien,Not applicable,No negative amortization,Affiliate institution,30%-<36%,,765000,Preapproval not requested,360
LOAN-01538,Loan originated,Not applicable,,,,155000.0,360,8.4,Conventional,Home improvement,Conventional:Subordinate Lien,Not a high-cost mortgage,No negative amortization,Not applicable,30%-<36%,,455000,Preapproval not requested,360
LOAN-01539,Loan originated,Not applicable,,,,325000.0,360,6.5,Conventional,Cash-out refinancing,Conventional:First Lien,Not a high-cost mortgage,No negative amortization,Freddie Mac,42,11470.4,415000,Preapproval not requested,360
LOAN-01540,Loan originated,Not applicable,,,,365000.0,360,7.250,FHA,Home purchase,FHA:First Lien,Not a high-cost mortgage,No negative amortization,Ginnie Mae,50%-60%,10180.12,375000,Preapproval not requested,360
LOAN-01541,Application denied,Debt-to-income ratio,,,,375000.0,360,,Conventional,Home purchase,Conventional:First Lien,Not applicable,No negative amortization,Not applicable,>60%,,725000,Preapproval not requested,360
LOAN-01542,Application denied,Collateral,,,,235000.0,360,,Conventional,Home purchase,Conventional:First Lien,Not applicable,No negative amortization,Not applicable,20%-<30%,,255000,Preapproval not requested,360
LOAN-01543,Application denied,Credit history,,,,85000.0,372,,Conventional,Home purchase,Conventional:First Lien,Not applicable,No negative amortization,Not applicable,38,,85000,Preapproval not requested,372
LOAN-01544,Loan originated,Not applicable,,,,65000.0,300,9.500,Conventional,Other purpose,Conventional:Subordinate Lien,Not applicable,No negative amortization,Not applicable,39,,485000,Preapproval not requested,300
LOAN-01545,Application denied,Debt-to-income ratio,Credit application incomplete,,,195000.0,480,,Conventional,Home improvement,Conventional:Subordinate Lien,Not applicable,No negative amortization,Not applicable,>60%,,775000,Preapproval not requested,480
LOAN-01546,Application denied,Debt-to-income ratio,,,,225000.0,300,,Conventional,Home purchase,Conventional:First Lien,Not applicable,No negative amortization,Not applicable,>60%,,215000,Preapproval not requested,300
LOAN-01547,Loan originated,Not applicable,,,,535000.0,360,6.990,Conventional,Home purchase,Conventional:First Lien,Not a high-cost mortgage,No negative amortization,Affiliate institution,20%-<30%,5281.00,795000,Preapproval not requested,360
LOAN-01548,Loan originated,Not applicable,,,,225000.0,360,4.5,Conventional,Home purchase,Conventional:First Lien,Not a high-cost mortgage,No negative amortization,Fannie Mae,42,4706.3,515000,Preapproval requested,360
LOAN-01549,Loan originated,Not applicable,,,,35000.0,120,7.500,Conventional,Home improvement,Conventional:Subordinate Lien,Not a high-cost mortgage,No negative amortization,Not applicable,20%-<30%,0.00,855000,Preapproval not requested,120
LOAN-01550,Application denied,1111,,,,105000.0,Exempt,Exempt,Conventional,Refinancing,Conventional:First Lien,Not applicable,Exempt,Not applicable,Exempt,Exempt,Exempt,Preapproval not requested,Exempt
LOAN-01551,Application denied,Credit history,,,,25000.0,180,,Conventional,Other purpose,Conventional:Subordinate Lien,Not applicable,No negative amortization,Not applicable,>60%,,275000,Preapproval not requested,180
LOAN-01552,Purchased loan,Not applicable,,,,285000.0,360,5.875,Conventional,Home purchase,Conventional:First Lien,Not a high-cost mortgage,No negative amortization,Fannie Mae,,3901,305000,Preapproval not requested,360
LOAN-01553,Application denied,Credit history,,,,105000.0,300,,Conventional,Home improvement,Conventional:First Lien,Not applicable,No negative amortization,Not applicable,20%-<30%,,205000,Preapproval not requested,300
LOAN-01554,Loan originated,Not applicable,,,,355000.0,360,6.75,Conventional,Home purchase,Conventional:First Lien,Not applicable,No negative amortization,Other type of purchaser,38,5310.32,395000,Preapproval not requested,360
LOAN-01555,Loan originated,Not applicable,,,,435000.0,360,6.5,Conventional,Home purchase,Conventional:First Lien,Not a high-cost mortgage,No negative amortization,Fannie Mae,45,4502.51,545000,Preapproval not requested,360
LOAN-01556,Application denied,Credit history,,,,45000.0,240,,Conventional,Home purchase,Conventional:First Lien,Not applicable,No negative amortization,Not applicable,<20%,,45000,Preapproval not requested,240
LOAN-01557,Application denied,Other,,,,425000.0,360,,VA,Refinancing,VA:First Lien,Not applicable,No negative amortization,Not applicable,,,425000,Preapproval not requested,360
LOAN-01558,Loan originated,Not applicable,,,,405000.0,360,6.375,Conventional,Home purchase,Conventional:First Lien,Not a high-cost mortgage,No negative amortization,Fannie Mae,37,6960.15,455000,Preapproval not requested,360
LOAN-01559,Application denied,Mortgage insurance denied,,,,235000.0,360,,VA,Home purchase,VA:First Lien,Not applicable,No negative amortization,Not applicable,48,,235000,Preapproval not requested,360
LOAN-01560,Loan originated,Not applicable,,,,295000.0,360,6.749,VA,Home purchase,VA:First Lien,Not a high-cost mortgage,No negative amortization,Not applicable,48,6877,285000,Preapproval not requested,360
LOAN-01561,Loan originated,Not applicable,,,,45000.0,300,11.490,Conventional,Home improvement,Conventional:Subordinate Lien,Not a high-cost mortgage,No negative amortization,Not applicable,42,,145000,Preapproval not requested,300
LOAN-01562,Application denied,Credit application incomplete,,,,365000.0,360,,VA,Cash-out refinancing,VA:First Lien,Not applicable,No negative amortization,Not applicable,50%-60%,,,Preapproval not requested,360
LOAN-01563,Loan originated,Not applicable,,,,45000.0,180,8.000,Conventional,Home improvement,Conventional:Subordinate Lien,Not a high-cost mortgage,No negative amortization,Not applicable,40,,315000,Preapproval not requested,180
LOAN-01564,Loan originated,Not applicable,,,,205000.0,240,8.250,Conventional,Other purpose,Conventional:Subordinate Lien,Not a high-cost mortgage,No negative amortization,Not applicable,20%-<30%,,915000,Preapproval not requested,240
LOAN-01565,Loan originated,Not applicable,,,,195000.0,,5.875,FHA,Refinancing,FHA:First Lien,Not applicable,No negative amortization,Affiliate institution,,,415000,Preapproval not requested,
LOAN-01566,Purchased loan,Not applicable,,,,525000.0,360,7.125,FHA,Home purchase,FHA:First Lien,Not a high-cost mortgage,No negative amortization,Ginnie Mae,,22963.68,545000,Preapproval not requested,360
LOAN-01567,Loan originated,Not applicable,,,,235000.0,360,6.625,Conventional,Home purchase,Conventional:First Lien,Not a high-cost mortgage,No negative amortization,Freddie Mac,<20%,4627.95,765000,Preapproval not requested,360
LOAN-01568,Purchased loan,Not applicable,,,,115000.0,360,6.375,Conventional,Home purchase,Conventional:First Lien,Not a high-cost mortgage,No negative amortization,Fannie Mae,,3272.35,185000,Preapproval not requested,360
LOAN-01569,Application denied,Debt-to-income ratio,Credit history,,,125000.0,180,,Conventional,Home improvement,Conventional:Subordinate Lien,Not applicable,No negative amortization,Not applicable,50%-60%,,505000,Preapproval not requested,180
LOAN-01570,Purchased loan,Not applicable,,,,445000.0,360,7.375,Conventional,Cash-out refinancing,Conventional:First Lien,Not a high-cost mortgage,No negative amortization,Freddie Mac,,2863.00,635000,Preapproval not requested,360
LOAN-01571,Loan originated,Not applicable,,,,335000.0,360,6.75,FHA,Refinancing,FHA:First Lien,Not a high-cost mortgage,No negative amortization,Ginnie Mae,,7947.86,,Preapproval not requested,360
LOAN-01572,Loan originated,Not applicable,,,,485000.0,360,6.5,Conventional,Home purchase,Conventional:First Lien,Not a high-cost mortgage,No negative amortization,Freddie Mac,43,2199.19,605000,Preapproval not requested,360
LOAN-01573,Loan originated,Not applicable,,,,245000.0,360,7.990,VA,Cash-out refinancing,VA:First Lien,Not a high-cost mortgage,No negative amortization,Ginnie Mae,50%-60%,11619.80,245000,Preapproval not requested,360
LOAN-01574,Loan originated,Not applicable,,,,125000.0,300,8.24,Conventional,Home improvement,Conventional:Subordinate Lien,Not a high-cost mortgage,No negative amortization,Not applicable,30%-<36%,,1955000,Preapproval not requested,300
LOAN-01575,Loan originated,Not applicable,,,,255000.0,360,6.25,Conventional,Home purchase,Conventional:First Lien,Not a high-cost mortgage,No negative amortization,Not applicable,37,2705.00,295000,Preapproval not requested,360
LOAN-01576,Loan originated,Not applicable,,,,215000.0,360,7.25,Conventional,Cash-out refinancing,Conventional:First Lien,Not a high-cost mortgage,No negative amortization,Freddie Mac,45,7453,335000,Preapproval not requested,360
LOAN-01577,Loan originated,Not applicable,,,,465000.0,360,6.75,Conventional,Home purchase,Conventional:First Lien,Not a high-cost mortgage,No negative amortization,Fannie Mae,30%-<36%,5512.03,625000,Preapproval not requested,360
LOAN-01578,Loan originated,Not applicable,,,,175000.0,360,7.625,Conventional,Refinancing,Conventional:First Lien,Not applicable,No negative amortization,Affiliate institution,,,215000,Preapproval not requested,360
LOAN-01579,Loan originated,Not applicable,,,,235000.0,360,9.250,Conventional,Cash-out refinancing,Conventional:First Lien,Not applicable,No negative amortization,Other type of purchaser,<20%,,305000,Preapproval not requested,360
LOAN-01580,Application denied,Debt-to-income ratio,,,,305000.0,240,,Conventional,Cash-out refinancing,Conventional:Subordinate Lien,Not applicable,No negative amortization,Not applicable,>60%,,1605000,Preapproval not requested,240
LOAN-01581,Purchased loan,Not applicable,,,,695000.0,360,6.875,Conventional,Home purchase,Conventional:First Lien,Not a high-cost mortgage,No negative amortization,Fannie Mae,,4533.20,875000,Preapproval not requested,360
LOAN-01582,Application denied,Debt-to-income ratio,Unverifiable information,,,125000.0,180,,Conventional,Other purpose,Conventional:Subordinate Lien,Not applicable,No negative amortization,Not applicable,46,,915000,Preapproval not requested,180
LOAN-01583,Application denied,Credit history,,,,15000.0,360,,Conventional,Other purpose,Conventional:First Lien,Not applicable,No negative amortization,Not applicable,,,155000,Preapproval not requested,360
LOAN-01584,Application denied,Other,,,,125000.0,360,,FHA,Cash-out refinancing,FHA:First Lien,Not applicable,No negative amortization,Not applicable,46,,235000,Preapproval not requested,360
LOAN-01585,Loan originated,Not applicable,,,,35000.0,60,9.25,Conventional,Home improvement,Conventional:Subordinate Lien,Not a high-cost mortgage,No negative amortization,Not applicable,39,0.00,1085000,Preapproval not requested,60
LOAN-01586,Loan originated,Not applicable,,,,325000.0,360,6.000,FHA,Home purchase,FHA:First Lien,Not a high-cost mortgage,No negative amortization,Other type of purchaser,40,13188.38,325000,Preapproval not requested,360
LOAN-01587,Purchased loan,Not applicable,,,,185000.0,360,7.125,Conventional,Home purchase,Conventional:First Lien,Not a high-cost mortgage,No negative amortization,Freddie Mac,,5307.45,195000,Preapproval not requested,360
LOAN-01588,Application denied,Collateral,,,,395000.0,360,,VA,Refinancing,VA:First Lien,Not applicable,No negative amortization,Not applicable,,,415000,Preapproval not requested,360
LOAN-01589,Application denied,1111,,,,385000.0,Exempt,Exempt,Conventional,Refinancing,Conventional:First Lien,Not applicable,Exempt,Not applicable,Exempt,Exempt,Exempt,Preapproval not requested,Exempt
LOAN-01590,Loan originated,Not applicable,,,,75000.0,180,8.000,Conventional,Other purpose,Conventional:Subordinate Lien,Not a high-cost mortgage,No negative amortization,Not applicable,36,0.00,265000,Preapproval not requested,180
LOAN-01591,Application denied,Debt-to-income ratio,"Insufficient cash (downpayment, closing costs)",,,285000.0,331,,Conventional,Home purchase,Conventional:First Lien,Not applicable,No negative amortization,Not applicable,47,,,Preapproval not requested,331
LOAN-01592,Loan originated,Not applicable,,,,345000.0,360,7.125,Conventional,Home purchase,Conventional:First Lien,Not a high-cost mortgage,No negative amortization,Fannie Mae,45,7997.20,425000,Preapproval not requested,360
LOAN-01593,Loan originated,Not applicable,,,,215000.0,360,6.625,FHA,Cash-out refinancing,FHA:First Lien,Not a high-cost mortgage,No negative amortization,Ginnie Mae,30%-<36%,12458.40,285000,Preapproval not requested,360
LOAN-01594,Loan originated,Not applicable,,,,75000.0,240,9.250,Conventional,Other purpose,Conventional:Subordinate Lien,Not a high-cost mortgage,No negative amortization,Not applicable,20%-<30%,,455000,Preapproval not requested,240
LOAN-01595,Loan originated,Not applicable,,,,165000.0,360,5.5,Conventional,Refinancing,Conventional:First Lien,Not a high-cost mortgage,No negative amortization,Freddie Mac,49,6306.45,375000,Preapproval not requested,360
LOAN-01596,Application denied,Debt-to-income ratio,,,,75000.0,120,,Conventional,Other purpose,Conventional:First Lien,Not applicable,No negative amortization,Not applicable,<20%,,605000,Preapproval not requested,120
LOAN-01597,Loan originated,Not applicable,,,,605000.0,360,5.75,Conventional,Other purpose,Conventional:First Lien,Not a high-cost mortgage,No negative amortization,Not applicable,20%-<30%,3896.75,2305000,Preapproval not requested,360
LOAN-01598,Loan originated,Not applicable,,,,845000.0,360,6.375,Conventional,Home purchase,Conventional:First Lien,Not a high-cost mortgage,No negative amortization,Freddie Mac,39,9906.5,1655000,Preapproval not requested,360
LOAN-01599,Purchased loan,Not applicable,,,,235000.0,360,6.875,Conventional,Cash-out refinancing,Conventional:First Lien,Not a high-cost mortgage,No negative amortization,Freddie Mac,,5329.75,395000,Preapproval not requested,360
LOAN-01600,Application denied,Other,,,,225000.0,300,,FHA,Home purchase,FHA:First Lien,Not applicable,No negative amortization,Not applicable,43,,265000,Preapproval not requested,300
LOAN-01601,Purchased loan,Not applicable,,,,565000.0,360,7.62500,Conventional,Home purchase,Conventional:First Lien,Not a high-cost mortgage,No negative amortization,Freddie Mac,,4428.81,595000,Preapproval not requested,360
LOAN-01602,Loan originated,Not applicable,,,,375000.0,360,7.625,Conventional,Home purchase,Conventional:First Lien,Not a high-cost mortgage,No negative amortization,Not applicable,38,4082.38,465000,Preapproval requested,360
LOAN-01603,Loan originated,Not applicable,,,,105000.0,360,6.999,Conventional,Cash-out refinancing,Conventional:First Lien,Not applicable,No negative amortization,Freddie Mac,48,,145000,Preapproval not requested,360
LOAN-01604,Loan originated,Not applicable,,,,95000.0,12,9.500,Conventional,Home improvement,Conventional:First Lien,Not applicable,No negative amortization,Not applicable,,,225000,Preapproval not requested,12
LOAN-01605,Application denied,Collateral,,,,35000.0,360,,Conventional,Home purchase,Conventional:First Lien,Not applicable,No negative amortization,Not applicable,20%-<30%,,25000,Preapproval not requested,360
LOAN-01606,Purchased loan,Not applicable,,,,275000.0,360,6.12500,FHA,Cash-out refinancing,FHA:First Lien,Not a high-cost mortgage,No negative amortization,Ginnie Mae,,11040.67,365000,Preapproval not requested,360
LOAN-01607,Loan originated,Not applicable,,,,65000.0,60,5.990,Conventional,Cash-out refinancing,Conventional:Subordinate Lien,Not a high-cost mortgage,No negative amortization,Not applicable,38,0.00,555000,Preapproval not requested,60
LOAN-01608,Loan originated,Not applicable,,,,105000.0,360,6.625,Conventional,Home purchase,Conventional:First Lien,Not a high-cost mortgage,No negative amortization,Freddie Mac,46,7938.60,205000,Preapproval not requested,360
LOAN-01609,Loan originated,Not applicable,,,,205000.0,360,8.750,Conventional,Cash-out refinancing,Conventional:First Lien,Not a high-cost mortgage,No negative amortization,Private securitizer,43,10462.00,275000,Preapproval not requested,360
LOAN-01610,Application denied,Credit history,Other,,,125000.0,360,,FHA,Cash-out refinancing,FHA:First Lien,Not applicable,No negative amortization,Not applicable,36,,185000,Preapproval not requested,360
LOAN-01611,Application denied,Debt-to-income ratio,,,,75000.0,480,,Conventional,Home improvement,Conventional:First Lien,Not applicable,No negative amortization,Not applicable,>60%,,155000,Preapproval not requested,480
LOAN-01612,Purchased loan,Not applicable,,,,265000.0,360,6.625,Conventional,Home purchase,Conventional:First Lien,Not a high-cost mortgage,No negative amortization,"Commercial bank, savings bank, or savings association",,0.00,295000,Preapproval not requested,360
LOAN-01613,Loan originated,Not applicable,,,,145000.0,360,6.250,FHA,Home purchase,FHA:First Lien,Not a high-cost mortgage,No negative amortization,Not applicable,50%-60%,7815.28,145000,Preapproval not requested,360
LOAN-01614,Loan originated,Not applicable,,,,395000.0,360,6.125,FHA,Home purchase,FHA:First Lien,Not a high-cost mortgage,No negative amortization,"Credit union, mortgage company, or finance company",50%-60%,13369.14,405000,Preapproval not requested,360
LOAN-01615,Loan originated,Not applicable,,,,255000.0,180,6.625,Conventional,Home purchase,Conventional:First Lien,Not a high-cost mortgage,No negative amortization,Freddie Mac,20%-<30%,6630.45,415000,Preapproval requested,180
LOAN-01616,Loan originated,Not applicable,,,,55000.0,360,3.900,Conventional,Other purpose,Conventional:Subordinate Lien,Not a high-cost mortgage,No negative amortization,Not applicable,48,,655000,Preapproval not requested,360
LOAN-01617,Loan originated,Not applicable,,,,205000.0,360,7.125,Conventional,Home purchase,Conventional:First Lien,Not a high-cost mortgage,No negative amortization,Not applicable,30%-<36%,3538.90,255000,Preapproval not requested,360
LOAN-01618,Application denied,Other,,,,255000.0,360,,FHA,Home purchase,FHA:First Lien,Not applicable,No negative amortization,Not applicable,44,,255000,Preapproval not requested,360
LOAN-01619,Loan originated,Not applicable,,,,435000.0,360,7.125,Conventional,Home purchase,Conventional:First Lien,Not a high-cost mortgage,No negative amortization,Affiliate institution,42,6243.64,515000,Preapproval not requested,360
LOAN-01620,Purchased loan,Not applicable,,,,65000.0,240,6.125,Conventional,Other purpose,Conventional:First Lien,Not a high-cost mortgage,No negative amortization,Freddie Mac,,6411.33,205000,Preapproval not requested,240
LOAN-01621,Purchased loan,Not applicable,,,,235000.0,360,6,VA,Cash-out refinancing,VA:First Lien,Not a high-cost mortgage,No negative amortization,Ginnie Mae,,21064.21,235000,Preapproval not requested,360
LOAN-01622,Application denied,Credit history,,,,255000.0,360,,VA,Cash-out refinancing,VA:First Lien,Not applicable,No negative amortization,Not applicable,44,,255000,Preapproval not requested,360
LOAN-01623,Loan originated,Not applicable,,,,75000.0,36,8.250,Conventional,Other purpose,Conventional:Subordinate Lien,Not a high-cost mortgage,No negative amortization,Not applicable,<20%,,315000,Preapproval not requested,36
LOAN-01624,Application denied,Debt-to-income ratio,Collateral,,,305000.0,360,,Conventional,Home improvement,Conventional:Subordinate Lien,Not applicable,No negative amortization,Not applicable,46,,665000,Preapproval not requested,360
LOAN-01625,Loan originated,Not applicable,,,,315000.0,360,7.500,Conventional,Home purchase,Conventional:First Lien,Not a high-cost mortgage,No negative amortization,"Credit union, mortgage company, or finance company",20%-<30%,2687.12,395000,Preapproval not requested,360
LOAN-01626,Application denied,Credit history,,,,255000.0,360,,Conventional,Cash-out refinancing,Conventional:First Lien,Not applicable,No negative amortization,Not applicable,20%-<30%,,365000,Preapproval not requested,360
LOAN-01627,Loan originated,Not applicable,,,,75000.0,240,8.25,Conventional,Cash-out refinancing,Conventional:First Lien,Not a high-cost mortgage,No negative amortization,Private securitizer,44,,185000,Preapproval not requested,240
LOAN-01628,Loan originated,Not applicable,,,,245000.0,360,5.500,Conventional,Refinancing,Conventional:First Lien,Not a high-cost mortgage,No negative amortization,"Commercial bank, savings bank, or savings association",39,2112.90,295000,Preapproval not requested,360
LOAN-01629,Application denied,Collateral,,,,225000.0,360,,Conventional,Home improvement,Conventional:Subordinate Lien,Not applicable,No negative amortization,Not applicable,30%-<36%,,565000,Preapproval not requested,360
LOAN-01630,Loan originated,Not applicable,,,,145000.0,360,7.125,Conventional,Home purchase,Conventional:First Lien,Not applicable,No negative amortization,Freddie Mac,44,2320.00,185000,Preapproval requested,360
LOAN-01631,Loan originated,Not applicable,,,,545000.0,360,6.125,VA,Home purchase,VA:First Lien,Not a high-cost mortgage,No negative amortization,Not applicable,20%-<30%,2439.82,575000,Preapproval not requested,360
LOAN-01632,Loan originated,Not applicable,,,,335000.0,360,6.990,Conventional,Home purchase,Conventional:First Lien,Not a high-cost mortgage,No negative amortization,Fannie Mae,46,10435.16,365000,Preapproval not requested,360
LOAN-01633,Application denied,Debt-to-income ratio,,,,165000.0,240,,Conventional,Home purchase,Conventional:First Lien,Not applicable,No negative amortization,Not applicable,>60%,,165000,Preapproval not requested,240
LOAN-01634,Loan originated,Not applicable,,,,715000.0,360,5.622,Conventional,Refinancing,Conventional:First Lien,Not a high-cost mortgage,No negative amortization,Fannie Mae,30%-<36%,11653.95,965000,Preapproval not requested,360
LOAN-01635,Purchased loan,Not applicable,,,,385000.0,360,7.25,FHA,Home purchase,FHA:First Lien,Not a high-cost mortgage,No negative amortization,Ginnie Mae,,7402.92,405000,Preapproval not requested,360
LOAN-01636,Purchased loan,Not applicable,,,,265000.0,360,7.5,FHA,Home purchase,FHA:First Lien,Not a high-cost mortgage,No negative amortization,Ginnie Mae,,4559.62,275000,Preapproval not requested,360
LOAN-01637,Application denied,Debt-to-income ratio,,,,505000.0,360,,Conventional,Other purpose,Conventional:Subordinate Lien,Not applicable,No negative amortization,Not applicable,>60%,,4405000,Preapproval not requested,360
LOAN-01638,Application denied,Debt-to-income ratio,,,,85000.0,300,,Conventional,Home purchase,Conventional:First Lien,Not applicable,No negative amortization,Not applicable,50%-60%,,105000,Preapproval not requested,300
LOAN-01639,Application denied,Employment history,Debt-to-income ratio,,,205000.0,360,,Conventional,Other purpose,Conventional:Subordinate Lien,Not applicable,No negative amortization,Not applicable,,,885000,Preapproval not requested,360
LOAN-01640,Loan originated,Not applicable,,,,205000.0,360,6.000,Conventional,Home purchase,Conventional:First Lien,Not a high-cost mortgage,No negative amortization,Not applicable,38,3448.00,255000,Preapproval not requested,360
LOAN-01641,Application denied,Credit application incomplete,,,,35000.0,,,Conventional,Other purpose,Conventional:Subordinate Lien,Not applicable,No negative amortization,Not applicable,>60%,,355000,Preapproval not requested,
LOAN-01642,Application denied,Collateral,,,,105000.0,360,,Conventional,Cash-out refinancing,Conventional:Subordinate Lien,Not applicable,No negative amortization,Not applicable,36,,185000,Preapproval not requested,360
LOAN-01643,Application denied,Credit history,,,,105000.0,300,,Conventional,Other purpose,Conventional:Subordinate Lien,Not applicable,No negative amortization,Not applicable,<20%,,655000,Preapproval not requested,300
LOAN-01644,Loan originated,Not applicable,,,,305000.0,360,9.500,Conventional,Other purpose,Conventional:Subordinate Lien,Not a high-cost mortgage,No negative amortization,Not applicable,30%-<36%,,1335000,Preapproval not requested,360
LOAN-01645,Loan originated,Not applicable,,,,635000.0,360,6.375,Conventional,Home purchase,Conventional:First Lien,Not a high-cost mortgage,No negative amortization,"Credit union, mortgage company, or finance company",20%-<30%,6118.00,705000,Preapproval not requested,360
LOAN-01646,Loan originated,Not applicable,,,,205000.0,360,8.625,Conventional,Other purpose,Conventional:First Lien,Not a high-cost mortgage,No negative amortization,Not applicable,42,,425000,Preapproval not requested,360
LOAN-01647,Application denied,Credit history,Debt-to-income ratio,,,305000.0,300,,Conventional,Home improvement,Conventional:Subordinate Lien,Not applicable,No negative amortization,Not applicable,44,,1005000,Preapproval not requested,300
LOAN-01648,Loan originated,Not applicable,,,,305000.0,360,5.750,FHA,Home purchase,FHA:First Lien,Not a high-cost mortgage,No negative amortization,Ginnie Mae,47,15246.63,305000,Preapproval not requested,360
LOAN-01649,Purchased loan,Not applicable,,,,125000.0,,7.135,FHA,Cash-out refinancing,FHA:First Lien,Not applicable,No negative amortization,Ginnie Mae,,,315000,Preapproval not requested,
LOAN-01650,Loan originated,Not applicable,,,,235000.0,360,6.875,Conventional,Home purchase,Conventional:First Lien,Not a high-cost mortgage,No negative amortization,Fannie Mae,45,5623.16,265000,Preapproval not requested,360
LOAN-01651,Loan originated,Not applicable,,,,755000.0,360,6.625,Conventional,Home purchase,Conventional:First Lien,Not a high-cost mortgage,No negative amortization,Freddie Mac,20%-<30%,6378,2555000,Preapproval not requested,360
LOAN-01652,Application denied,Debt-to-income ratio,"Insufficient cash (downpayment, closing costs)",,,175000.0,360,,FHA,Home purchase,FHA:First Lien,Not applicable,No negative amortization,Not applicable,>60%,,255000,Preapproval not requested,360
LOAN-01653,Loan originated,1111,,,,265000.0,Exempt,Exempt,Conventional,Other purpose,Conventional:Subordinate Lien,Not applicable,Exempt,Not applicable,Exempt,Exempt,Exempt,Preapproval not requested,Exempt
LOAN-01654,Application denied,Debt-to-income ratio,,,,215000.0,360,,FHA,Refinancing,FHA:First Lien,Not applicable,No negative amortization,Not applicable,50%-60%,,,Preapproval not requested,360
LOAN-01655,Application denied,Other,,,,115000.0,480,,Conventional,Home improvement,Conventional:Subordinate Lien,Not applicable,No negative amortization,Not applicable,37,,295000,Preapproval not requested,480
LOAN-01656,Application denied,Other,,,,285000.0,360,,Conventional,Cash-out refinancing,Conventional:First Lien,Not applicable,No negative amortization,Not applicable,20%-<30%,,425000,Preapproval not requested,360
LOAN-01657,Loan originated,Not applicable,,,,285000.0,360,6.25,VA,Home purchase,VA:First Lien,Not a high-cost mortgage,No negative amortization,Ginnie Mae,50%-60%,20094.09,275000,Preapproval not requested,360
LOAN-01658,Loan originated,Not applicable,,,,495000.0,360,5.249,VA,Refinancing,VA:First Lien,Not a high-cost mortgage,No negative amortization,Ginnie Mae,,4558.95,475000,Preapproval not requested,360
LOAN-01659,Application denied,Credit history,,,,105000.0,300,,Conventional,Home purchase,Conventional:First Lien,Not applicable,No negative amortization,Not applicable,39,,115000,Preapproval not requested,300
LOAN-01660,Application denied,Debt-to-income ratio,,,,355000.0,300,,Conventional,Home improvement,Conventional:Subordinate Lien,Not applicable,No negative amortization,Not applicable,>60%,,855000,Preapproval not requested,300
LOAN-01661,Application denied,Debt-to-income ratio,Other,,,205000.0,480,,Conventional,Refinancing,Conventional:Subordinate Lien,Not applicable,No negative amortization,Not applicable,>60%,,555000,Preapproval not requested,480
LOAN-01662,Purchased loan,Not applicable,,,,355000.0,360,6.875,Conventional,Home purchase,Conventional:First Lien,Not a high-cost mortgage,No negative amortization,Freddie Mac,,3853.00,375000,Preapproval not requested,360
LOAN-01663,Purchased loan,Not applicable,,,,675000.0,360,6.25,FHA,Home purchase,FHA:First Lien,Not a high-cost mortgage,No negative amortization,Ginnie Mae,,25626.05,705000,Preapproval not requested,360
LOAN-01664,Application denied,Credit history,Credit application incomplete,,,55000.0,480,,Conventional,Other purpose,Conventional:First Lien,Not applicable,No negative amortization,Not applicable,<20%,,755000,Preapproval not requested,480
LOAN-01665,Application denied,"Insufficient cash (downpayment, closing costs)",,,,405000.0,360,,FHA,Home purchase,FHA:First Lien,Not applicable,No negative amortization,Not applicable,39,,415000,Preapproval not requested,360
LOAN-01666,Application denied,"Insufficient cash (downpayment, closing costs)",,,,165000.0,360,,Conventional,Refinancing,Conventional:First Lien,Not applicable,No negative amortization,Not applicable,50%-60%,,205000,Preapproval not requested,360
LOAN-01667,Loan originated,Not applicable,,,,375000.0,360,5.5,VA,Home purchase,VA:First Lien,Not a high-cost mortgage,No negative amortization,Ginnie Mae,45,14703.84,355000,Preapproval not requested,360
LOAN-01668,Application denied,Other,,,,155000.0,360,,Conventional,Home improvement,Conventional:Subordinate Lien,Not applicable,No negative amortization,Not applicable,30%-<36%,,765000,Preapproval not requested,360
LOAN-01669,Application denied,Collateral,,,,4505000.0,12,,Conventional,Home purchase,Conventional:First Lien,Not applicable,No negative amortization,Not applicable,,,7805000,Preapproval not requested,12
LOAN-01670,Loan originated,Not applicable,,,,495000.0,360,3.75,FHA,Home purchase,FHA:First Lien,Not a high-cost mortgage,No negative amortization,"Credit union, mortgage company, or finance company",49,9916.28,495000,Preapproval not requested,360
LOAN-01671,Loan originated,Not applicable,,,,25000.0,121,7.500,Conventional,Other purpose,Conventional:Subordinate Lien,Not a high-cost mortgage,No negative amortization,Not applicable,30%-<36%,,385000,Preapproval not requested,121
LOAN-01672,Application denied,Debt-to-income ratio,,,,165000.0,360,,Conventional,Home purchase,Conventional:First Lien,Not applicable,No negative amortization,Not applicable,50%-60%,,175000,Preapproval not requested,360
LOAN-01673,Application denied,Credit history,,,,65000.0,360,,Conventional,Home improvement,Conventional:Subordinate Lien,Not applicable,No negative amortization,Not applicable,46,,,Preapproval not requested,360
LOAN-01674,Loan originated,Not applicable,,,,245000.0,300,8.15,Conventional,Refinancing,Conventional:First Lien,Not a high-cost mortgage,No negative amortization,Not applicable,30%-<36%,,375000,Preapproval not requested,300
LOAN-01675,Loan originated,Not applicable,,,,15000.0,120,9.75,Conventional,Home purchase,Conventional:First Lien,Not a high-cost mortgage,No negative amortization,"Credit union, mortgage company, or finance company",50%-60%,395.00,305000,Preapproval not requested,120
LOAN-01676,Loan originated,Not applicable,,,,245000.0,360,6.375,Conventional,Home purchase,Conventional:First Lien,Not a high-cost mortgage,No negative amortization,Freddie Mac,20%-<30%,9491.15,435000,Preapproval not requested,360
LOAN-01677,Loan originated,Not applicable,,,,355000.0,360,7.625,Conventional,Home purchase,Conventional:First Lien,Not a high-cost mortgage,No negative amortization,"Credit union, mortgage company, or finance company",37,13299.62,375000,Preapproval not requested,360
LOAN-01678,Loan originated,Not applicable,,,,275000.0,360,7.875,Conventional,Home purchase,Conventional:First Lien,Not a high-cost mortgage,No negative amortization,"Credit union, mortgage company, or finance company",47,5513.57,285000,Preapproval not requested,360
LOAN-01679,Loan originated,Not applicable,,,,385000.0,360,7.875,Conventional,Home purchase,Conventional:First Lien,Not a high-cost mortgage,No negative amortization,"Credit union, mortgage company, or finance company",45,15551.20,485000,Preapproval not requested,360
LOAN-01680,Purchased loan,Not applicable,,,,165000.0,360,6.25,FHA,Home purchase,FHA:First Lien,Not a high-cost mortgage,No negative amortization,Ginnie Mae,,9113.12,175000,Preapproval not requested,360
LOAN-01681,Application denied,Other,,,,85000.0,300,,Conventional,Home purchase,Conventional:First Lien,Not applicable,No negative amortization,Not applicable,>60%,,85000,Preapproval not requested,300
LOAN-01682,Application denied,Credit history,,,,205000.0,240,,Conventional,Home purchase,Conventional:First Lien,Not applicable,No negative amortization,Not applicable,50%-60%,,205000,Preapproval not requested,240
LOAN-01683,Loan originated,Not applicable,,,,215000.0,360,6.6250,VA,Home purchase,VA:First Lien,Not a high-cost mortgage,No negative amortization,"Commercial bank, savings bank, or savings association",47,13570.91,215000,Preapproval not requested,360
LOAN-01684,Application denied,Debt-to-income ratio,,,,305000.0,360,,Conventional,Home purchase,Conventional:First Lien,Not applicable,No negative amortization,Not applicable,>60%,,325000,Preapproval not requested,360
LOAN-01685,Application denied,Credit application incomplete,,,,75000.0,360,,Conventional,Cash-out refinancing,Conventional:Subordinate Lien,Not applicable,No negative amortization,Not applicable,>60%,,385000,Preapproval not requested,360
LOAN-01686,Loan originated,Not applicable,,,,285000.0,360,7.25,VA,Cash-out refinancing,VA:First Lien,Not a high-cost mortgage,No negative amortization,Ginnie Mae,50%-60%,23605.48,295000,Preapproval not requested,360
LOAN-01687,Loan originated,Not applicable,,,,45000.0,120,10.000,Conventional,Refinancing,Conventional:Subordinate Lien,Not a high-cost mortgage,No negative amortization,Private securitizer,37,,215000,Preapproval not requested,120
LOAN-01688,Loan originated,Not applicable,,,,145000.0,,7.065,FHA,Refinancing,FHA:First Lien,Not applicable,No negative amortization,Ginnie Mae,,,325000,Preapproval not requested,
LOAN-01689,Application denied,Credit application incomplete,,,,205000.0,360,,VA,Cash-out refinancing,VA:First Lien,Not applicable,No negative amortization,Not applicable,,,215000,Preapproval not requested,360
LOAN-01690,Loan originated,Not applicable,,,,85000.0,240,8.000,Conventional,Cash-out refinancing,Conventional:Subordinate Lien,Not a high-cost mortgage,No negative amortization,Not applicable,20%-<30%,,345000,Preapproval not requested,240
LOAN-01691,Application denied,Credit history,,,,255000.0,360,,Conventional,Other purpose,Conventional:Subordinate Lien,Not applicable,No negative amortization,Not applicable,20%-<30%,,975000,Preapproval not requested,360
LOAN-01692,Loan originated,Not applicable,,,,495000.0,360,7.125,VA,Home purchase,VA:First Lien,Not a high-cost mortgage,No negative amortization,Ginnie Mae,44,25921.53,475000,Preapproval not requested,360
LOAN-01693,Loan originated,Not applicable,,,,325000.0,360,5.750,FHA,Home purchase,FHA:First Lien,Not a high-cost mortgage,No negative amortization,Ginnie Mae,41,13075.31,335000,Preapproval not requested,360
LOAN-01694,Loan originated,Not applicable,,,,155000.0,120,8.5,Conventional,Other purpose,Conventional:Subordinate Lien,Not a high-cost mortgage,No negative amortization,Not applicable,40,,635000,Preapproval not requested,120
LOAN-01695,Purchased loan,1111,,,,95000.0,Exempt,Exempt,Conventional,Home purchase,Conventional:First Lien,Not applicable,Exempt,Not applicable,Exempt,Exempt,Exempt,Preapproval not requested,Exempt
LOAN-01696,Purchased loan,Not applicable,,,,245000.0,360,6.99,Conventional,Home purchase,Conventional:First Lien,Not a high-cost mortgage,No negative amortization,Not applicable,,4093.01,555000,Preapproval not requested,360
LOAN-01697,Application denied,Debt-to-income ratio,,,,85000.0,360,,Conventional,Home improvement,Conventional:Subordinate Lien,Not applicable,No negative amortization,Not applicable,>60%,,445000,Preapproval not requested,360
LOAN-01698,Loan originated,Not applicable,,,,435000.0,360,6.575,Conventional,Home purchase,Conventional:First Lien,Not applicable,No negative amortization,Not applicable,20%-<30%,5155.45,485000,Preapproval not requested,360
LOAN-01699,Loan originated,Not applicable,,,,165000.0,,7.17,FHA,Refinancing,FHA:First Lien,Not applicable,No negative amortization,Ginnie Mae,,,335000,Preapproval not requested,
LOAN-01700,Loan originated,Not applicable,,,,155000.0,360,7,Conventional,Home purchase,Conventional:First Lien,Not a high-cost mortgage,No negative amortization,Not applicable,<20%,6768,445000,Preapproval not requested,360
LOAN-01701,Application denied,Collateral,,,,35000.0,360,,Conventional,Other purpose,Conventional:Subordinate Lien,Not applicable,No negative amortization,Not applicable,42,,175000,Preapproval not requested,360
LOAN-01702,Application denied,Debt-to-income ratio,,,,25000.0,360,,Conventional,Other purpose,Conventional:Subordinate Lien,Not applicable,No negative amortization,Not applicable,>60%,,1005000,Preapproval not requested,360
LOAN-01703,Application denied,Debt-to-income ratio,,,,155000.0,360,,Conventional,Home purchase,Conventional:First Lien,Not applicable,No negative amortization,Not applicable,>60%,,165000,Preapproval not requested,360
LOAN-01704,Loan originated,Not applicable,,,,1375000.0,360,6.875,Conventional,Home purchase,Conventional:First Lien,Not a high-cost mortgage,No negative amortization,Not applicable,30%-<36%,10088.60,1445000,Preapproval not requested,360
LOAN-01705,Loan originated,Not applicable,,,,375000.0,360,5.875,VA,Home purchase,VA:First Lien,Not a high-cost mortgage,No negative amortization,Ginnie Mae,50%-60%,3558.35,375000,Preapproval not requested,360
LOAN-01706,Application denied,Other,,,,455000.0,360,,VA,Refinancing,VA:First Lien,Not applicable,No negative amortization,Not applicable,,,555000,Preapproval not requested,360
LOAN-01707,Application denied,Debt-to-income ratio,,,,3505000.0,360,,Conventional,Home purchase,Conventional:First Lien,Not applicable,No negative amortization,Not applicable,45,,7005000,Preapproval not requested,360
LOAN-01708,Application denied,Collateral,,,,75000.0,180,,Conventional,Cash-out refinancing,Conventional:First Lien,Not applicable,No negative amortization,Not applicable,36,,905000,Preapproval not requested,180
LOAN-01709,Purchased loan,Not applicable,,,,295000.0,360,7.125,FHA,Home purchase,FHA:First Lien,Not a high-cost mortgage,No negative amortization,Ginnie Mae,,9248.18,305000,Preapproval not requested,360
LOAN-01710,Application denied,Other,,,,145000.0,360,,Conventional,Cash-out refinancing,Conventional:Subordinate Lien,Not applicable,No negative amortization,Not applicable,44,,665000,Preapproval not requested,360
LOAN-01711,Application denied,Credit application incomplete,,,,85000.0,360,,Conventional,Other purpose,Conventional:First Lien,Not applicable,No negative amortization,Not applicable,49,,145000,Preapproval not requested,360
LOAN-01712,Application denied,Unverifiable information,,,,765000.0,360,,Conventional,Refinancing,Conventional:First Lien,Not applicable,No negative amortization,Not applicable,>60%,,1445000,Preapproval not requested,360
LOAN-01713,Loan originated,Not applicable,,,,55000.0,120,5.5000,Conventional,Other purpose,Conventional:First Lien,Not a high-cost mortgage,No negative amortization,Not applicable,<20%,731.25,455000,Preapproval not requested,120
LOAN-01714,Application denied,Credit history,"Insufficient cash (downpayment, closing costs)",,,315000.0,300,,Conventional,Home purchase,Conventional:First Lien,Not applicable,No negative amortization,Not applicable,50%-60%,,365000,Preapproval not requested,300
LOAN-01715,Application denied,Credit application incomplete,Unverifiable information,,,105000.0,276,,Conventional,Home purchase,Conventional:First Lien,Not applicable,No negative amortization,Not applicable,,,,Preapproval not requested,276
LOAN-01716,Purchased loan,Not applicable,,,,245000.0,360,6.375,Conventional,Home purchase,Conventional:First Lien,Not a high-cost mortgage,No negative amortization,Not applicable,,2693.95,345000,Preapproval not requested,360
LOAN-01717,Loan originated,Not applicable,,,,765000.0,360,6.250,FHA,Home purchase,FHA:First Lien,Not a high-cost mortgage,No negative amortization,"Credit union, mortgage company, or finance company",50%-60%,31016.23,785000,Preapproval not requested,360
LOAN-01718,Purchased loan,Not applicable,,,,185000.0,360,7.62500,Conventional,Cash-out refinancing,Conventional:First Lien,Not a high-cost mortgage,No negative amortization,Freddie Mac,,5024.00,225000,Preapproval not requested,360
LOAN-01719,Loan originated,Not applicable,,,,295000.0,360,6.25,VA,Home purchase,VA:First Lien,Not a high-cost mortgage,No negative amortization,Ginnie Mae,50%-60%,9300.00,285000,Preapproval not requested,360
LOAN-01720,Loan originated,Not applicable,,,,395000.0,360,8.490,Conventional,Home purchase,Conventional:First Lien,Not a high-cost mortgage,No negative amortization,"Credit union, mortgage company, or finance company",<20%,,555000,Preapproval not requested,360
LOAN-01721,Loan originated,Not applicable,,,,305000.0,360,6.125,Conventional,Home purchase,Conventional:First Lien,Not a high-cost mortgage,No negative amortization,"Commercial bank, savings bank, or savings association",<20%,4746.00,375000,Preapproval not requested,360
LOAN-01722,Loan originated,Not applicable,,,,125000.0,180,7.250,Conventional,Home purchase,Conventional:First Lien,Not applicable,No negative amortization,Fannie Mae,30%-<36%,,275000,Preapproval not requested,180
LOAN-01723,Loan originated,Not applicable,,,,665000.0,360,8.125,Conventional,Home purchase,Conventional:First Lien,Not applicable,No negative amortization,Other type of purchaser,42,20272.75,825000,Preapproval not requested,360
LOAN-01724,Application denied,Debt-to-income ratio,,,,55000.0,180,,Conventional,Cash-out refinancing,Conventional:Subordinate Lien,Not applicable,No negative amortization,Not applicable,>60%,,,Preapproval not requested,180
LOAN-01725,Loan originated,Not applicable,,,,35000.0,360,9.875,Conventional,Cash-out refinancing,Conventional:Subordinate Lien,Not a high-cost mortgage,No negative amortization,"Credit union, mortgage company, or finance company",40,2367.52,455000,Preapproval not requested,360
LOAN-01726,Loan originated,Not applicable,,,,355000.0,72,8.000,Conventional,Home purchase,Conventional:First Lien,Not applicable,No negative amortization,Not applicable,,,505000,Preapproval not requested,72
LOAN-01727,Loan originated,Not applicable,,,,285000.0,360,6.99,Conventional,Home purchase,Conventional:First Lien,Not a high-cost mortgage,No negative amortization,Fannie Mae,44,3796.65,305000,Preapproval not requested,360
LOAN-01728,Application denied,Credit application incomplete,,,,545000.0,360,,Conventional,Refinancing,Conventional:First Lien,Not applicable,No negative amortization,Not applicable,30%-<36%,,705000,Preapproval not requested,360
LOAN-01729,Application denied,Debt-to-income ratio,,,,145000.0,360,,Conventional,Other purpose,Conventional:Subordinate Lien,Not applicable,No negative amortization,Not applicable,50%-60%,,615000,Preapproval not requested,360
LOAN-01730,Application denied,Credit history,,,,305000.0,360,,Conventional,Other purpose,Conventional:First Lien,Not applicable,No negative amortization,Not applicable,20%-<30%,,365000,Preapproval not requested,360
LOAN-01731,Application denied,Debt-to-income ratio,,,,365000.0,360,,Conventional,Home purchase,Conventional:First Lien,Not applicable,No negative amortization,Not applicable,50%-60%,,605000,Preapproval not requested,360
LOAN-01732,Purchased loan,Not applicable,,,,635000.0,360,7.374,Conventional,Home purchase,Conventional:First Lien,Not applicable,No negative amortization,Life insurance company,,,855000,Preapproval not requested,360
LOAN-01733,Application denied,Collateral,,,,635000.0,360,,Conventional,Home purchase,Conventional:First Lien,Not applicable,No negative amortization,Not applicable,,,655000,Preapproval not requested,360
LOAN-01734,Purchased loan,Not applicable,,,,315000.0,360,5.750,FHA,Home purchase,FHA:First Lien,Not a high-cost mortgage,No negative amortization,Ginnie Mae,,8954.12,325000,Preapproval not requested,360
LOAN-01735,Loan originated,Not applicable,,,,345000.0,360,6.375,Conventional,Home purchase,Conventional:First Lien,Not a high-cost mortgage,No negative amortization,Freddie Mac,37,6461.42,425000,Preapproval not requested,360
LOAN-01736,Loan originated,Not applicable,,,,305000.0,360,6.270,FHA,Home purchase,FHA:First Lien,Not a high-cost mortgage,No negative amortization,Other type of purchaser,43,9453.41,305000,Preapproval not requested,360
LOAN-01737,Application denied,Debt-to-income ratio,,,,185000.0,360,,FHA,Home purchase,FHA:First Lien,Not applicable,No negative amortization,Not applicable,>60%,,195000,Preapproval not requested,360
LOAN-01738,Application denied,Credit history,,,,25000.0,480,,Conventional,Home improvement,Conventional:First Lien,Not applicable,No negative amortization,Not applicable,>60%,,245000,Preapproval not requested,480
LOAN-01739,Application denied,Debt-to-income ratio,,,,255000.0,360,,FHA,Home purchase,FHA:First Lien,Not applicable,No negative amortization,Not applicable,>60%,,265000,Preapproval not requested,360
LOAN-01740,Application denied,Debt-to-income ratio,Collateral,Credit history,,305000.0,360,,Conventional,Refinancing,Conventional:Subordinate Lien,Not applicable,No negative amortization,Not applicable,>60%,,905000,Preapproval not requested,360
LOAN-01741,Loan originated,Not applicable,,,,275000.0,360,5.99,Conventional,Home purchase,Conventional:First Lien,Not a high-cost mortgage,No negative amortization,Freddie Mac,45,1930.50,,Preapproval not requested,360
LOAN-01742,Loan originated,Not applicable,,,,15000.0,60,,USDA RHS or FSA,Home purchase,FSA/RHS:Subordinate Lien,Not a high-cost mortgage,No negative amortization,Other type of purchaser,36,,375000,Preapproval not requested,60
LOAN-01743,Loan originated,Not applicable,,,,285000.0,360,9.240,Conventional,Refinancing,Conventional:Subordinate Lien,Not a high-cost mortgage,No negative amortization,Not applicable,30%-<36%,,885000,Preapproval not requested,360
LOAN-01744,Purchased loan,Not applicable,,,,135000.0,360,7.125,Conventional,Home purchase,Conventional:First Lien,Not a high-cost mortgage,No negative amortization,Fannie Mae,,5691.15,145000,Preapproval not requested,360
LOAN-01745,Loan originated,Not applicable,,,,25000.0,120,10.6,Conventional,Other purpose,Conventional:Subordinate Lien,Not a high-cost mortgage,No negative amortization,Not applicable,<20%,,285000,Preapproval not requested,120
LOAN-01746,Application denied,Credit history,,,,35000.0,360,,Conventional,Home purchase,Conventional:First Lien,Not applicable,No negative amortization,Not applicable,<20%,,45000,Preapproval not requested,360
LOAN-01747,Loan originated,Not applicable,,,,225000.0,360,6.99,Conventional,Cash-out refinancing,Conventional:First Lien,Not a high-cost mortgage,No negative amortization,Fannie Mae,20%-<30%,12287.08,395000,Preapproval not requested,360
LOAN-01748,Application denied,Credit history,,,,95000.0,360,,Conventional,Other purpose,Conventional:Subordinate Lien,Not applicable,No negative amortization,Not applicable,45,,555000,Preapproval not requested,360
LOAN-01749,Application denied,Credit history,,,,25000.0,360,,Conventional,Other purpose,Conventional:Subordinate Lien,Not applicable,No negative amortization,Not applicable,37,,485000,Preapproval not requested,360
LOAN-01750,Purchased loan,Not applicable,,,,145000.0,360,5.750,Conventional,Cash-out refinancing,Conventional:First Lien,Not a high-cost mortgage,No negative amortization,Not applicable,,3793.40,295000,Preapproval not requested,360
LOAN-01751,Loan originated,Not applicable,,,,5000.0,120,3.750,Conventional,Home purchase,Conventional:Subordinate Lien,Not a high-cost mortgage,No negative amortization,Other type of purchaser,20%-<30%,50.00,155000,Preapproval not requested,120
LOAN-01752,Purchased loan,Not applicable,,,,465000.0,360,7.25,VA,Cash-out refinancing,VA:First Lien,Not a high-cost mortgage,No negative amortization,Ginnie Mae,,16451.5,465000,Preapproval not requested,360
LOAN-01753,Purchased loan,Not applicable,,,,315000.0,360,7.125,Conventional,Home purchase,Conventional:First Lien,Not a high-cost mortgage,No negative amortization,Fannie Mae,,3729.7,395000,Preapproval not requested,360
LOAN-01754,Loan originated,Not applicable,,,,155000.0,360,6.99,Conventional,Home improvement,Conventional:Subordinate Lien,Not a high-cost mortgage,No negative amortization,Not applicable,49,,595000,Preapproval not requested,360
LOAN-01755,Loan originated,Not applicable,,,,235000.0,360,5.5,FHA,Refinancing,FHA:First Lien,Not a high-cost mortgage,No negative amortization,Ginnie Mae,,3333.66,,Preapproval not requested,360
LOAN-01756,Application denied,Debt-to-income ratio,,,,675000.0,360,,Conventional,Home purchase,Conventional:First Lien,Not applicable,No negative amortization,Not applicable,>60%,,1005000,Preapproval not requested,360
LOAN-01757,Loan originated,Not applicable,,,,175000.0,360,6.375,VA,Home purchase,VA:First Lien,Not a high-cost mortgage,No negative amortization,Ginnie Mae,38,5722.00,175000,Preapproval not requested,360
LOAN-01758,Application denied,"Insufficient cash (downpayment, closing costs)",,,,125000.0,360,,Conventional,Home purchase,Conventional:First Lien,Not applicable,No negative amortization,Not applicable,,,,Preapproval not requested,360
LOAN-01759,Application denied,Credit history,,,,135000.0,300,,Conventional,Home purchase,Conventional:First Lien,Not applicable,No negative amortization,Not applicable,50%-60%,,135000,Preapproval not requested,300
LOAN-01760,Loan originated,Not applicable,,,,105000.0,360,8.500,Conventional,Refinancing,Conventional:First Lien,Not applicable,No negative amortization,Other type of purchaser,,,155000,Preapproval not requested,360
LOAN-01761,Loan originated,Not applicable,,,,645000.0,360,6.125,Conventional,Home purchase,Conventional:First Lien,Not a high-cost mortgage,No negative amortization,"Credit union, mortgage company, or finance company",30%-<36%,4408.45,675000,Preapproval requested,360
LOAN-01762,Loan originated,Not applicable,,,,105000.0,360,9.880,Conventional,Other purpose,Conventional:First Lien,Not a high-cost mortgage,No negative amortization,Not applicable,50%-60%,,735000,Preapproval not requested,360
LOAN-01763,Loan originated,Not applicable,,,,355000.0,360,7.750,FHA,Home purchase,FHA:First Lien,Not a high-cost mortgage,No negative amortization,"Credit union, mortgage company, or finance company",36,17237.93,365000,Preapproval not requested,360
LOAN-01764,Application denied,Debt-to-income ratio,,,,155000.0,360,,Conventional,Other purpose,Conventional:Subordinate Lien,Not applicable,No negative amortization,Not applicable,>60%,,605000,Preapproval not requested,360
LOAN-01765,Purchased loan,Not applicable,,,,355000.0,360,4.75,FHA,Home purchase,FHA:First Lien,Not a high-cost mortgage,No negative amortization,Ginnie Mae,,10059.68,365000,Preapproval not requested,360
LOAN-01766,Loan originated,Not applicable,,,,675000.0,360,6.250,VA,Home purchase,VA:First Lien,Not a high-cost mortgage,No negative amortization,Ginnie Mae,49,5665.36,675000,Preapproval not requested,360
LOAN-01767,Loan originated,Not applicable,,,,285000.0,360,7.750,FHA,Home purchase,FHA:First Lien,Not a high-cost mortgage,No negative amortization,"Credit union, mortgage company, or finance company",30%-<36%,11179.30,295000,Preapproval not requested,360
LOAN-01768,Loan originated,Not applicable,,,,185000.0,360,6.490,Conventional,Other purpose,Conventional:Subordinate Lien,Not a high-cost mortgage,No negative amortization,Not applicable,20%-<30%,,475000,Preapproval not requested,360
LOAN-01769,Loan originated,Not applicable,,,,5000.0,120,,USDA RHS or FSA,Home purchase,FSA/RHS:Subordinate Lien,Not a high-cost mortgage,No negative amortization,Other type of purchaser,30%-<36%,,195000,Preapproval not requested,120
LOAN-01770,Loan originated,Not applicable,,,,305000.0,360,7.490,Conventional,Home purchase,Conventional:First Lien,Not a high-cost mortgage,No negative amortization,Fannie Mae,20%-<30%,3545.99,375000,Preapproval not requested,360
LOAN-01771,Loan originated,Not applicable,,,,385000.0,360,6.750,Conventional,Refinancing,Conventional:First Lien,Not a high-cost mortgage,No negative amortization,"Credit union, mortgage company, or finance company",42,3457.81,585000,Preapproval not requested,360
LOAN-01772,Loan originated,Not applicable,,,,265000.0,360,6.500,FHA,Home purchase,FHA:First Lien,Not a high-cost mortgage,No negative amortization,"Credit union, mortgage company, or finance company",50%-60%,10687.50,305000,Preapproval not requested,360
LOAN-01773,Loan originated,Not applicable,,,,415000.0,360,5.875,Conventional,Home purchase,Conventional:First Lien,Not a high-cost mortgage,No negative amortization,Not applicable,20%-<30%,2962.86,495000,Preapproval requested,360
LOAN-01774,Application denied,Collateral,,,,125000.0,360,,Conventional,Cash-out refinancing,Conventional:First Lien,Not applicable,No negative amortization,Not applicable,43,,425000,Preapproval not requested,360
LOAN-01775,Application denied,Debt-to-income ratio,,,,65000.0,276,,Conventional,Home purchase,Conventional:First Lien,Not applicable,No negative amortization,Not applicable,,,,Preapproval not requested,276
LOAN-01776,Application denied,Other,,,,205000.0,,,Conventional,Home improvement,Conventional:Subordinate Lien,Not applicable,No negative amortization,Not applicable,>60%,,3505000,Preapproval not requested,
LOAN-01777,Loan originated,Not applicable,,,,3455000.0,360,5.375,Conventional,Home purchase,Conventional:First Lien,Not a high-cost mortgage,No negative amortization,Not applicable,>60%,21781.75,6905000,Preapproval not requested,360
LOAN-01778,Loan originated,Not applicable,,,,405000.0,360,6.625,Conventional,Home purchase,Conventional:First Lien,Not a high-cost mortgage,No negative amortization,Fannie Mae,42,5554.65,435000,Preapproval not requested,360
LOAN-01779,Purchased loan,Not applicable,,,,55000.0,360,6.62500,FHA,Cash-out refinancing,FHA:First Lien,Not a high-cost mortgage,No negative amortization,Ginnie Mae,,4665.11,265000,Preapproval not requested,360
LOAN-01780,Loan originated,Not applicable,,,,175000.0,360,8.125,Conventional,Cash-out refinancing,Conventional:Subordinate Lien,Not a high-cost mortgage,No negative amortization,Private securitizer,36,1645.5,675000,Preapproval not requested,360
LOAN-01781,Purchased loan,Not applicable,,,,285000.0,360,7.50000,Conventional,Home purchase,Conventional:First Lien,Not a high-cost mortgage,No negative amortization,Freddie Mac,,825.00,345000,Preapproval not requested,360
LOAN-01782,Loan originated,Not applicable,,,,145000.0,360,6.625,FHA,Home purchase,FHA:First Lien,Not a high-cost mortgage,No negative amortization,"Credit union, mortgage company, or finance company",46,6880.90,145000,Preapproval not requested,360
LOAN-01783,Loan originated,Not applicable,,,,45000.0,240,8.175,Conventional,Cash-out refinancing,Conventional:Subordinate Lien,Not a high-cost mortgage,No negative amortization,Private securitizer,30%-<36%,2482.95,495000,Preapproval not requested,240
LOAN-01784,Application denied,Credit history,,,,275000.0,360,,Conventional,Cash-out refinancing,Conventional:First Lien,Not applicable,No negative amortization,Not applicable,,,455000,Preapproval not requested,360
LOAN-01785,Loan originated,Not applicable,,,,105000.0,240,10.75,Conventional,Home improvement,Conventional:Subordinate Lien,Not a high-cost mortgage,No negative amortization,Private securitizer,38,,515000,Preapproval not requested,240
LOAN-01786,Application denied,Credit history,,,,45000.0,,,Conventional,Other purpose,Conventional:Subordinate Lien,Not applicable,No negative amortization,Not applicable,49,,185000,Preapproval not requested,
LOAN-01787,Application denied,Collateral,,,,55000.0,,,Conventional,Other purpose,Conventional:Subordinate Lien,Not applicable,No negative amortization,Not applicable,>60%,,455000,Preapproval not requested,
LOAN-01788,Loan originated,Not applicable,,,,315000.0,360,5.699,FHA,Home purchase,FHA:First Lien,Not a high-cost mortgage,No negative amortization,Ginnie Mae,50%-60%,16437.61,315000,Preapproval not requested,360
LOAN-01789,Loan originated,Not applicable,,,,455000.0,180,4.750,Conventional,Home purchase,Conventional:First Lien,Not a high-cost mortgage,No negative amortization,Freddie Mac,20%-<30%,6402.56,545000,Preapproval not requested,180
LOAN-01790,Loan originated,Not applicable,,,,445000.0,360,6.125,Conventional,Home purchase,Conventional:First Lien,Not a high-cost mortgage,No negative amortization,Not applicable,20%-<30%,5302.48,525000,Preapproval not requested,360
LOAN-01791,Purchased loan,Not applicable,,,,235000.0,360,5.875,Conventional,Home purchase,Conventional:First Lien,Not a high-cost mortgage,No negative amortization,Fannie Mae,,0.00,435000,Preapproval not requested,360
LOAN-01792,Loan originated,Not applicable,,,,195000.0,360,6.75,VA,Home purchase,VA:First Lien,Not a high-cost mortgage,No negative amortization,Ginnie Mae,40,2886.68,195000,Preapproval not requested,360
LOAN-01793,Loan originated,Not applicable,,,,35000.0,360,5.990,Conventional,Other purpose,Conventional:Subordinate Lien,Not a high-cost mortgage,No negative amortization,Not applicable,30%-<36%,,465000,Preapproval not requested,360
LOAN-01794,Loan originated,Not applicable,,,,505000.0,300,8.240,Conventional,Home improvement,Conventional:Subordinate Lien,Not a high-cost mortgage,No negative amortization,Not applicable,43,,1095000,Preapproval not requested,300
LOAN-01795,Application denied,Credit history,Debt-to-income ratio,Unverifiable information,,225000.0,360,,Conventional,Refinancing,Conventional:First Lien,Not applicable,No negative amortization,Not applicable,>60%,,385000,Preapproval not requested,360
LOAN-01796,Application denied,Other,Credit history,,,75000.0,360,,Conventional,Home improvement,Conventional:First Lien,Not applicable,No negative amortization,Not applicable,<20%,,465000,Preapproval not requested,360
LOAN-01797,Application denied,Credit history,,,,335000.0,360,,VA,Cash-out refinancing,VA:First Lien,Not applicable,No negative amortization,Not applicable,>60%,,375000,Preapproval not requested,360
LOAN-01798,Loan originated,Not applicable,,,,135000.0,360,6.125,Conventional,Home purchase,Conventional:First Lien,Not a high-cost mortgage,No negative amortization,"Credit union, mortgage company, or finance company",30%-<36%,3474.66,185000,Preapproval not requested,360
LOAN-01799,Loan originated,Not applicable,,,,55000.0,120,14.250,Conventional,Other purpose,Conventional:Subordinate Lien,Not a high-cost mortgage,No negative amortization,Private securitizer,30%-<36%,,495000,Preapproval not requested,120
LOAN-01800,Loan originated,Not applicable,,,,275000.0,360,6.99,Conventional,Refinancing,Conventional:First Lien,Not a high-cost mortgage,No negative amortization,Not applicable,37,8635.18,405000,Preapproval not requested,360
LOAN-01801,Application denied,Debt-to-income ratio,,,,55000.0,120,,Conventional,Other purpose,Conventional:Subordinate Lien,Not applicable,No negative amortization,Not applicable,50%-60%,,2405000,Preapproval not requested,120
LOAN-01802,Loan originated,Not applicable,,,,165000.0,360,7.000,Conventional,Home improvement,Conventional:First Lien,Not a high-cost mortgage,No negative amortization,Fannie Mae,37,3432.21,665000,Preapproval not requested,360
LOAN-01803,Loan originated,Not applicable,,,,385000.0,360,8.250,Conventional,Cash-out refinancing,Conventional:First Lien,Not applicable,No negative amortization,Not applicable,<20%,,655000,Preapproval not requested,360
LOAN-01804,Loan originated,Not applicable,,,,205000.0,120,5.999,Conventional,Home purchase,Conventional:First Lien,Not a high-cost mortgage,No negative amortization,Freddie Mac,20%-<30%,2920,485000,Preapproval not requested,120
LOAN-01805,Application denied,Unverifiable information,,,,415000.0,317,,VA,Home purchase,VA:First Lien,Not applicable,No negative amortization,Not applicable,>60%,,465000,Preapproval not requested,317
LOAN-01806,Loan originated,Not applicable,,,,135000.0,360,5.75,Conventional,Home purchase,Conventional:First Lien,Not a high-cost mortgage,No negative amortization,Freddie Mac,30%-<36%,8491.32,265000,Preapproval not requested,360
LOAN-01807,Loan originated,1111,,,,825000.0,Exempt,Exempt,Conventional,Home purchase,Conventional:First Lien,Not a high-cost mortgage,Exempt,Not applicable,Exempt,Exempt,Exempt,Preapproval not requested,Exempt
LOAN-01808,Purchased loan,Not applicable,,,,345000.0,360,5.500,Conventional,Home purchase,Conventional:First Lien,Not a high-cost mortgage,No negative amortization,"Credit union, mortgage company, or finance company",,600.00,425000,Preapproval not requested,360
LOAN-01809,Loan originated,Not applicable,,,,35000.0,300,5.990,Conventional,Other purpose,Conventional:Subordinate Lien,Not a high-cost mortgage,No negative amortization,Not applicable,20%-<30%,,255000,Preapproval not requested,300
LOAN-01810,Loan originated,Not applicable,,,,515000.0,360,6.99,Conventional,Cash-out refinancing,Conventional:First Lien,Not applicable,No negative amortization,Private securitizer,20%-<30%,14639.95,705000,Preapproval not requested,360
LOAN-01811,Loan originated,Not applicable,,,,95000.0,300,9.65,Conventional,Other purpose,Conventional:Subordinate Lien,Not a high-cost mortgage,No negative amortization,Not applicable,50%-60%,,765000,Preapproval not requested,300
LOAN-01812,Loan originated,Not applicable,,,,155000.0,360,6.000,Conventional,Home purchase,Conventional:First Lien,Not a high-cost mortgage,No negative amortization,Affiliate institution,30%-<36%,3034.48,195000,Preapproval not requested,360
LOAN-01813,Purchased loan,Not applicable,,,,395000.0,360,7.5,Conventional,Home purchase,Conventional:First Lien,Not a high-cost mortgage,No negative amortization,Fannie Mae,,12027.85,495000,Preapproval not requested,360
LOAN-01814,Loan originated,Not applicable,,,,295000.0,360,5.625,Conventional,Home purchase,Conventional:First Lien,Not applicable,No negative amortization,Not applicable,,0.00,,Preapproval not requested,360
LOAN-01815,Loan originated,Not applicable,,,,125000.0,360,7.375,Conventional,Cash-out refinancing,Conventional:First Lien,Not a high-cost mortgage,No negative amortization,Fannie Mae,30%-<36%,3210,195000,Preapproval not requested,360
LOAN-01816,Application denied,Credit application incomplete,,,,245000.0,360,,FHA,Refinancing,FHA:First Lien,Not applicable,No negative amortization,Not applicable,38,,265000,Preapproval not requested,360
LOAN-01817,Application denied,Debt-to-income ratio,,,,35000.0,,,Conventional,Home improvement,Conventional:First Lien,Not applicable,No negative amortization,Not applicable,46,,2005000,Preapproval not requested,
LOAN-01818,Application denied,Debt-to-income ratio,Collateral,Unverifiable information,,85000.0,360,,Conventional,Home improvement,Conventional:Subordinate Lien,Not applicable,No negative amortization,Not applicable,50%-60%,,285000,Preapproval not requested,360
LOAN-01819,Loan originated,Not applicable,,,,365000.0,360,6.875,Conventional,Home purchase,Conventional:First Lien,Not a high-cost mortgage,No negative amortization,Freddie Mac,30%-<36%,2765.28,385000,Preapproval not requested,360
LOAN-01820,Application denied,Debt-to-income ratio,,,,65000.0,360,,Conventional,Other purpose,Conventional:Subordinate Lien,Not applicable,No negative amortization,Not applicable,>60%,,475000,Preapproval not requested,360
LOAN-01821,Loan originated,Not applicable,,,,305000.0,360,6.125,Conventional,Refinancing,Conventional:First Lien,Not a high-cost mortgage,No negative amortization,Freddie Mac,49,3454.75,385000,Preapproval not requested,360
LOAN-01822,Loan originated,Not applicable,,,,405000.0,360,5.625,FHA,Refinancing,FHA:First Lien,Not a high-cost mortgage,No negative amortization,Ginnie Mae,30%-<36%,16491.23,475000,Preapproval not requested,360
LOAN-01823,Application denied,Credit application incomplete,,,,565000.0,360,,VA,Cash-out refinancing,VA:First Lien,Not applicable,No negative amortization,Not applicable,50%-60%,,705000,Preapproval not requested,360
LOAN-01824,Loan originated,Not applicable,,,,345000.0,360,7.000,Conventional,Home purchase,Conventional:First Lien,Not a high-cost mortgage,No negative amortization,"Credit union, mortgage company, or finance company",30%-<36%,5087.50,1045000,Preapproval not requested,360
LOAN-01825,Loan originated,Not applicable,,,,75000.0,360,9.850,Conventional,Cash-out refinancing,Conventional:Subordinate Lien,Not a high-cost mortgage,No negative amortization,Not applicable,48,,225000,Preapproval not requested,360
LOAN-01826,Loan originated,Not applicable,,,,65000.0,360,10.670,Conventional,Refinancing,Conventional:Subordinate Lien,Not a high-cost mortgage,No negative amortization,Not applicable,20%-<30%,,1015000,Preapproval not requested,360
LOAN-01827,Purchased loan,Not applicable,,,,425000.0,360,6.625,Conventional,Home purchase,Conventional:First Lien,Not a high-cost mortgage,No negative amortization,Not applicable,,64.00,475000,Preapproval not requested,360
LOAN-01828,Purchased loan,Not applicable,,,,715000.0,360,7.375,Conventional,Cash-out refinancing,Conventional:First Lien,Not applicable,No negative amortization,Other type of purchaser,,,955000,Preapproval not requested,360
LOAN-01829,Application denied,Debt-to-income ratio,,,,35000.0,180,,Conventional,Home improvement,Conventional:Subordinate Lien,Not applicable,No negative amortization,Not applicable,>60%,,105000,Preapproval not requested,180
LOAN-01830,Loan originated,Not applicable,,,,505000.0,360,6.375,Conventional,Home purchase,Conventional:First Lien,Not a high-cost mortgage,No negative amortization,Freddie Mac,<20%,12786.79,535000,Preapproval not requested,360
LOAN-01831,Purchased loan,Not applicable,,,,455000.0,360,6.125,VA,Home purchase,VA:First Lien,Not a high-cost mortgage,No negative amortization,Ginnie Mae,,12881,465000,Preapproval not requested,360
LOAN-01832,Application denied,Credit application incomplete,,,,525000.0,360,,Conventional,Home purchase,Conventional:First Lien,Not applicable,No negative amortization,Not applicable,,,745000,Preapproval not requested,360
LOAN-01833,Application denied,Unverifiable information,,,,105000.0,360,,FHA,Other purpose,FHA:First Lien,Not applicable,No negative amortization,Not applicable,20%-<30%,,185000,Preapproval not requested,360
LOAN-01834,Loan originated,Not applicable,,,,155000.0,360,8.250,Conventional,Home improvement,Conventional:Subordinate Lien,Not a high-cost mortgage,No negative amortization,Not applicable,20%-<30%,,485000,Preapproval not requested,360
LOAN-01835,Loan originated,Not applicable,,,,25000.0,480,10.25,Conventional,Other purpose,Conventional:Subordinate Lien,Not a high-cost mortgage,No negative amortization,Not applicable,30%-<36%,,365000,Preapproval not requested,480
LOAN-01836,Application denied,Credit application incomplete,,,,105000.0,,,Conventional,Home improvement,Conventional:Subordinate Lien,Not applicable,No negative amortization,Not applicable,50%-60%,,335000,Preapproval not requested,
LOAN-01837,Purchased loan,Not applicable,,,,765000.0,360,5.999,Conventional,Home purchase,Conventional:First Lien,Not a high-cost mortgage,No negative amortization,Fannie Mae,,7565.85,955000,Preapproval not requested,360
LOAN-01838,Application denied,Debt-to-income ratio,,,,575000.0,360,,VA,Cash-out refinancing,VA:First Lien,Not applicable,No negative amortization,Not applicable,>60%,,585000,Preapproval not requested,360
LOAN-01839,Application denied,Credit application incomplete,,,,265000.0,360,,Conventional,Home purchase,Conventional:First Lien,Not applicable,No negative amortization,Not applicable,30%-<36%,,,Preapproval not requested,360
LOAN-01840,Loan originated,Not applicable,,,,605000.0,360,6.590,Conventional,Home purchase,Conventional:First Lien,Not a high-cost mortgage,No negative amortization,Freddie Mac,49,11175.4,675000,Preapproval not requested,360
LOAN-01841,Loan originated,Not applicable,,,,175000.0,360,6.250,FHA,Home purchase,FHA:First Lien,Not a high-cost mortgage,No negative amortization,"Credit union, mortgage company, or finance company",41,5543.60,205000,Preapproval not requested,360
LOAN-01842,Application denied,Debt-to-income ratio,,,,95000.0,360,,FHA,Cash-out refinancing,FHA:First Lien,Not applicable,No negative amortization,Not applicable,>60%,,115000,Preapproval not requested,360
LOAN-01843,Loan originated,Not applicable,,,,865000.0,360,5.875,Conventional,Home purchase,Conventional:First Lien,Not a high-cost mortgage,No negative amortization,Not applicable,20%-<30%,3699.48,1265000,Preapproval requested,360
LOAN-01844,Loan originated,Not applicable,,,,105000.0,360,6.250,Conventional,Home purchase,Conventional:First Lien,Not a high-cost mortgage,No negative amortization,Not applicable,47,2389.45,205000,Preapproval not requested,360
LOAN-01845,Loan originated,Not applicable,,,,455000.0,360,5.75,FHA,Home purchase,FHA:First Lien,Not a high-cost mortgage,No negative amortization,Ginnie Mae,50%-60%,12843.83,535000,Preapproval not requested,360
LOAN-01846,Loan originated,Not applicable,,,,105000.0,360,7.750,Conventional,Other purpose,Conventional:Subordinate Lien,Not a high-cost mortgage,No negative amortization,Not applicable,43,0.00,745000,Preapproval not requested,360
LOAN-01847,Loan originated,Not applicable,,,,445000.0,360,5.990,Conventional,Home purchase,Conventional:First Lien,Not a high-cost mortgage,No negative amortization,"Credit union, mortgage company, or finance company",36,4040.70,495000,Preapproval not requested,360
LOAN-01848,Application denied,Credit application incomplete,,,,125000.0,360,,Conventional,Other purpose,Conventional:Subordinate Lien,Not applicable,No negative amortization,Not applicable,30%-<36%,,,Preapproval not requested,360
LOAN-01849,Loan originated,Not applicable,,,,585000.0,360,7.375,Conventional,Home purchase,Conventional:First Lien,Not a high-cost mortgage,No negative amortization,Affiliate institution,30%-<36%,9144.58,755000,Preapproval not requested,360
LOAN-01850,Loan originated,Not applicable,,,,485000.0,360,6.999,Conventional,Home purchase,Conventional:First Lien,Not a high-cost mortgage,No negative amortization,Freddie Mac,49,4490.28,615000,Preapproval not requested,360
LOAN-01851,Application denied,Collateral,,,,625000.0,360,,Conventional,Home purchase,Conventional:First Lien,Not applicable,No negative amortization,Not applicable,43,,565000,Preapproval not requested,360
LOAN-01852,Loan originated,Not applicable,,,,175000.0,360,6.750,FHA,Home purchase,FHA:First Lien,Not a high-cost mortgage,No negative amortization,"Credit union, mortgage company, or finance company",42,8191.37,185000,Preapproval not requested,360
LOAN-01853,Application denied,Other,,,,95000.0,360,,Conventional,Refinancing,Conventional:First Lien,Not applicable,No negative amortization,Not applicable,20%-<30%,,125000,Preapproval not requested,360
LOAN-01854,Application denied,Debt-to-income ratio,,,,25000.0,240,,Conventional,Home purchase,Conventional:First Lien,Not applicable,No negative amortization,Not applicable,>60%,,,Preapproval not requested,240
LOAN-01855,Application denied,Collateral,,,,295000.0,300,,FHA,Refinancing,FHA:First Lien,Not applicable,No negative amortization,Not applicable,46,,365000,Preapproval not requested,300
LOAN-01856,Loan originated,Not applicable,,,,295000.0,360,6.625,VA,Home purchase,VA:First Lien,Not a high-cost mortgage,No negative amortization,"Credit union, mortgage company, or finance company",50%-60%,2287.31,305000,Preapproval not requested,360
LOAN-01857,Loan originated,Not applicable,,,,65000.0,360,8.875,Conventional,Cash-out refinancing,Conventional:Subordinate Lien,Not a high-cost mortgage,No negative amortization,"Credit union, mortgage company, or finance company",20%-<30%,3191.02,525000,Preapproval not requested,360
LOAN-01858,Loan originated,Not applicable,,,,325000.0,372,6.75,Conventional,Home purchase,Conventional:First Lien,Not a high-cost mortgage,No negative amortization,Not applicable,44,5530.35,355000,Preapproval not requested,372
LOAN-01859,Purchased loan,Not applicable,,,,155000.0,360,7.125,Conventional,Home purchase,Conventional:First Lien,Not a high-cost mortgage,No negative amortization,Freddie Mac,,6279.73,195000,Preapproval not requested,360
LOAN-01860,Application denied,Debt-to-income ratio,,,,35000.0,276,,Conventional,Home purchase,Conventional:First Lien,Not applicable,No negative amortization,Not applicable,50%-60%,,45000,Preapproval not requested,276
LOAN-01861,Loan originated,Not applicable,,,,385000.0,360,6.5,VA,Cash-out refinancing,VA:First Lien,Not a high-cost mortgage,No negative amortization,Ginnie Mae,20%-<30%,16458.83,405000,Preapproval not requested,360
LOAN-01862,Loan originated,Not applicable,,,,265000.0,360,7.250,VA,Home purchase,VA:First Lien,Not a high-cost mortgage,No negative amortization,Ginnie Mae,50%-60%,9976.26,255000,Preapproval not requested,360
LOAN-01863,Loan originated,Not applicable,,,,315000.0,360,6.625,Conventional,Home purchase,Conventional:First Lien,Not a high-cost mortgage,No negative amortization,Fannie Mae,44,6754.5,325000,Preapproval not requested,360
LOAN-01864,Loan originated,Not applicable,,,,455000.0,360,5.750,Conventional,Home purchase,Conventional:First Lien,Not a high-cost mortgage,No negative amortization,"Credit union, mortgage company, or finance company",36,14031.19,465000,Preapproval not requested,360
LOAN-01865,Purchased loan,Not applicable,,,,755000.0,360,6.5,Conventional,Home purchase,Conventional:First Lien,Not a high-cost mortgage,No negative amortization,Fannie Mae,,6709.82,1475000,Preapproval not requested,360
LOAN-01866,Application denied,Credit history,,,,45000.0,300,,Conventional,Home purchase,Conventional:First Lien,Not applicable,No negative amortization,Not applicable,20%-<30%,,55000,Preapproval not requested,300
LOAN-01867,Preapproval request denied,Credit application incomplete,,,,195000.0,360,,FHA,Home purchase,FHA:First Lien,Not applicable,No negative amortization,Not applicable,30%-<36%,,205000,Preapproval requested,360
LOAN-01868,Loan originated,Not applicable,,,,195000.0,360,6.375,Conventional,Home purchase,Conventional:First Lien,Not a high-cost mortgage,No negative amortization,Freddie Mac,42,9943.62,305000,Preapproval not requested,360
LOAN-01869,Loan originated,Not applicable,,,,535000.0,360,5.875,Conventional,Home purchase,Conventional:First Lien,Not a high-cost mortgage,No negative amortization,Not applicable,39,19218.16,675000,Preapproval not requested,360
LOAN-01870,Application denied,Debt-to-income ratio,Credit application incomplete,,,185000.0,360,,Conventional,Cash-out refinancing,Conventional:Subordinate Lien,Not applicable,No negative amortization,Not applicable,50%-60%,,465000,Preapproval not requested,360
LOAN-01871,Loan originated,Not applicable,,,,465000.0,300,8.65,Conventional,Home purchase,Conventional:First Lien,Not a high-cost mortgage,No negative amortization,Not applicable,>60%,,775000,Preapproval not requested,300
LOAN-01872,Loan originated,Not applicable,,,,325000.0,360,6.75,VA,Home purchase,VA:First Lien,Not a high-cost mortgage,No negative amortization,Ginnie Mae,30%-<36%,9918.23,315000,Preapproval not requested,360
LOAN-01873,Loan originated,Not applicable,,,,285000.0,360,6.125,FHA,Home purchase,FHA:First Lien,Not a high-cost mortgage,No negative amortization,Not applicable,50%-60%,7354.5,305000,Preapproval not requested,360
LOAN-01874,Loan originated,Not applicable,,,,145000.0,360,7.125,Conventional,Home purchase,Conventional:First Lien,Not a high-cost mortgage,No negative amortization,Freddie Mac,37,4005.1,155000,Preapproval not requested,360
LOAN-01875,Loan originated,Not applicable,,,,225000.0,360,7.375,Conventional,Home purchase,Conventional:First Lien,Not a high-cost mortgage,No negative amortization,Not applicable,49,1775.00,245000,Preapproval not requested,360
LOAN-01876,Loan originated,Not applicable,,,,1245000.0,360,7.125,Conventional,Home purchase,Conventional:First Lien,Not applicable,No negative amortization,Not applicable,40,6617.63,1785000,Preapproval not requested,360
LOAN-01877,Loan originated,Not applicable,,,,275000.0,372,8.525,Conventional,Home purchase,Conventional:First Lien,Not a high-cost mortgage,No negative amortization,Not applicable,37,7969.00,345000,Preapproval not requested,372
LOAN-01878,Purchased loan,Not applicable,,,,255000.0,360,5.75,FHA,Home purchase,FHA:First Lien,Not a high-cost mortgage,No negative amortization,Ginnie Mae,,7677.86,255000,Preapproval not requested,360
LOAN-01879,Application denied,1111,,,,85000.0,Exempt,Exempt,Conventional,Home improvement,Conventional:Subordinate Lien,Not applicable,Exempt,Not applicable,Exempt,Exempt,Exempt,Preapproval not requested,Exempt
LOAN-01880,Loan originated,Not applicable,,,,95000.0,180,9.74,Conventional,Other purpose,Conventional:Subordinate Lien,Not a high-cost mortgage,No negative amortization,Not applicable,40,638.18,765000,Preapproval not requested,180
LOAN-01881,Application denied,Collateral,,,,215000.0,360,,VA,Cash-out refinancing,VA:First Lien,Not applicable,No negative amortization,Not applicable,46,,195000,Preapproval not requested,360
LOAN-01882,Application denied,Credit history,,,,75000.0,240,,Conventional,Home improvement,Conventional:Subordinate Lien,Not applicable,No negative amortization,Not applicable,,,315000,Preapproval not requested,240
LOAN-01883,Loan originated,Not applicable,,,,25000.0,84,6.875,Conventional,Home improvement,Conventional:Subordinate Lien,Not a high-cost mortgage,No negative amortization,Not applicable,41,538.00,375000,Preapproval not requested,84
LOAN-01884,Loan originated,Not applicable,,,,175000.0,360,6.000,Conventional,Home purchase,Conventional:First Lien,Not a high-cost mortgage,No negative amortization,"Commercial bank, savings bank, or savings association",<20%,4194.55,215000,Preapproval not requested,360
LOAN-01885,Application denied,Credit history,Collateral,,,205000.0,240,,Conventional,Home improvement,Conventional:First Lien,Not applicable,No negative amortization,Not applicable,20%-<30%,,1245000,Preapproval not requested,240
LOAN-01886,Loan originated,Not applicable,,,,85000.0,360,5.000,Conventional,Home purchase,Conventional:First Lien,Not a high-cost mortgage,No negative amortization,Not applicable,41,3933.95,185000,Preapproval not requested,360
LOAN-01887,Purchased loan,Not applicable,,,,555000.0,360,7.125,Conventional,Home purchase,Conventional:First Lien,Not a high-cost mortgage,No negative amortization,Affiliate institution,,,735000,Preapproval not requested,360
LOAN-01888,Loan originated,Not applicable,,,,145000.0,240,5.49,Conventional,Cash-out refinancing,Conventional:First Lien,Not a high-cost mortgage,No negative amortization,Not applicable,37,,405000,Preapproval not requested,240
LOAN-01889,Application denied,Debt-to-income ratio,Credit history,,,65000.0,300,,Conventional,Home purchase,Conventional:First Lien,Not applicable,No negative amortization,Not applicable,>60%,,65000,Preapproval not requested,300
LOAN-01890,Loan originated,Not applicable,,,,405000.0,360,6.99,Conventional,Home purchase,Conventional:First Lien,Not a high-cost mortgage,No negative amortization,"Credit union, mortgage company, or finance company",36,9986.33,425000,Preapproval not requested,360
LOAN-01891,Application denied,Credit history,,,,35000.0,360,,Conventional,Other purpose,Conventional:First Lien,Not applicable,No negative amortization,Not applicable,30%-<36%,,585000,Preapproval not requested,360
LOAN-01892,Loan originated,Not applicable,,,,225000.0,360,7.125,Conventional,Home purchase,Conventional:First Lien,Not applicable,No negative amortization,"Credit union, mortgage company, or finance company",41,4799.45,305000,Preapproval not requested,360
LOAN-01893,Loan originated,Not applicable,,,,255000.0,360,5.750,VA,Refinancing,VA:First Lien,Not a high-cost mortgage,No negative amortization,Ginnie Mae,,5711.05,255000,Preapproval not requested,360
LOAN-01894,Loan originated,Not applicable,,,,245000.0,360,5.25,VA,Refinancing,VA:First Lien,Not a high-cost mortgage,No negative amortization,Ginnie Mae,,4390.1,245000,Preapproval not requested,360
LOAN-01895,Application denied,Credit history,Collateral,,,25000.0,180,,Conventional,Other purpose,Conventional:Subordinate Lien,Not applicable,No negative amortization,Not applicable,30%-<36%,,385000,Preapproval not requested,180
LOAN-01896,Application denied,Debt-to-income ratio,Credit history,,,65000.0,240,,Conventional,Home purchase,Conventional:First Lien,Not applicable,No negative amortization,Not applicable,45,,75000,Preapproval not requested,240
LOAN-01897,Loan originated,Not applicable,,,,415000.0,360,6.875,Conventional,Home purchase,Conventional:First Lien,Not a high-cost mortgage,No negative amortization,Fannie Mae,49,6691.94,495000,Preapproval not requested,360
LOAN-01898,Loan originated,Not applicable,,,,75000.0,120,9.860,Conventional,Other purpose,Conventional:Subordinate Lien,Not a high-cost mortgage,No negative amortization,Not applicable,42,0.00,665000,Preapproval not requested,120
LOAN-01899,Application denied,Debt-to-income ratio,,,,175000.0,360,,Conventional,Home improvement,Conventional:First Lien,Not applicable,No negative amortization,Not applicable,20%-<30%,,215000,Preapproval not requested,360
LOAN-01900,Purchased loan,Not applicable,,,,275000.0,360,7.625,FHA,Home purchase,FHA:First Lien,Not applicable,No negative amortization,Ginnie Mae,,10836.76,275000,Preapproval not requested,360
LOAN-01901,Loan originated,Not applicable,,,,35000.0,240,8.500,Conventional,Home improvement,Conventional:Subordinate Lien,Not a high-cost mortgage,No negative amortization,Not applicable,20%-<30%,,215000,Preapproval not requested,240
LOAN-01902,Purchased loan,Not applicable,,,,285000.0,360,7,FHA,Home purchase,FHA:First Lien,Not applicable,No negative amortization,Ginnie Mae,,10678.17,295000,Preapproval not requested,360
LOAN-01903,Loan originated,Not applicable,,,,255000.0,300,8.250,Conventional,Home improvement,Conventional:Subordinate Lien,Not a high-cost mortgage,No negative amortization,Not applicable,46,,775000,Preapproval not requested,300
LOAN-01904,Preapproval request denied,Debt-to-income ratio,"Insufficient cash (downpayment, closing costs)",,,885000.0,360,,Conventional,Home purchase,Conventional:First Lien,Not applicable,No negative amortization,Not applicable,>60%,,,Preapproval requested,360
LOAN-01905,Loan originated,Not applicable,,,,175000.0,360,6.500,Conventional,Home purchase,Conventional:First Lien,Not a high-cost mortgage,No negative amortization,"Commercial bank, savings bank, or savings association",49,5606.05,205000,Preapproval not requested,360
LOAN-01906,Loan originated,Not applicable,,,,195000.0,300,6.250,Conventional,Other purpose,Conventional:First Lien,Not a high-cost mortgage,No negative amortization,Not applicable,30%-<36%,,725000,Preapproval not requested,300
LOAN-01907,Application denied,Credit application incomplete,,,,65000.0,240,,Conventional,Cash-out refinancing,Conventional:First Lien,Not applicable,No negative amortization,Not applicable,40,,75000,Preapproval not requested,240
LOAN-01908,Loan originated,Not applicable,,,,25000.0,60,8.34,Conventional,Home improvement,Conventional:Subordinate Lien,Not a high-cost mortgage,No negative amortization,Not applicable,<20%,0.00,635000,Preapproval not requested,60
LOAN-01909,Loan originated,Not applicable,,,,445000.0,360,6.500,Conventional,Home purchase,Conventional:First Lien,Not a high-cost mortgage,No negative amortization,Not applicable,38,6002.71,555000,Preapproval not requested,360
LOAN-01910,Loan originated,Not applicable,,,,125000.0,5,8.250,Conventional,Refinancing,Conventional:First Lien,Not applicable,No negative amortization,Not applicable,,,205000,Preapproval not requested,5
LOAN-01911,Loan originated,Not applicable,,,,255000.0,360,5.375,Conventional,Home purchase,Conventional:First Lien,Not a high-cost mortgage,No negative amortization,"Credit union, mortgage company, or finance company",20%-<30%,3664.14,275000,Preapproval not requested,360
LOAN-01912,Loan originated,Not applicable,,,,635000.0,360,7.375,Conventional,Home purchase,Conventional:First Lien,Not a high-cost mortgage,No negative amortization,Not applicable,44,12561.5,1205000,Preapproval not requested,360
LOAN-01913,Application denied,Debt-to-income ratio,,,,45000.0,300,,Conventional,Other purpose,Conventional:Subordinate Lien,Not applicable,No negative amortization,Not applicable,50%-60%,,375000,Preapproval not requested,300
LOAN-01914,Loan originated,Not applicable,,,,525000.0,180,5.124,Conventional,Home purchase,Conventional:First Lien,Not a high-cost mortgage,No negative amortization,Freddie Mac,49,1313.55,655000,Preapproval not requested,180
LOAN-01915,Loan originated,Not applicable,,,,285000.0,360,6.625,FHA,Home purchase,FHA:First Lien,Not a high-cost mortgage,No negative amortization,"Credit union, mortgage company, or finance company",50%-60%,10397.34,375000,Preapproval not requested,360
LOAN-01916,Loan originated,Not applicable,,,,585000.0,360,9.500,Conventional,Cash-out refinancing,Conventional:First Lien,Not a high-cost mortgage,No negative amortization,Private securitizer,,26637.60,,Preapproval not requested,360
LOAN-01917,Loan originated,Not applicable,,,,305000.0,360,6.125,VA,Cash-out refinancing,VA:First Lien,Not a high-cost mortgage,No negative amortization,"Credit union, mortgage company, or finance company",50%-60%,4573.52,635000,Preapproval not requested,360
LOAN-01918,Loan originated,Not applicable,,,,95000.0,120,8.000,Conventional,Home improvement,Conventional:First Lien,Not a high-cost mortgage,No negative amortization,Not applicable,30%-<36%,,195000,Preapproval not requested,120
LOAN-01919,Loan originated,Not applicable,,,,65000.0,300,7.5,Conventional,Home purchase,Conventional:First Lien,Not applicable,No negative amortization,Not applicable,,,95000,Preapproval not requested,300
LOAN-01920,Loan originated,Not applicable,,,,225000.0,360,6.625,Conventional,Home purchase,Conventional:First Lien,Not a high-cost mortgage,No negative amortization,Freddie Mac,42,4112.16,235000,Preapproval not requested,360
LOAN-01921,Loan originated,Not applicable,,,,145000.0,240,10.85,Conventional,Other purpose,Conventional:Subordinate Lien,Not applicable,No negative amortization,Not applicable,44,0.00,325000,Preapproval not requested,240
LOAN-01922,Loan originated,Not applicable,,,,185000.0,360,5.99,Conventional,Other purpose,Conventional:Subordinate Lien,Not a high-cost mortgage,No negative amortization,Not applicable,37,,435000,Preapproval not requested,360
LOAN-01923,Loan originated,Not applicable,,,,325000.0,360,6.250,FHA,Home purchase,FHA:First Lien,Not a high-cost mortgage,No negative amortization,"Credit union, mortgage company, or finance company",45,12357.10,335000,Preapproval not requested,360
LOAN-01924,Application denied,Debt-to-income ratio,Credit history,,,365000.0,360,,VA,Cash-out refinancing,VA:First Lien,Not applicable,No negative amortization,Not applicable,50%-60%,,415000,Preapproval not requested,360
LOAN-01925,Loan originated,Not applicable,,,,1045000.0,360,7.5,Conventional,Cash-out refinancing,Conventional:First Lien,Not applicable,No negative amortization,"Commercial bank, savings bank, or savings association",20%-<30%,,1705000,Preapproval not requested,360
LOAN-01926,Application denied,Collateral,,,,105000.0,480,,Conventional,Home purchase,Conventional:First Lien,Not applicable,No negative amortization,Not applicable,20%-<30%,,155000,Preapproval not requested,480
LOAN-01927,Loan originated,Not applicable,,,,475000.0,360,6.875,Conventional,Home purchase,Conventional:First Lien,Not a high-cost mortgage,No negative amortization,Fannie Mae,38,11195.43,505000,Preapproval not requested,360
LOAN-01928,Purchased loan,Not applicable,,,,25000.0,360,11.1,Conventional,Other purpose,Conventional:Subordinate Lien,Not a high-cost mortgage,No negative amortization,Private securitizer,,,445000,Preapproval not requested,360
LOAN-01929,Application denied,Credit application incomplete,,,,55000.0,240,,Conventional,Other purpose,Conventional:Subordinate Lien,Not applicable,No negative amortization,Not applicable,>60%,,565000,Preapproval not requested,240
LOAN-01930,Application denied,Credit history,,,,85000.0,240,,Conventional,Cash-out refinancing,Conventional:Subordinate Lien,Not applicable,No negative amortization,Not applicable,39,,565000,Preapproval not requested,240
LOAN-01931,Purchased loan,Not applicable,,,,425000.0,360,5.875,Conventional,Home purchase,Conventional:First Lien,Not a high-cost mortgage,No negative amortization,Fannie Mae,,4996.95,535000,Preapproval not requested,360
LOAN-01932,Loan originated,Not applicable,,,,255000.0,240,7.750,Conventional,Cash-out refinancing,Conventional:Subordinate Lien,Not a high-cost mortgage,No negative amortization,Not applicable,30%-<36%,,705000,Preapproval not requested,240
LOAN-01933,Application denied,Credit history,,,,185000.0,300,,Conventional,Home purchase,Conventional:First Lien,Not applicable,No negative amortization,Not applicable,30%-<36%,,195000,Preapproval not requested,300
LOAN-01934,Application denied,Credit history,,,,115000.0,300,,Conventional,Home purchase,Conventional:First Lien,Not applicable,No negative amortization,Not applicable,36,,115000,Preapproval not requested,300
LOAN-01935,Loan originated,Not applicable,,,,185000.0,360,7.625,Conventional,Home purchase,Conventional:First Lien,Not a high-cost mortgage,No negative amortization,Fannie Mae,37,894.90,305000,Preapproval not requested,360
LOAN-01936,Loan originated,Not applicable,,,,155000.0,360,8.790,Conventional,Home purchase,Conventional:Subordinate Lien,Not a high-cost mortgage,No negative amortization,Not applicable,41,,515000,Preapproval not requested,360
LOAN-01937,Loan originated,Not applicable,,,,635000.0,360,6.490,Conventional,Home purchase,Conventional:First Lien,Not a high-cost mortgage,No negative amortization,"Credit union, mortgage company, or finance company",40,700.00,795000,Preapproval not requested,360
LOAN-01938,Loan originated,Not applicable,,,,675000.0,360,6.250,FHA,Home purchase,FHA:First Lien,Not a high-cost mortgage,No negative amortization,"Credit union, mortgage company, or finance company",50%-60%,19916.38,695000,Preapproval not requested,360
LOAN-01939,Loan originated,Not applicable,,,,665000.0,360,7.500,Conventional,Home purchase,Conventional:First Lien,Not a high-cost mortgage,No negative amortization,Not applicable,42,5780.84,825000,Preapproval not requested,360
LOAN-01940,Application denied,Debt-to-income ratio,,,,135000.0,360,,Conventional,Home improvement,Conventional:Subordinate Lien,Not applicable,No negative amortization,Not applicable,46,,615000,Preapproval not requested,360
LOAN-01941,Loan originated,Not applicable,,,,255000.0,360,5.75,FHA,Home purchase,FHA:First Lien,Not a high-cost mortgage,No negative amortization,Other type of purchaser,43,6912.44,255000,Preapproval not requested,360
LOAN-01942,Application denied,Debt-to-income ratio,Other,,,85000.0,360,,Conventional,Other purpose,Conventional:First Lien,Not applicable,No negative amortization,Not applicable,>60%,,265000,Preapproval not requested,360
LOAN-01943,Loan originated,Not applicable,,,,55000.0,,7.5,Conventional,Other purpose,Conventional:Subordinate Lien,Not a high-cost mortgage,No negative amortization,Not applicable,30%-<36%,,545000,Preapproval not requested,
LOAN-01944,Application denied,"Insufficient cash (downpayment, closing costs)",,,,195000.0,300,,Conventional,Home purchase,Conventional:First Lien,Not applicable,No negative amortization,Not applicable,45,,195000,Preapproval not requested,300
LOAN-01945,Purchased loan,Not applicable,,,,745000.0,360,6.125,VA,Home purchase,VA:First Lien,Not a high-cost mortgage,No negative amortization,Ginnie Mae,,8890.00,755000,Preapproval not requested,360
LOAN-01946,Loan originated,Not applicable,,,,435000.0,360,4.5,FHA,Home purchase,FHA:First Lien,Not a high-cost mortgage,No negative amortization,"Credit union, mortgage company, or finance company",48,10591.21,455000,Preapproval not requested,360
LOAN-01947,Application denied,Debt-to-income ratio,,,,115000.0,360,,Conventional,Cash-out refinancing,Conventional:First Lien,Not applicable,No negative amortization,Not applicable,>60%,,255000,Preapproval not requested,360
LOAN-01948,Loan originated,Not applicable,,,,25000.0,182,14.240,Conventional,Other purpose,Conventional:Subordinate Lien,Not a high-cost mortgage,No negative amortization,Not applicable,44,,505000,Preapproval not requested,182
LOAN-01949,Loan originated,1111,,,,465000.0,Exempt,Exempt,Conventional,Home purchase,Conventional:First Lien,Not a high-cost mortgage,Exempt,"Credit union, mortgage company, or finance company",Exempt,Exempt,Exempt,Preapproval not requested,Exempt
LOAN-01950,Loan originated,Not applicable,,,,225000.0,360,5.99,Conventional,Home purchase,Conventional:First Lien,Not a high-cost mortgage,No negative amortization,Freddie Mac,49,9416.3,475000,Preapproval not requested,360
LOAN-01951,Purchased loan,Not applicable,,,,285000.0,360,6.125,Conventional,Home purchase,Conventional:First Lien,Not a high-cost mortgage,No negative amortization,Freddie Mac,,3316.75,355000,Preapproval not requested,360
LOAN-01952,Loan originated,Not applicable,,,,205000.0,360,6.625,Conventional,Home purchase,Conventional:First Lien,Not a high-cost mortgage,No negative amortization,"Credit union, mortgage company, or finance company",46,4279.5,675000,Preapproval not requested,360
LOAN-01953,Loan originated,Not applicable,,,,85000.0,240,3.99,Conventional,Refinancing,Conventional:First Lien,Not a high-cost mortgage,No negative amortization,Not applicable,49,0,125000,Preapproval not requested,240
LOAN-01954,Loan originated,Not applicable,,,,145000.0,360,7.000,Conventional,Home purchase,Conventional:First Lien,Not a high-cost mortgage,No negative amortization,Freddie Mac,<20%,3018.20,605000,Preapproval not requested,360
LOAN-01955,Loan originated,Not applicable,,,,125000.0,360,7.75,Conventional,Other purpose,Conventional:First Lien,Not a high-cost mortgage,No negative amortization,Fannie Mae,37,7644.45,395000,Preapproval not requested,360
LOAN-01956,Loan originated,Not applicable,,,,295000.0,360,7.000,Conventional,Home purchase,Conventional:First Lien,Not a high-cost mortgage,No negative amortization,Freddie Mac,30%-<36%,2791.68,315000,Preapproval not requested,360
LOAN-01957,Loan originated,Not applicable,,,,125000.0,360,7.25,FHA,Cash-out refinancing,FHA:First Lien,Not a high-cost mortgage,No negative amortization,Ginnie Mae,20%-<30%,7932.51,245000,Preapproval not requested,360
LOAN-01958,Loan originated,Not applicable,,,,305000.0,360,7.5,Conventional,Home purchase,Conventional:First Lien,Not applicable,No negative amortization,Freddie Mac,<20%,,435000,Preapproval not requested,360
LOAN-01959,Loan originated,Not applicable,,,,525000.0,360,5.99,VA,Refinancing,VA:First Lien,Not a high-cost mortgage,No negative amortization,Not applicable,,1869.82,555000,Preapproval not requested,360
LOAN-01960,Application denied,Credit history,,,,55000.0,300,,Conventional,Home purchase,Conventional:First Lien,Not applicable,No negative amortization,Not applicable,36,,55000,Preapproval not requested,300
LOAN-01961,Application denied,Debt-to-income ratio,,,,405000.0,360,,FHA,Cash-out refinancing,FHA:First Lien,Not applicable,No negative amortization,Not applicable,>60%,,525000,Preapproval not requested,360
LOAN-01962,Loan originated,Not applicable,,,,1405000.0,180,6.250,Conventional,Home purchase,Conventional:First Lien,Not a high-cost mortgage,No negative amortization,"Credit union, mortgage company, or finance company",20%-<30%,8268.00,2225000,Preapproval not requested,180
LOAN-01963,Application denied,Debt-to-income ratio,,,,45000.0,240,,Conventional,Refinancing,Conventional:Subordinate Lien,Not applicable,No negative amortization,Not applicable,42,,175000,Preapproval not requested,240
LOAN-01964,Loan originated,Not applicable,,,,285000.0,360,6.250,FHA,Home purchase,FHA:First Lien,Not a high-cost mortgage,No negative amortization,"Credit union, mortgage company, or finance company",48,10895.20,345000,Preapproval not requested,360
LOAN-01965,Loan originated,1111,,,,85000.0,360,8.16500000,Conventional,Home purchase,Conventional:First Lien,Not applicable,No negative amortization,Private securitizer,,,125000,Preapproval not requested,360
LOAN-01966,Loan originated,Not applicable,,,,105000.0,360,5.49,Conventional,Other purpose,Conventional:Subordinate Lien,Not a high-cost mortgage,No negative amortization,Not applicable,41,,615000,Preapproval not requested,360
LOAN-01967,Loan originated,Not applicable,,,,335000.0,360,6.875,Conventional,Home purchase,Conventional:First Lien,Not a high-cost mortgage,No negative amortization,"Commercial bank, savings bank, or savings association",36,11743.10,415000,Preapproval not requested,360
LOAN-01968,Loan originated,Not applicable,,,,865000.0,360,5.750,VA,Cash-out refinancing,VA:First Lien,Not a high-cost mortgage,No negative amortization,Ginnie Mae,>60%,29166.65,1025000,Preapproval not requested,360
LOAN-01969,Loan originated,Not applicable,,,,125000.0,240,10.000,Conventional,Home purchase,Conventional:Subordinate Lien,Not a high-cost mortgage,No negative amortization,Not applicable,<20%,2406.06,995000,Preapproval not requested,240
LOAN-01970,Loan originated,Not applicable,,,,35000.0,300,6.990,Conventional,Home improvement,Conventional:First Lien,Not a high-cost mortgage,No negative amortization,Not applicable,<20%,,625000,Preapproval not requested,300
LOAN-01971,Loan originated,Not applicable,,,,105000.0,360,6.99,Conventional,Home improvement,Conventional:First Lien,Not a high-cost mortgage,No negative amortization,Fannie Mae,36,3689.5,235000,Preapproval not requested,360
LOAN-01972,Purchased loan,Not applicable,,,,505000.0,360,6.5,FHA,Home purchase,FHA:First Lien,Not a high-cost mortgage,No negative amortization,Ginnie Mae,,24703.23,585000,Preapproval not requested,360
LOAN-01973,Application denied,Credit application incomplete,,,,205000.0,360,,VA,Home purchase,VA:First Lien,Not applicable,No negative amortization,Not applicable,20%-<30%,,,Preapproval not requested,360
LOAN-01974,Loan originated,Not applicable,,,,275000.0,360,5.75,VA,Refinancing,VA:First Lien,Not a high-cost mortgage,No negative amortization,Ginnie Mae,,3693.85,305000,Preapproval not requested,360
LOAN-01975,Loan originated,Not applicable,,,,845000.0,360,6.125,Conventional,Home purchase,Conventional:First Lien,Not a high-cost mortgage,No negative amortization,Not applicable,<20%,8312.53,1055000,Preapproval not requested,360
LOAN-01976,Loan originated,Not applicable,,,,195000.0,360,7.125,Conventional,Home purchase,Conventional:First Lien,Not a high-cost mortgage,No negative amortization,Freddie Mac,42,0,205000,Preapproval requested,360
LOAN-01977,Loan originated,Not applicable,,,,765000.0,360,6.99,Conventional,Home purchase,Conventional:First Lien,Not a high-cost mortgage,No negative amortization,"Credit union, mortgage company, or finance company",46,14102,1275000,Preapproval not requested,360
LOAN-01978,Application denied,Debt-to-income ratio,,,,515000.0,360,,FHA,Home purchase,FHA:First Lien,Not applicable,No negative amortization,Not applicable,>60%,,525000,Preapproval not requested,360
LOAN-01979,Purchased loan,Not applicable,,,,105000.0,360,6.5,Conventional,Home purchase,Conventional:First Lien,Not a high-cost mortgage,No negative amortization,Fannie Mae,,2520.84,125000,Preapproval not requested,360
LOAN-01980,Loan originated,Not applicable,,,,535000.0,360,5.875,VA,Home purchase,VA:First Lien,Not a high-cost mortgage,No negative amortization,Not applicable,39,20005.1,535000,Preapproval not requested,360
LOAN-01981,Application denied,Credit history,,,,105000.0,360,,Conventional,Other purpose,Conventional:First Lien,Not applicable,No negative amortization,Not applicable,20%-<30%,,,Preapproval not requested,360
LOAN-01982,Application denied,Credit history,,,,25000.0,60,,Conventional,Home improvement,Conventional:First Lien,Not applicable,No negative amortization,Not applicable,20%-<30%,,215000,Preapproval not requested,60
LOAN-01983,Loan originated,Not applicable,,,,255000.0,360,7.375,Conventional,Home purchase,Conventional:First Lien,Not a high-cost mortgage,No negative amortization,Other type of purchaser,47,4801.94,265000,Preapproval not requested,360
LOAN-01984,Purchased loan,Not applicable,,,,215000.0,360,5.625,VA,Home purchase,VA:First Lien,Not a high-cost mortgage,No negative amortization,Ginnie Mae,,4802.3,425000,Preapproval not requested,360
LOAN-01985,Application denied,Credit application incomplete,,,,25000.0,360,,Conventional,Home improvement,Conventional:First Lien,Not applicable,No negative amortization,Not applicable,<20%,,,Preapproval not requested,360
LOAN-01986,Purchased loan,Not applicable,,,,105000.0,360,6.125,Conventional,Home purchase,Conventional:First Lien,Not a high-cost mortgage,No negative amortization,Freddie Mac,,2437.95,115000,Preapproval not requested,360
LOAN-01987,Loan originated,1111,,,,45000.0,Exempt,Exempt,Conventional,Home improvement,Conventional:Subordinate Lien,Not a high-cost mortgage,Exempt,Not applicable,Exempt,Exempt,Exempt,Preapproval not requested,Exempt
LOAN-01988,Loan originated,Not applicable,,,,105000.0,,4.5,Conventional,Refinancing,Conventional:First Lien,Not applicable,No negative amortization,Not applicable,<20%,,235000,Preapproval not requested,
LOAN-01989,Loan originated,Not applicable,,,,75000.0,12,7.900,Conventional,Home purchase,Conventional:First Lien,Not applicable,No negative amortization,Not applicable,,,115000,Preapproval not requested,12
LOAN-01990,Preapproval request denied,1111,,,,155000.0,Exempt,Exempt,Conventional,Home purchase,Conventional:First Lien,Not applicable,Exempt,Not applicable,Exempt,Exempt,Exempt,Preapproval requested,Exempt
LOAN-01991,Loan originated,Not applicable,,,,105000.0,300,6.700,Conventional,Home improvement,Conventional:Subordinate Lien,Not a high-cost mortgage,No negative amortization,Not applicable,41,,205000,Preapproval not requested,300
LOAN-01992,Application denied,Debt-to-income ratio,,,,105000.0,480,,Conventional,Refinancing,Conventional:Subordinate Lien,Not applicable,No negative amortization,Not applicable,>60%,,355000,Preapproval not requested,480
LOAN-01993,Loan originated,Not applicable,,,,195000.0,300,9.000,Conventional,Home purchase,Conventional:First Lien,Not a high-cost mortgage,No negative amortization,Private securitizer,20%-<30%,,215000,Preapproval not requested,300
LOAN-01994,Application denied,Unverifiable information,,,,55000.0,360,,Conventional,Cash-out refinancing,Conventional:Subordinate Lien,Not applicable,No negative amortization,Not applicable,20%-<30%,,805000,Preapproval not requested,360
LOAN-01995,Application denied,Collateral,,,,105000.0,240,,Conventional,Cash-out refinancing,Conventional:Subordinate Lien,Not applicable,No negative amortization,Not applicable,30%-<36%,,315000,Preapproval not requested,240
LOAN-01996,Loan originated,Not applicable,,,,355000.0,120,8,Conventional,Home improvement,Conventional:Subordinate Lien,Not a high-cost mortgage,No negative amortization,Not applicable,20%-<30%,,645000,Preapproval not requested,120
LOAN-01997,Loan originated,Not applicable,,,,765000.0,360,7.875,Conventional,Home purchase,Conventional:First Lien,Not a high-cost mortgage,No negative amortization,"Credit union, mortgage company, or finance company",41,11288.1,955000,Preapproval not requested,360
LOAN-01998,Loan originated,Not applicable,,,,255000.0,360,6.375,FHA,Home purchase,FHA:First Lien,Not a high-cost mortgage,No negative amortization,Ginnie Mae,43,10021.63,265000,Preapproval not requested,360
LOAN-01999,Loan originated,Not applicable,,,,305000.0,360,7.625,Conventional,Home purchase,Conventional:First Lien,Not a high-cost mortgage,No negative amortization,Fannie Mae,45,7836.73,315000,Preapproval not requested,360
LOAN-02000,Application denied,"Insufficient cash (downpayment, closing costs)",,,,85000.0,,,FHA,Refinancing,FHA:First Lien,Not applicable,No negative amortization,Not applicable,,,195000,Preapproval not requested,
LOAN-02001,Loan originated,Not applicable,,,,395000.0,360,6.000,Conventional,Home purchase,Conventional:First Lien,Not a high-cost mortgage,No negative amortization,Not applicable,43,2182.25,495000,Preapproval not requested,360
